target_population,comparison_sample,model,model_label,algorithm,cycle,n,events,weight_variable,classification_threshold,classification_threshold_type,survey_weighted_AUROC,survey_weighted_PR_AUC,unweighted_AUROC,unweighted_PR_AUC,weighted_Brier,weighted_log_loss,unweighted_Brier,unweighted_log_loss,calibration_intercept,calibration_slope,observed_expected_ratio,weighted_observed_prevalence,weighted_mean_predicted_probability,calibration_in_the_large,sensitivity,specificity,PPV,NPV,F1,imbalance_setting
MEC examination sample,core MEC target sample,model0_core,Model 0 core clinical,elastic_net,2005-2006,4448,533,combined_mec_weight,0.5,fixed_0.50,0.8474229053381095,0.3786393492735861,0.8403806018608374,0.4107594812875667,0.066040311259483,0.2288318031367081,0.084929334367036,0.2809971865809485,0.1059471704405748,0.9947416253587597,1.0890551153797492,0.0895836535532119,0.0822581449626399,0.0933245826363378,0.1388367729831144,0.9849297573435504,0.556390977443609,0.8936268829663963,0.2222222222222222,main_observed_class_distribution
fasting subsample,combined comparison sample,model0_paired_combined,Model 0 paired combined sample,elastic_net,2005-2006,1836,216,combined_fasting_weight,0.5,fixed_0.50,0.830225902612651,0.3544536475460009,0.8269690214906263,0.3869835825344705,0.0718397008640176,0.2480434261685496,0.0861975745293495,0.2858711712471644,-0.0374520110084037,0.9169226161188448,1.0833907616693392,0.0951024285360095,0.0877822037078027,0.0881527337357299,0.1435185185185185,0.9796296296296296,0.484375,0.8955981941309256,0.2214285714285714,main_observed_class_distribution
fasting subsample,metabolic comparison sample,model0_paired_metabolic,Model 0 paired metabolic sample,elastic_net,2005-2006,1836,216,combined_fasting_weight,0.5,fixed_0.50,0.830225902612651,0.3544536475460009,0.8269690214906263,0.3869835825344705,0.0718397008640176,0.2480434261685496,0.0861975745293495,0.2858711712471644,-0.0374520110084037,0.9169226161188448,1.0833907616693392,0.0951024285360095,0.0877822037078027,0.0881527337357299,0.1435185185185185,0.9796296296296296,0.484375,0.8955981941309256,0.2214285714285714,main_observed_class_distribution
MEC examination sample,renal comparison sample,model1_renal,Model 1 renal,elastic_net,2005-2006,4448,533,combined_mec_weight,0.5,fixed_0.50,0.8520647107523535,0.4033235315482322,0.8474132539733885,0.4305791254478985,0.0645185977711126,0.2246981217250436,0.0830796444465838,0.2757605522742195,0.0968682150259738,1.0125363301634651,1.0559820247248122,0.0895836535532119,0.0848344493141892,0.0596741232724786,0.2007504690431519,0.9787994891443168,0.5631578947368421,0.8999530295913575,0.2959889349930844,main_observed_class_distribution
fasting subsample,metabolic comparison sample,model2_metabolic,Model 2 metabolic,elastic_net,2005-2006,1836,216,combined_fasting_weight,0.5,fixed_0.50,0.8335930340950878,0.3594793948013806,0.8286951303155009,0.3892824905152484,0.0715697419678709,0.2464958517764029,0.0860243693909577,0.2849562327554032,-0.0254330373707612,0.9269292456119134,1.077886086955794,0.0951024285360095,0.0882305001306783,0.0825672563425534,0.1574074074074074,0.980246913580247,0.5151515151515151,0.8971751412429378,0.2411347517730496,main_observed_class_distribution
MEC examination sample,inflammatory comparison sample,model3_inflammatory,Model 3 inflammatory,elastic_net,2005-2006,4448,533,combined_mec_weight,0.5,fixed_0.50,0.8503731590268355,0.3856040580783287,0.8430858366939107,0.4178912197252484,0.0656984139553872,0.227437340766016,0.0844757901690699,0.2792959543295457,0.1334182326801458,1.0056286794560052,1.0953230427865517,0.0895836535532119,0.0817874271368445,0.0995762422238795,0.148217636022514,0.983397190293742,0.5486111111111112,0.8945167286245354,0.2333825701624815,main_observed_class_distribution
fasting subsample,combined comparison sample,model4_combined,Model 4 combined biomarkers,elastic_net,2005-2006,1836,216,combined_fasting_weight,0.5,fixed_0.50,0.8451013471090172,0.404650308642782,0.8406492912665753,0.4283359283247219,0.0690984195669556,0.2385588186297432,0.0834736844487471,0.2768791780310097,0.0186458212947058,0.9781258590066751,1.040913317663435,0.0951024285360095,0.0913644075084833,0.0442208866913573,0.2175925925925926,0.974074074074074,0.5280898876404494,0.9032627361190612,0.3081967213114754,main_observed_class_distribution
MEC examination sample,core MEC target sample,model0_core,Model 0 core clinical,elastic_net,2007-2008,5649,677,combined_mec_weight,0.5,fixed_0.50,0.8514446387537717,0.3834977291103685,0.8263237200702069,0.3848193697253642,0.0637631743193121,0.2209777548028648,0.0875244533756361,0.2890923557038873,0.0694536225810107,1.024926712868579,1.0198980945330094,0.086286136260994,0.0846027036657056,0.021543426590644,0.1299852289512555,0.9827031375703942,0.5057471264367817,0.8924200913242009,0.2068155111633372,main_observed_class_distribution
fasting subsample,combined comparison sample,model0_paired_combined,Model 0 paired combined sample,elastic_net,2007-2008,2337,288,combined_fasting_weight,0.5,fixed_0.50,0.8547133606527315,0.3902798756387979,0.8213508622092076,0.386062643623927,0.0654933956191298,0.2250478887090229,0.0900653675958754,0.2973048174203326,0.0853609644835705,1.0347236697885025,1.01964207165423,0.0895634391907447,0.0878381166103123,0.0213449119822239,0.1458333333333333,0.9795021961932652,0.5,0.8908122503328895,0.2258064516129032,main_observed_class_distribution
fasting subsample,metabolic comparison sample,model0_paired_metabolic,Model 0 paired metabolic sample,elastic_net,2007-2008,2337,288,combined_fasting_weight,0.5,fixed_0.50,0.8547133606527315,0.3902798756387979,0.8213508622092076,0.386062643623927,0.0654933956191298,0.2250478887090229,0.0900653675958754,0.2973048174203326,0.0853609644835705,1.0347236697885025,1.01964207165423,0.0895634391907447,0.0878381166103123,0.0213449119822239,0.1458333333333333,0.9795021961932652,0.5,0.8908122503328895,0.2258064516129032,main_observed_class_distribution
MEC examination sample,renal comparison sample,model1_renal,Model 1 renal,elastic_net,2007-2008,5649,677,combined_mec_weight,0.5,fixed_0.50,0.8552307926018757,0.4059340655055275,0.8322701664030536,0.4132783226682524,0.0627113308031534,0.2180707114428954,0.0857601725514906,0.2845606001640588,0.0763921696115875,1.0265159442157998,1.0224617342438926,0.086286136260994,0.0843905775356985,0.0242856004902956,0.1683899556868537,0.9810941271118262,0.5480769230769231,0.8965263738283403,0.2576271186440678,main_observed_class_distribution
fasting subsample,metabolic comparison sample,model2_metabolic,Model 2 metabolic,elastic_net,2007-2008,2337,288,combined_fasting_weight,0.5,fixed_0.50,0.8554676702429903,0.3859634558729906,0.82301495309365,0.3830928018256542,0.0655070241213217,0.2247586383272234,0.0900942578009979,0.2967648050840384,0.0719632254390391,1.0299380556321265,1.015876515564359,0.0895634391907447,0.0881637067286556,0.0172880513138196,0.1388888888888889,0.9790141532454856,0.4819277108433735,0.8899733806566105,0.215633423180593,main_observed_class_distribution
MEC examination sample,inflammatory comparison sample,model3_inflammatory,Model 3 inflammatory,elastic_net,2007-2008,5649,677,combined_mec_weight,0.5,fixed_0.50,0.8523016964006225,0.3909560056132549,0.8281020687786613,0.3925149993258485,0.0634816999267941,0.2202997177817572,0.0869978448179708,0.287807129386261,0.0949097013268789,1.0341110403812857,1.0269397675080116,0.086286136260994,0.0840225872938754,0.0290575229347105,0.1403249630723781,0.9841110217216412,0.5459770114942529,0.8936986301369862,0.2232667450058754,main_observed_class_distribution
fasting subsample,combined comparison sample,model4_combined,Model 4 combined biomarkers,elastic_net,2007-2008,2337,288,combined_fasting_weight,0.5,fixed_0.50,0.8642817161431804,0.4096419818191604,0.833040168645952,0.4142936504373781,0.0644049298831458,0.2206142757945057,0.0878340518298711,0.290261554484826,0.0503961547853145,1.0221725867461977,1.009167852672941,0.0895634391907447,0.0887497941531944,0.0100193706005944,0.1979166666666666,0.9755978526110298,0.5327102803738317,0.8964125560538116,0.2886075949367088,main_observed_class_distribution
MEC examination sample,core MEC target sample,model0_core,Model 0 core clinical,elastic_net,2009-2010,5990,646,combined_mec_weight,0.5,fixed_0.50,0.8452409522165378,0.3504824106346944,0.8387480070818115,0.3891991339382807,0.0623007376253395,0.2168392376360465,0.0789518763561067,0.2638979836885712,-0.1685420313155046,0.9537351286056378,0.9347370564011256,0.0810749535580189,0.0867355723225196,-0.0736691077439761,0.1656346749226006,0.9812874251497006,0.5169082125603864,0.906795780736642,0.2508792497069168,main_observed_class_distribution
fasting subsample,combined comparison sample,model0_paired_combined,Model 0 paired combined sample,elastic_net,2009-2010,2594,273,combined_fasting_weight,0.5,fixed_0.50,0.8388950285425559,0.3564907202123714,0.8395332945095979,0.399034408949386,0.062502542600401,0.2194161776973696,0.0765789713068165,0.2585322099943034,-0.1676307334190422,0.9693975315895428,0.9162007365482964,0.0815187617743325,0.0889747830605847,-0.0956706941416105,0.1831501831501831,0.984489444205084,0.5813953488372093,0.9110845295055822,0.2785515320334261,main_observed_class_distribution
fasting subsample,metabolic comparison sample,model0_paired_metabolic,Model 0 paired metabolic sample,elastic_net,2009-2010,2594,273,combined_fasting_weight,0.5,fixed_0.50,0.8388950285425559,0.3564907202123714,0.8395332945095979,0.399034408949386,0.062502542600401,0.2194161776973696,0.0765789713068165,0.2585322099943034,-0.1676307334190422,0.9693975315895428,0.9162007365482964,0.0815187617743325,0.0889747830605847,-0.0956706941416105,0.1831501831501831,0.984489444205084,0.5813953488372093,0.9110845295055822,0.2785515320334261,main_observed_class_distribution
MEC examination sample,renal comparison sample,model1_renal,Model 1 renal,elastic_net,2009-2010,5990,646,combined_mec_weight,0.5,fixed_0.50,0.8489547476461933,0.3518287682937038,0.8440573381101575,0.3970602161919735,0.0620188370193427,0.2154721480397461,0.0782782113862253,0.2614520624759567,-0.1760532850015128,0.938582136380677,0.949270694925787,0.0810749535580189,0.0854076229166194,-0.0567873613933582,0.1857585139318885,0.9782934131736528,0.5084745762711864,0.9085853319429962,0.2721088435374149,main_observed_class_distribution
fasting subsample,metabolic comparison sample,model2_metabolic,Model 2 metabolic,elastic_net,2009-2010,2594,273,combined_fasting_weight,0.5,fixed_0.50,0.840967731839454,0.3576649123618454,0.8413971494540214,0.4013898551918505,0.0622403745778614,0.2184137106748788,0.0762763065988571,0.2574864065806496,-0.1427029267267956,0.9787573198908772,0.922651058795174,0.0815187617743325,0.088352753727701,-0.0879725211277442,0.1684981684981685,0.984920292977165,0.5679012345679012,0.9096697174691604,0.2598870056497175,main_observed_class_distribution
MEC examination sample,inflammatory comparison sample,model3_inflammatory,Model 3 inflammatory,elastic_net,2009-2010,5990,646,combined_mec_weight,0.5,fixed_0.50,0.8453963796194611,0.3533731473939627,0.8389661273428375,0.3895922256967327,0.0621868487311408,0.216615021269987,0.0788816554729877,0.263714680851154,-0.1600087521752382,0.9538202882220408,0.9409161023025552,0.0810749535580189,0.0861659752231012,-0.0664568976944508,0.1780185758513932,0.9825973053892216,0.5528846153846154,0.9081632653061223,0.2693208430913348,main_observed_class_distribution
fasting subsample,combined comparison sample,model4_combined,Model 4 combined biomarkers,elastic_net,2009-2010,2594,273,combined_fasting_weight,0.5,fixed_0.50,0.8441243752992496,0.3599028239120698,0.8466083679353821,0.4044939224984253,0.0619411713842191,0.2171004513656641,0.0757485585127349,0.2550047952869043,-0.1610416261780582,0.9569613279676352,0.9369941689771438,0.0815187617743325,0.087000287166484,-0.0710641316849463,0.1868131868131868,0.980180956484274,0.5257731958762887,0.9110933119743692,0.2756756756756756,main_observed_class_distribution
MEC examination sample,core MEC target sample,model0_core,Model 0 core clinical,elastic_net,2011-2012,5260,550,combined_mec_weight,0.5,fixed_0.50,0.839331193896127,0.3696651030488631,0.8302223508975103,0.3654333935485951,0.0653954196672101,0.2286227905357045,0.0786103693228771,0.2645395678386608,-0.0466318889965126,0.953910639003812,1.024878047759194,0.0872691883059831,0.0851508025728422,0.0268918700597939,0.14,0.9842887473460722,0.5099337748344371,0.907418281464083,0.2196861626248217,main_observed_class_distribution
fasting subsample,combined comparison sample,model0_paired_combined,Model 0 paired combined sample,elastic_net,2011-2012,2294,239,combined_fasting_weight,0.5,fixed_0.50,0.831473891793819,0.3765995251668688,0.8246322369157784,0.3536831650711171,0.0721383548295917,0.2494597239451877,0.0795379376358037,0.2679635086975975,-0.0436802548665809,0.9109750364633612,1.0839767260443762,0.0968836554313234,0.0893779848806063,0.0889129440686966,0.1673640167364016,0.9819951338199512,0.5194805194805194,0.9102390617952189,0.2531645569620253,main_observed_class_distribution
fasting subsample,metabolic comparison sample,model0_paired_metabolic,Model 0 paired metabolic sample,elastic_net,2011-2012,2294,239,combined_fasting_weight,0.5,fixed_0.50,0.831473891793819,0.3765995251668688,0.8246322369157784,0.3536831650711171,0.0721383548295917,0.2494597239451877,0.0795379376358037,0.2679635086975975,-0.0436802548665809,0.9109750364633612,1.0839767260443762,0.0968836554313234,0.0893779848806063,0.0889129440686966,0.1673640167364016,0.9819951338199512,0.5194805194805194,0.9102390617952189,0.2531645569620253,main_observed_class_distribution
MEC examination sample,renal comparison sample,model1_renal,Model 1 renal,elastic_net,2011-2012,5260,550,combined_mec_weight,0.5,fixed_0.50,0.8445006566855623,0.3948627721959286,0.8378455896545068,0.3876128566103479,0.0641596854924454,0.2250580197862236,0.0771967942097757,0.2601738963018014,-0.0267213358427715,0.9601564411194176,1.0315826285635143,0.0872691883059831,0.0845973806553005,0.0340171474116322,0.1909090909090909,0.981104033970276,0.5412371134020618,0.9121594946703514,0.282258064516129,main_observed_class_distribution
fasting subsample,metabolic comparison sample,model2_metabolic,Model 2 metabolic,elastic_net,2011-2012,2294,239,combined_fasting_weight,0.5,fixed_0.50,0.8332157007209402,0.3772009223481548,0.8247788331348177,0.3489373193252182,0.0720852421108797,0.2491764648871851,0.0796153226960973,0.2681731300043602,-0.0595765688356434,0.906439436424286,1.0764811332608784,0.0968836554313234,0.0900003283270216,0.0812903629942134,0.1715481171548117,0.9819951338199512,0.5256410256410257,0.9106498194945848,0.2586750788643533,main_observed_class_distribution
MEC examination sample,inflammatory comparison sample,model3_inflammatory,Model 3 inflammatory,elastic_net,2011-2012,5260,550,combined_mec_weight,0.5,fixed_0.50,0.8405220575411978,0.3732707843176389,0.8320995946728431,0.3696999938517651,0.0651290016122595,0.228034662679928,0.0781618690711316,0.2634618871838578,-0.0275412305174425,0.9576590654564444,1.0349525973718552,0.0872691883059831,0.0843219182478437,0.0375794920036662,0.1345454545454545,0.98619957537155,0.5323741007194245,0.9070494044132006,0.2148040638606676,main_observed_class_distribution
fasting subsample,combined comparison sample,model4_combined,Model 4 combined biomarkers,elastic_net,2011-2012,2294,239,combined_fasting_weight,0.5,fixed_0.50,0.8381289400294204,0.3986149779218837,0.8319376151645644,0.3672691631308331,0.0706372812732937,0.2453149985765783,0.0784369785842394,0.2648697827011466,-0.0200238946295157,0.9122004420246548,1.1004344252249756,0.0968836554313234,0.0880412800712921,0.1054483722894819,0.200836820083682,0.9751824817518248,0.4848484848484848,0.912984054669704,0.2840236686390532,main_observed_class_distribution
MEC examination sample,core MEC target sample,model0_core,Model 0 core clinical,elastic_net,2013-2014,5522,573,combined_mec_weight,0.5,fixed_0.50,0.8449994701804864,0.3701905674462588,0.8367082460997461,0.3934570855822979,0.0662003355307905,0.2282247694869489,0.076380814053402,0.257710007068841,-0.0458306735658895,0.9919471897384008,0.9760669682657288,0.088149862833457,0.0903112857000798,-0.0265972643931027,0.1343804537521815,0.9872701555869872,0.55,0.9078409513192122,0.2159887798036465,main_observed_class_distribution
fasting subsample,combined comparison sample,model0_paired_combined,Model 0 paired combined sample,elastic_net,2013-2014,2370,244,combined_fasting_weight,0.5,fixed_0.50,0.8674863129097505,0.4082182820226039,0.84563869654396,0.4113057936726905,0.064272835963133,0.219088790834411,0.0746355588612408,0.2514044626031728,0.1728778828919384,1.148092614043927,0.9554129538856322,0.0889931294844987,0.0931462454246267,-0.0501808621865169,0.1598360655737705,0.9854186265286924,0.5571428571428572,0.9108695652173912,0.2484076433121019,main_observed_class_distribution
fasting subsample,metabolic comparison sample,model0_paired_metabolic,Model 0 paired metabolic sample,elastic_net,2013-2014,2370,244,combined_fasting_weight,0.5,fixed_0.50,0.8674863129097505,0.4082182820226039,0.84563869654396,0.4113057936726905,0.064272835963133,0.219088790834411,0.0746355588612408,0.2514044626031728,0.1728778828919384,1.148092614043927,0.9554129538856322,0.0889931294844987,0.0931462454246267,-0.0501808621865169,0.1598360655737705,0.9854186265286924,0.5571428571428572,0.9108695652173912,0.2484076433121019,main_observed_class_distribution
MEC examination sample,renal comparison sample,model1_renal,Model 1 renal,elastic_net,2013-2014,5522,573,combined_mec_weight,0.5,fixed_0.50,0.8516791535858796,0.3881070942516777,0.8454483550716434,0.4100525347466693,0.0648825435021432,0.2241369750870108,0.074763666332473,0.2525154792974168,-0.0433313579056651,1.0091755372954168,0.9583826802194316,0.088149862833457,0.0919777294110471,-0.0467148712502272,0.1902268760907504,0.984037179228127,0.5797872340425532,0.9130108736407948,0.2864651773981603,main_observed_class_distribution
fasting subsample,metabolic comparison sample,model2_metabolic,Model 2 metabolic,elastic_net,2013-2014,2370,244,combined_fasting_weight,0.5,fixed_0.50,0.867345514110957,0.4084273159252776,0.8471750998565768,0.4115133669688327,0.0640778047752073,0.2188682131853079,0.0742447239766417,0.2503546484888309,0.1672231598119022,1.1418382951176236,0.95874561026415,0.0889931294844987,0.0928224635729801,-0.0463417726424681,0.1598360655737705,0.9873000940733772,0.5909090909090909,0.9110243055555556,0.2516129032258065,main_observed_class_distribution
MEC examination sample,inflammatory comparison sample,model3_inflammatory,Model 3 inflammatory,elastic_net,2013-2014,5522,573,combined_mec_weight,0.5,fixed_0.50,0.8459001045958875,0.3695333533659259,0.8388568635686091,0.3941650122982718,0.0661559464969859,0.2278710680997723,0.076233802517767,0.2567217475942238,-0.0791041404702527,0.9838899238670384,0.9617517270688464,0.088149862833457,0.0916555285033003,-0.0428509143320372,0.1588132635253054,0.9844413012729843,0.5416666666666666,0.9099738513261112,0.2456140350877192,main_observed_class_distribution
fasting subsample,combined comparison sample,model4_combined,Model 4 combined biomarkers,elastic_net,2013-2014,2370,244,combined_fasting_weight,0.5,fixed_0.50,0.8712008710405712,0.4267086753664466,0.8561390589577903,0.431265221927908,0.0626586678857353,0.2157317198640183,0.0724289408195397,0.2449888100006799,0.0875422888961143,1.118849124177613,0.9321679336396717,0.0889931294844987,0.0954689882294309,-0.0773761428404395,0.2254098360655737,0.9840075258701788,0.6179775280898876,0.9171416045594036,0.3303303303303303,main_observed_class_distribution
MEC examination sample,core MEC target sample,model0_core,Model 0 core clinical,elastic_net,2015-2016,5404,597,combined_mec_weight,0.5,fixed_0.50,0.8610809778268647,0.3575206697037384,0.8439162040003778,0.381353377700618,0.065384458906536,0.2212795827163601,0.0805582170729755,0.2657405801490566,0.023346879339049,1.051649985296687,0.9567470107101108,0.0873010721421241,0.0912478128124257,-0.0485499082779261,0.1373534338358459,0.9852298731017266,0.5359477124183006,0.901923443153685,0.2186666666666666,main_observed_class_distribution
fasting subsample,combined comparison sample,model0_paired_combined,Model 0 paired combined sample,elastic_net,2015-2016,2246,266,combined_fasting_weight,0.5,fixed_0.50,0.8572657725516403,0.3687250765994022,0.8293840662261713,0.3721941345023808,0.0671813585113954,0.2278776997066469,0.087200952025725,0.2862680849186063,0.0689306530634271,1.0773942084573394,0.9600846878893812,0.0905733473179241,0.0943389145357975,-0.0448829726023514,0.1353383458646616,0.9818181818181818,0.5,0.8942042318307267,0.2130177514792899,main_observed_class_distribution
fasting subsample,metabolic comparison sample,model0_paired_metabolic,Model 0 paired metabolic sample,elastic_net,2015-2016,2246,266,combined_fasting_weight,0.5,fixed_0.50,0.8572657725516403,0.3687250765994022,0.8293840662261713,0.3721941345023808,0.0671813585113954,0.2278776997066469,0.087200952025725,0.2862680849186063,0.0689306530634271,1.0773942084573394,0.9600846878893812,0.0905733473179241,0.0943389145357975,-0.0448829726023514,0.1353383458646616,0.9818181818181818,0.5,0.8942042318307267,0.2130177514792899,main_observed_class_distribution
MEC examination sample,renal comparison sample,model1_renal,Model 1 renal,elastic_net,2015-2016,5404,597,combined_mec_weight,0.5,fixed_0.50,0.8662169735647763,0.3694105870917214,0.8529405922895109,0.3989743977587847,0.0647225123888795,0.2189197300558615,0.0790370961900693,0.2608977034135482,0.0108504480541142,1.0354276245969545,0.966555535314428,0.0873010721421241,0.0903218376518059,-0.0373317173751859,0.1675041876046901,0.9796130642812564,0.5050505050505051,0.9045332308874376,0.2515723270440252,main_observed_class_distribution
fasting subsample,metabolic comparison sample,model2_metabolic,Model 2 metabolic,elastic_net,2015-2016,2246,266,combined_fasting_weight,0.5,fixed_0.50,0.8585782676445801,0.3724163835691728,0.8311099718994457,0.3724877062114508,0.0668285606972634,0.226967302425287,0.086933828918056,0.2852722333537971,0.0776968648536292,1.0879437601908113,0.9552389941941652,0.0905733473179241,0.0948174727669397,-0.0504714521423834,0.1353383458646616,0.9828282828282828,0.5142857142857142,0.8943014705882353,0.2142857142857142,main_observed_class_distribution
MEC examination sample,inflammatory comparison sample,model3_inflammatory,Model 3 inflammatory,elastic_net,2015-2016,5404,597,combined_mec_weight,0.5,fixed_0.50,0.8619553355600839,0.3648962149975793,0.8453013280813608,0.3918583825388197,0.0651439263037894,0.2206564755430486,0.0800640473792275,0.2645645012636871,0.0080206162297841,1.04967668972419,0.948814719899366,0.0873010721421241,0.092010663737788,-0.057715167132808,0.1490787269681742,0.984189723320158,0.5393939393939394,0.9030349303302156,0.2335958005249343,main_observed_class_distribution
fasting subsample,combined comparison sample,model4_combined,Model 4 combined biomarkers,elastic_net,2015-2016,2246,266,combined_fasting_weight,0.5,fixed_0.50,0.8662150928782526,0.4035967368820717,0.8426824637350953,0.4075021393550441,0.0654934492244185,0.2223380795349132,0.0844214831912067,0.2780349493757262,0.1044041276479248,1.087137205519872,0.974306020098532,0.0905733473179241,0.0929619087324991,-0.0286597384001656,0.1616541353383458,0.9772727272727272,0.4886363636363636,0.896663577386469,0.2429378531073446,main_observed_class_distribution
MEC examination sample,core MEC target sample,model0_core,Model 0 core clinical,elastic_net,2017-2018,5209,646,combined_mec_weight,0.5,fixed_0.50,0.8515487672035789,0.370669452703239,0.8256480141452756,0.3832305033519471,0.0716127473051065,0.2402248919976249,0.0907609760427573,0.2961595638823042,0.0030521736358603,0.9965290708848372,1.0062846662471456,0.0963747859305344,0.0957728853108297,0.0069308737665223,0.1547987616099071,0.9772079772079773,0.4901960784313725,0.8909090909090909,0.2352941176470588,main_observed_class_distribution
fasting subsample,combined comparison sample,model0_paired_combined,Model 0 paired combined sample,elastic_net,2017-2018,2279,287,combined_fasting_weight,0.5,fixed_0.50,0.8306884029210242,0.3372527450888974,0.8189605110336818,0.3821611332407476,0.0771098265513821,0.2580833270640242,0.0935003687097994,0.3039309230874234,-0.198760253081113,0.8858956257277604,0.986744977379129,0.0998769339312416,0.101218588612959,-0.0148352900615384,0.205574912891986,0.968875502008032,0.4876033057851239,0.8943466172381835,0.2892156862745098,main_observed_class_distribution
fasting subsample,metabolic comparison sample,model0_paired_metabolic,Model 0 paired metabolic sample,elastic_net,2017-2018,2279,287,combined_fasting_weight,0.5,fixed_0.50,0.8306884029210242,0.3372527450888974,0.8189605110336818,0.3821611332407476,0.0771098265513821,0.2580833270640242,0.0935003687097994,0.3039309230874234,-0.198760253081113,0.8858956257277604,0.986744977379129,0.0998769339312416,0.101218588612959,-0.0148352900615384,0.205574912891986,0.968875502008032,0.4876033057851239,0.8943466172381835,0.2892156862745098,main_observed_class_distribution
MEC examination sample,renal comparison sample,model1_renal,Model 1 renal,elastic_net,2017-2018,5209,646,combined_mec_weight,0.5,fixed_0.50,0.8537386706597312,0.3824639221632447,0.8322070307066733,0.4007434215473615,0.0713978510528836,0.2393833701802503,0.0896893535294365,0.2926495586447729,0.0016971981283589,0.9840004741257572,1.020198069383278,0.0963747859305344,0.0944667401584029,0.0221061134550195,0.1950464396284829,0.9743589743589745,0.5185185185185185,0.8952879581151832,0.2834645669291338,main_observed_class_distribution
fasting subsample,metabolic comparison sample,model2_metabolic,Model 2 metabolic,elastic_net,2017-2018,2279,287,combined_fasting_weight,0.5,fixed_0.50,0.8310194618554975,0.3347875263677701,0.8204770300715056,0.3812792023410921,0.077443947897373,0.2587871705923594,0.0933411025216357,0.3032437454776586,-0.2087058988331586,0.8745640414795378,0.993248090468281,0.0998769339312416,0.1005558781232121,-0.0075293707049977,0.1916376306620209,0.9708835341365462,0.4867256637168141,0.8928901200369345,0.275,main_observed_class_distribution
MEC examination sample,inflammatory comparison sample,model3_inflammatory,Model 3 inflammatory,elastic_net,2017-2018,5209,646,combined_mec_weight,0.5,fixed_0.50,0.8523532933404809,0.3658623253946388,0.8264286232850178,0.3803411490503874,0.07184537014272,0.2404214303906072,0.0908869992927393,0.2961213121427323,-0.018198306630379,0.9860410184983608,1.0029675880160491,0.0963747859305344,0.0960896314916532,0.0032787107939658,0.1671826625386996,0.9765505150120536,0.5023255813953489,0.8922707248698438,0.2508710801393728,main_observed_class_distribution
fasting subsample,combined comparison sample,model4_combined,Model 4 combined biomarkers,elastic_net,2017-2018,2279,287,combined_fasting_weight,0.5,fixed_0.50,0.8344310034161879,0.3638205026079044,0.8318395533352924,0.416849545656304,0.0765241871388601,0.2568724771794248,0.0908090507066989,0.2963994850085515,-0.2131894158640106,0.8598981287074593,1.0104586823809834,0.0998769339312416,0.0988431646664638,0.0115521852139877,0.2264808362369338,0.9683734939759036,0.5078125,0.8967921896792189,0.3132530120481928,main_observed_class_distribution
MEC examination sample,core MEC target sample,model0_core,Model 0 core clinical,xgboost,2005-2006,4448,533,combined_mec_weight,0.5,fixed_0.50,0.8516758730206834,0.412941864060968,0.8462650267528316,0.4427116216019975,0.0654982858382823,0.2266172172534252,0.0840212926268577,0.2772197393411175,0.3468511791392593,1.0914968830926814,1.1441431173980503,0.0895836535532119,0.0782975942353596,0.1469763704414943,0.1125703564727955,0.9910600255427842,0.631578947368421,0.8913393062255915,0.1910828025477707,main_observed_class_distribution
fasting subsample,combined comparison sample,model0_paired_combined,Model 0 paired combined sample,xgboost,2005-2006,1836,216,combined_fasting_weight,0.5,fixed_0.50,0.8386534988237614,0.3859267355888998,0.8331418609967993,0.4064615722044798,0.0709180137574052,0.244417361162064,0.0849415063858032,0.2816153974002564,0.1921354518804818,1.0130147394699711,1.1351446942759509,0.0951024285360095,0.0837800053293385,0.1391948748524556,0.1481481481481481,0.9858024691358024,0.5818181818181818,0.8966872543514879,0.2361623616236162,main_observed_class_distribution
fasting subsample,metabolic comparison sample,model0_paired_metabolic,Model 0 paired metabolic sample,xgboost,2005-2006,1836,216,combined_fasting_weight,0.5,fixed_0.50,0.8386534988237614,0.3859267355888998,0.8331418609967993,0.4064615722044798,0.0709180137574052,0.244417361162064,0.0849415063858032,0.2816153974002564,0.1921354518804818,1.0130147394699711,1.1351446942759509,0.0951024285360095,0.0837800053293385,0.1391948748524556,0.1481481481481481,0.9858024691358024,0.5818181818181818,0.8966872543514879,0.2361623616236162,main_observed_class_distribution
MEC examination sample,renal comparison sample,model1_renal,Model 1 renal,xgboost,2005-2006,4448,533,combined_mec_weight,0.5,fixed_0.50,0.8545522947210279,0.4284410548830163,0.8520248526976871,0.4588867001486172,0.0639157817643635,0.2233000834173516,0.0817576348781585,0.2721391240700165,0.1420062500293211,1.001587803436945,1.1064738969373629,0.0895836535532119,0.0809631874743478,0.1106024498349462,0.1951219512195122,0.9828863346104726,0.6081871345029239,0.8996960486322189,0.2954545454545454,main_observed_class_distribution
fasting subsample,metabolic comparison sample,model2_metabolic,Model 2 metabolic,xgboost,2005-2006,1836,216,combined_fasting_weight,0.5,fixed_0.50,0.8431349979992211,0.398030139039729,0.8352480566986737,0.4135539237817098,0.0705277159683947,0.2421058116034892,0.0848705172538757,0.2802376328167806,0.1370499275980495,0.9832916043898108,1.1319193564952088,0.0951024285360095,0.084018731537976,0.1360888959941317,0.162037037037037,0.987037037037037,0.625,0.898314606741573,0.2573529411764705,main_observed_class_distribution
MEC examination sample,inflammatory comparison sample,model3_inflammatory,Model 3 inflammatory,xgboost,2005-2006,4448,533,combined_mec_weight,0.5,fixed_0.50,0.8535838581441072,0.4140493655621204,0.8476749117623803,0.4422873946170027,0.0653034914536913,0.225840344580529,0.0838657096028328,0.2766229518885285,0.3730682343233708,1.102883404093243,1.1476660888244563,0.0895836535532119,0.0780572454179348,0.1503115070715317,0.1125703564727955,0.992337164750958,0.6666666666666666,0.8914639743001377,0.1926163723916533,main_observed_class_distribution
fasting subsample,combined comparison sample,model4_combined,Model 4 combined biomarkers,xgboost,2005-2006,1836,216,combined_fasting_weight,0.5,fixed_0.50,0.8496826741029517,0.4442129745947721,0.8470821902149063,0.4689928157230953,0.0680858440536921,0.2357698986728564,0.0814809873700141,0.2711535617921021,0.2181327113505824,1.0448695009812812,1.106151108708178,0.0951024285360095,0.0859759826549152,0.1109216117860252,0.1805555555555555,0.9858024691358024,0.6290322580645161,0.9002254791431793,0.2805755395683453,main_observed_class_distribution
MEC examination sample,core MEC target sample,model0_core,Model 0 core clinical,xgboost,2007-2008,5649,677,combined_mec_weight,0.5,fixed_0.50,0.8613864692584591,0.4040370238704777,0.8356376208985977,0.410878461770061,0.0628536873608557,0.2166527591353217,0.0857966840267181,0.28263033794891,0.2212083505528824,1.1048125515694465,1.0312421764092652,0.086286136260994,0.0836720396380975,0.03362094497579,0.103397341211226,0.98994368463395,0.5833333333333334,0.8902152287936336,0.1756587202007528,main_observed_class_distribution
fasting subsample,combined comparison sample,model0_paired_combined,Model 0 paired combined sample,xgboost,2007-2008,2337,288,combined_fasting_weight,0.5,fixed_0.50,0.8652230821015916,0.4046427314965533,0.8308321132259638,0.4033463067841523,0.064703672205142,0.221119629545892,0.0886766389012336,0.2914791760673106,0.195759776935215,1.0888872147794069,1.0327513465042326,0.0895634391907447,0.0867231395959043,0.0353413065996734,0.1423611111111111,0.9834065397755004,0.5466666666666666,0.8908045977011494,0.2258953168044076,main_observed_class_distribution
fasting subsample,metabolic comparison sample,model0_paired_metabolic,Model 0 paired metabolic sample,xgboost,2007-2008,2337,288,combined_fasting_weight,0.5,fixed_0.50,0.8652230821015916,0.4046427314965533,0.8308321132259638,0.4033463067841523,0.064703672205142,0.221119629545892,0.0886766389012336,0.2914791760673106,0.195759776935215,1.0888872147794069,1.0327513465042326,0.0895634391907447,0.0867231395959043,0.0353413065996734,0.1423611111111111,0.9834065397755004,0.5466666666666666,0.8908045977011494,0.2258953168044076,main_observed_class_distribution
MEC examination sample,renal comparison sample,model1_renal,Model 1 renal,xgboost,2007-2008,5649,677,combined_mec_weight,0.5,fixed_0.50,0.8630897335726685,0.4246328299297535,0.840085275177627,0.4320465825535835,0.0619705701179444,0.2147076599206209,0.0843823179602623,0.279227542752,0.2254947100150367,1.1037839745926608,1.0346561343319494,0.086286136260994,0.0833959548470726,0.0372272563598645,0.1432791728212703,0.987127916331456,0.6024844720496895,0.8943148688046647,0.2315035799522673,main_observed_class_distribution
fasting subsample,metabolic comparison sample,model2_metabolic,Model 2 metabolic,xgboost,2007-2008,2337,288,combined_fasting_weight,0.5,fixed_0.50,0.869683756612214,0.4022899250940815,0.8342670543896752,0.4016174896360419,0.0646100075867129,0.2196459475504518,0.088485337793827,0.2898225489745172,0.2357959891085224,1.1096677919054003,1.0362610978305609,0.0895634391907447,0.0864294137628519,0.0390555583242253,0.1284722222222222,0.981942410932162,0.5,0.8890852850198852,0.2044198895027624,main_observed_class_distribution
MEC examination sample,inflammatory comparison sample,model3_inflammatory,Model 3 inflammatory,xgboost,2007-2008,5649,677,combined_mec_weight,0.5,fixed_0.50,0.861145253226052,0.4129318151573701,0.8366364194882776,0.421098008013395,0.0626769627241368,0.2164657462898942,0.0853894129395484,0.2818194374997307,0.2433881261347745,1.109888577770883,1.040071952550744,0.086286136260994,0.0829616989953242,0.0429216719408684,0.1166912850812407,0.990345937248592,0.6220472440944882,0.8917059036580949,0.1965174129353234,main_observed_class_distribution
fasting subsample,combined comparison sample,model4_combined,Model 4 combined biomarkers,xgboost,2007-2008,2337,288,combined_fasting_weight,0.5,fixed_0.50,0.8726525292995277,0.4294802535897608,0.8414351851851853,0.4372298620768418,0.0633031644080649,0.2163044150650117,0.0860534161329269,0.2836053729532791,0.2527511114321326,1.1068823253089335,1.0514673338972902,0.0895634391907447,0.0851794785281399,0.0549903224959207,0.15625,0.984382625671059,0.5844155844155844,0.8924778761061947,0.2465753424657534,main_observed_class_distribution
MEC examination sample,core MEC target sample,model0_core,Model 0 core clinical,xgboost,2009-2010,5990,646,combined_mec_weight,0.5,fixed_0.50,0.8498723289696879,0.35437512387999,0.8415095602139373,0.391852782884068,0.0616705881344128,0.2145921954707842,0.0783470049500465,0.2619206155146891,-0.0438584384975872,1.0171474218694927,0.9466312870782134,0.0810749535580189,0.085645757397537,-0.0598320987867135,0.1253869969040247,0.9870883233532934,0.54,0.9032534246575342,0.2035175879396984,main_observed_class_distribution
fasting subsample,combined comparison sample,model0_paired_combined,Model 0 paired combined sample,xgboost,2009-2010,2594,273,combined_fasting_weight,0.5,fixed_0.50,0.8365712866296584,0.3778575901075901,0.8394859484906879,0.4143120662825747,0.0616279652441782,0.2185032683161127,0.0758611261844635,0.2573768883617512,-0.0740257688265134,1.005044236431221,0.9394274063096968,0.0815187617743325,0.0867749452771006,-0.0682238589908492,0.1538461538461538,0.989659629470056,0.6363636363636364,0.908623417721519,0.247787610619469,main_observed_class_distribution
fasting subsample,metabolic comparison sample,model0_paired_metabolic,Model 0 paired metabolic sample,xgboost,2009-2010,2594,273,combined_fasting_weight,0.5,fixed_0.50,0.8365712866296584,0.3778575901075901,0.8394859484906879,0.4143120662825747,0.0616279652441782,0.2185032683161127,0.0758611261844635,0.2573768883617512,-0.0740257688265134,1.005044236431221,0.9394274063096968,0.0815187617743325,0.0867749452771006,-0.0682238589908492,0.1538461538461538,0.989659629470056,0.6363636363636364,0.908623417721519,0.247787610619469,main_observed_class_distribution
MEC examination sample,renal comparison sample,model1_renal,Model 1 renal,xgboost,2009-2010,5990,646,combined_mec_weight,0.5,fixed_0.50,0.8517118675866013,0.3503896487174981,0.8448781133553327,0.3921693277551739,0.0615803186073533,0.2140174021584543,0.0779695287346839,0.2604796872143498,-0.0655482858921811,0.99115627955193,0.9633822957772548,0.0810749535580189,0.0841565740966911,-0.0406641032441679,0.153250773993808,0.9837200598802396,0.532258064516129,0.9057546519641626,0.2379807692307692,main_observed_class_distribution
fasting subsample,metabolic comparison sample,model2_metabolic,Model 2 metabolic,xgboost,2009-2010,2594,273,combined_fasting_weight,0.5,fixed_0.50,0.8346319214584743,0.366936102616005,0.8395609130206287,0.4122006058374756,0.0619235981550327,0.2194826479808348,0.0756848081946373,0.2571153542237963,-0.1644335198999805,0.9529148618038924,0.9383884894055576,0.0815187617743325,0.0868710163164643,-0.0694355806315227,0.1721611721611721,0.986212839293408,0.5949367088607594,0.9101391650099404,0.2670454545454546,main_observed_class_distribution
MEC examination sample,inflammatory comparison sample,model3_inflammatory,Model 3 inflammatory,xgboost,2009-2010,5990,646,combined_mec_weight,0.5,fixed_0.50,0.8490635931459234,0.3568708135875907,0.8416965411282697,0.3946639826099039,0.06165551146579,0.2147446846997362,0.0782973542809486,0.2619409269842689,-0.1298932300875438,0.9647157553586474,0.949373541296616,0.0810749535580189,0.0853983706426977,-0.0566689085205496,0.1563467492260062,0.9854041916167664,0.5642458100558659,0.9062123558767854,0.2448484848484848,main_observed_class_distribution
fasting subsample,combined comparison sample,model4_combined,Model 4 combined biomarkers,xgboost,2009-2010,2594,273,combined_fasting_weight,0.5,fixed_0.50,0.8402730996734803,0.3590887372135075,0.8456030541338598,0.4078203330705963,0.0619644207030844,0.2178786821223629,0.0756661519408226,0.2549952774135927,-0.1691194610063922,0.936065423084104,0.95714565499744,0.0815187617743325,0.0851686066260736,-0.0477813986813484,0.2051282051282051,0.981042654028436,0.56,0.91299117882919,0.3002680965147453,main_observed_class_distribution
MEC examination sample,core MEC target sample,model0_core,Model 0 core clinical,xgboost,2011-2012,5260,550,combined_mec_weight,0.5,fixed_0.50,0.8430492669243581,0.3708964902234725,0.8336618413433701,0.3709733088657413,0.0652789459894023,0.2273789915016509,0.0779052153229713,0.2622678237162744,-0.0319978825679706,0.9461705154658572,1.0466673135487805,0.0872691883059831,0.0833781538568281,0.0498651371788243,0.1272727272727272,0.986411889596603,0.5223880597014925,0.9063597346859148,0.2046783625730994,main_observed_class_distribution
fasting subsample,combined comparison sample,model0_paired_combined,Model 0 paired combined sample,xgboost,2011-2012,2294,239,combined_fasting_weight,0.5,fixed_0.50,0.8263237320790022,0.3820265207610299,0.8262122183876451,0.3702656535193975,0.0724735701250747,0.2514535225513696,0.0784272998571395,0.2651064975996813,0.02567756042937,0.9296720868938608,1.1195217643830115,0.0968836554313234,0.0865402161115802,0.1242895612889656,0.1548117154811715,0.9854014598540146,0.5522388059701493,0.9092950157162102,0.2418300653594771,main_observed_class_distribution
fasting subsample,metabolic comparison sample,model0_paired_metabolic,Model 0 paired metabolic sample,xgboost,2011-2012,2294,239,combined_fasting_weight,0.5,fixed_0.50,0.8263237320790022,0.3820265207610299,0.8262122183876451,0.3702656535193975,0.0724735701250747,0.2514535225513696,0.0784272998571395,0.2651064975996813,0.02567756042937,0.9296720868938608,1.1195217643830115,0.0968836554313234,0.0865402161115802,0.1242895612889656,0.1548117154811715,0.9854014598540146,0.5522388059701493,0.9092950157162102,0.2418300653594771,main_observed_class_distribution
MEC examination sample,renal comparison sample,model1_renal,Model 1 renal,xgboost,2011-2012,5260,550,combined_mec_weight,0.5,fixed_0.50,0.8464236377653902,0.3914387899443389,0.8402011194750049,0.3887418078757493,0.0645409798346693,0.2249260094450689,0.0769147425889968,0.2587077306195633,-0.0233912976095243,0.9556868195156571,1.0401502504129057,0.0872691883059831,0.0839005598194492,0.0430490944063923,0.1763636363636363,0.9800424628450106,0.5078534031413613,0.9106332609982244,0.2618083670715249,main_observed_class_distribution
fasting subsample,metabolic comparison sample,model2_metabolic,Model 2 metabolic,xgboost,2011-2012,2294,239,combined_fasting_weight,0.5,fixed_0.50,0.827422690251939,0.3759057773587304,0.8254161194759185,0.3669628822395493,0.0728617737413891,0.2518719409540481,0.0786381885409355,0.2656830795673697,0.0228888899399345,0.9295951950420408,1.1174975442297483,0.0968836554313234,0.0866969739053001,0.1223081896150639,0.1171548117154811,0.9849148418491483,0.4745762711864407,0.905592841163311,0.1879194630872483,main_observed_class_distribution
MEC examination sample,inflammatory comparison sample,model3_inflammatory,Model 3 inflammatory,xgboost,2011-2012,5260,550,combined_mec_weight,0.5,fixed_0.50,0.842555733375383,0.3816188487151973,0.8354143987647173,0.3842266991420507,0.0648738444806467,0.2269763114764005,0.077203094959259,0.2607822329756079,-0.0438678782966528,0.9313839805737972,1.057196275738591,0.0872691883059831,0.0825477636544019,0.0607799032831182,0.14,0.9868365180467092,0.5539568345323741,0.90763522749463,0.2235123367198839,main_observed_class_distribution
fasting subsample,combined comparison sample,model4_combined,Model 4 combined biomarkers,xgboost,2011-2012,2294,239,combined_fasting_weight,0.5,fixed_0.50,0.8321877903165239,0.3991750901909305,0.8322104470166651,0.383410930656312,0.0714395250851751,0.2478881061479367,0.0774744525551796,0.2620896427804676,0.0619427608849265,0.9442606443883432,1.1260814642864023,0.0968836554313234,0.0860360981900351,0.1306835640403032,0.1882845188284518,0.9815085158150852,0.5421686746987951,0.9122568973315242,0.2795031055900621,main_observed_class_distribution
MEC examination sample,core MEC target sample,model0_core,Model 0 core clinical,xgboost,2013-2014,5522,573,combined_mec_weight,0.5,fixed_0.50,0.8466932265397424,0.3860683828891802,0.8387845729759428,0.3945070594122524,0.0657544679795072,0.2269813973067795,0.076051615178585,0.2565709966408252,-0.1563997518039331,0.9440151024503048,0.951314193118834,0.088149862833457,0.0926611454670536,-0.0548705628530026,0.1623036649214659,0.987472216609416,0.6,0.9105645612073784,0.2554945054945055,main_observed_class_distribution
fasting subsample,combined comparison sample,model0_paired_combined,Model 0 paired combined sample,xgboost,2013-2014,2370,244,combined_fasting_weight,0.5,fixed_0.50,0.8670491900949718,0.4142512479780652,0.8486478879755718,0.4034181042216634,0.0640393085530193,0.2190641186800441,0.0742958188056945,0.250271614834202,0.0801830595347681,1.117000853618734,0.929393788402722,0.0889931294844987,0.0957539533779802,-0.0806716859373035,0.1967213114754098,0.9849482596425212,0.6,0.914410480349345,0.2962962962962963,main_observed_class_distribution
fasting subsample,metabolic comparison sample,model0_paired_metabolic,Model 0 paired metabolic sample,xgboost,2013-2014,2370,244,combined_fasting_weight,0.5,fixed_0.50,0.8670491900949718,0.4142512479780652,0.8486478879755718,0.4034181042216634,0.0640393085530193,0.2190641186800441,0.0742958188056945,0.250271614834202,0.0801830595347681,1.117000853618734,0.929393788402722,0.0889931294844987,0.0957539533779802,-0.0806716859373035,0.1967213114754098,0.9849482596425212,0.6,0.914410480349345,0.2962962962962963,main_observed_class_distribution
MEC examination sample,renal comparison sample,model1_renal,Model 1 renal,xgboost,2013-2014,5522,573,combined_mec_weight,0.5,fixed_0.50,0.8516520808669221,0.389286207902344,0.8470930542140654,0.4114839327203008,0.0649827608910844,0.2243075242701943,0.0745159983634948,0.2515512751707534,-0.1642231234993537,0.9568848363547404,0.932177349183711,0.088149862833457,0.09456340353115,-0.0772905924581071,0.2146596858638743,0.982218630026268,0.5829383886255924,0.9152701939371116,0.3137755102040817,main_observed_class_distribution
fasting subsample,metabolic comparison sample,model2_metabolic,Model 2 metabolic,xgboost,2013-2014,2370,244,combined_fasting_weight,0.5,fixed_0.50,0.8664310600843395,0.418684236094745,0.8480502907021575,0.4057665343492435,0.0639953157057397,0.2191560079360912,0.0741908103227615,0.2502986426865511,0.0703999164407899,1.1093429741055034,0.930584935663078,0.0889931294844987,0.0956313884676068,-0.0792553330294287,0.2008196721311475,0.9854186265286924,0.6125,0.9148471615720524,0.3024691358024691,main_observed_class_distribution
MEC examination sample,inflammatory comparison sample,model3_inflammatory,Model 3 inflammatory,xgboost,2013-2014,5522,573,combined_mec_weight,0.5,fixed_0.50,0.8479982787889161,0.3817507467171411,0.8413284965637283,0.392539459381306,0.065599280097992,0.2265803008392728,0.0756939202547073,0.2551758498955594,-0.0640216628627868,1.017206421420961,0.9347090238746896,0.088149862833457,0.0943072770048218,-0.0742955651551868,0.1570680628272251,0.9872701555869872,0.5882352941176471,0.910039113428944,0.2479338842975207,main_observed_class_distribution
fasting subsample,combined comparison sample,model4_combined,Model 4 combined biomarkers,xgboost,2013-2014,2370,244,combined_fasting_weight,0.5,fixed_0.50,0.8659280122143551,0.4439184237678895,0.8551559150563669,0.4441544273952915,0.0626779410395542,0.2171443481093004,0.0720271468162536,0.2447215780834713,0.0039954558703411,1.0889461212849991,0.9106785232182222,0.0889931294844987,0.0977217835005137,-0.1031928498496412,0.25,0.9807149576669802,0.5980392156862745,0.9193121693121692,0.3526011560693641,main_observed_class_distribution
MEC examination sample,core MEC target sample,model0_core,Model 0 core clinical,xgboost,2015-2016,5404,597,combined_mec_weight,0.5,fixed_0.50,0.8655147015741897,0.3762261325230315,0.8481356926787743,0.4064941646793297,0.0642874808080284,0.2185985770861127,0.0790631175041198,0.2622138389536705,0.014148183319893,1.0614051482404028,0.9410932316815036,0.0873010721421241,0.0927655934642505,-0.0667182735654652,0.1591289782244556,0.9831495735385896,0.5397727272727273,0.9039785768936496,0.2457956015523933,main_observed_class_distribution
fasting subsample,combined comparison sample,model0_paired_combined,Model 0 paired combined sample,xgboost,2015-2016,2246,266,combined_fasting_weight,0.5,fixed_0.50,0.8589455254996887,0.3940074890411388,0.8367395762132606,0.399577018185713,0.0657442025229456,0.2260106974388545,0.0845681056380271,0.280378282597674,0.0293847162366266,1.1004014635119594,0.9127753265258118,0.0905733473179241,0.0992285228202461,-0.1008282672763392,0.1654135338345864,0.9818181818181818,0.55,0.8975069252077562,0.2543352601156069,main_observed_class_distribution
fasting subsample,metabolic comparison sample,model0_paired_metabolic,Model 0 paired metabolic sample,xgboost,2015-2016,2246,266,combined_fasting_weight,0.5,fixed_0.50,0.8589455254996887,0.3940074890411388,0.8367395762132606,0.399577018185713,0.0657442025229456,0.2260106974388545,0.0845681056380271,0.280378282597674,0.0293847162366266,1.1004014635119594,0.9127753265258118,0.0905733473179241,0.0992285228202461,-0.1008282672763392,0.1654135338345864,0.9818181818181818,0.55,0.8975069252077562,0.2543352601156069,main_observed_class_distribution
MEC examination sample,renal comparison sample,model1_renal,Model 1 renal,xgboost,2015-2016,5404,597,combined_mec_weight,0.5,fixed_0.50,0.8679895618106075,0.3840602870985434,0.8538744621101485,0.4185335682775012,0.0639543712347183,0.2175174822959032,0.0779730677604675,0.2590292361119176,0.0030167430530525,1.0473341625067527,0.9486745617716876,0.0873010721421241,0.0920242574851863,-0.0578778685947276,0.202680067001675,0.9812773039317662,0.5734597156398105,0.9083381475062584,0.2995049504950495,main_observed_class_distribution
fasting subsample,metabolic comparison sample,model2_metabolic,Model 2 metabolic,xgboost,2015-2016,2246,266,combined_fasting_weight,0.5,fixed_0.50,0.8573857307529379,0.3880037119662312,0.8373851294903927,0.3943072317082531,0.066083286086694,0.2267666086081409,0.0849522650241851,0.2805278703543121,0.0406322549281043,1.1013498367429078,0.9179795891114726,0.0905733473179241,0.0986659707821952,-0.0945185510835777,0.1541353383458646,0.9818181818181818,0.5324675324675324,0.8962655601659751,0.239067055393586,main_observed_class_distribution
MEC examination sample,inflammatory comparison sample,model3_inflammatory,Model 3 inflammatory,xgboost,2015-2016,5404,597,combined_mec_weight,0.5,fixed_0.50,0.8674969402376442,0.3766348876454133,0.8509941009394801,0.4137302941972093,0.0641834209531643,0.2178486986671776,0.0784526094794273,0.2604235719708875,-0.0079525617732856,1.049549245492909,0.9395840856261296,0.0873010721421241,0.0929145921878269,-0.06848741770736,0.1373534338358459,0.9860619929269816,0.5503355704697986,0.9019980970504282,0.2198391420911528,main_observed_class_distribution
fasting subsample,combined comparison sample,model4_combined,Model 4 combined biomarkers,xgboost,2015-2016,2246,266,combined_fasting_weight,0.5,fixed_0.50,0.8662194000654344,0.4276074952208379,0.8482342219184325,0.4321155124786319,0.0641492832636508,0.2208636055884703,0.0820316225290298,0.2725877366564738,0.125860584554955,1.143417046462095,0.9329156056431694,0.0905733473179241,0.0970863246043367,-0.0766279347247911,0.1804511278195488,0.9828282828282828,0.5853658536585366,0.899260628465804,0.2758620689655172,main_observed_class_distribution
MEC examination sample,core MEC target sample,model0_core,Model 0 core clinical,xgboost,2017-2018,5209,646,combined_mec_weight,0.5,fixed_0.50,0.8513899924474511,0.3663011677286718,0.8233299340705865,0.3700034779873097,0.0714107856516425,0.2402138718697412,0.0910972505807876,0.2973042914644325,0.0007755859606321,1.0079333868495517,0.9914419427663052,0.0963747859305344,0.0972066863155205,-0.0095159371906898,0.1377708978328173,0.980276134122288,0.4972067039106145,0.8892644135188866,0.2157575757575757,main_observed_class_distribution
fasting subsample,combined comparison sample,model0_paired_combined,Model 0 paired combined sample,xgboost,2017-2018,2279,287,combined_fasting_weight,0.5,fixed_0.50,0.8272792279845542,0.3305817415691557,0.8159563340469894,0.3793157977279818,0.0777507921969778,0.2606543212079176,0.0940166562795639,0.305935082229661,-0.2660737029183899,0.8588814231053581,0.9677258666325118,0.0998769339312416,0.1032078787754149,-0.0365138352058602,0.1881533101045296,0.9658634538152612,0.4426229508196721,0.8919796012980992,0.2640586797066014,main_observed_class_distribution
fasting subsample,metabolic comparison sample,model0_paired_metabolic,Model 0 paired metabolic sample,xgboost,2017-2018,2279,287,combined_fasting_weight,0.5,fixed_0.50,0.8272792279845542,0.3305817415691557,0.8159563340469894,0.3793157977279818,0.0777507921969778,0.2606543212079176,0.0940166562795639,0.305935082229661,-0.2660737029183899,0.8588814231053581,0.9677258666325118,0.0998769339312416,0.1032078787754149,-0.0365138352058602,0.1881533101045296,0.9658634538152612,0.4426229508196721,0.8919796012980992,0.2640586797066014,main_observed_class_distribution
MEC examination sample,renal comparison sample,model1_renal,Model 1 renal,xgboost,2017-2018,5209,646,combined_mec_weight,0.5,fixed_0.50,0.853293141100073,0.3742511082595893,0.8305633752168641,0.3917969169364438,0.0712808989563497,0.2394857780772565,0.0898226723074913,0.2929424480462815,0.0278374341943164,1.0095120429369318,1.009052162225408,0.0963747859305344,0.0955102119973513,0.0099677633258066,0.1733746130030959,0.9758930528161296,0.5045045045045045,0.89292159614999,0.2580645161290322,main_observed_class_distribution
fasting subsample,metabolic comparison sample,model2_metabolic,Model 2 metabolic,xgboost,2017-2018,2279,287,combined_fasting_weight,0.5,fixed_0.50,0.8248605542009964,0.3181027294461105,0.813513636427242,0.3689425230433447,0.0794262975212302,0.2645728305874436,0.0960042551159858,0.3105862591339648,-0.3722997100352106,0.7883923217650928,0.971355447268382,0.0998769339312416,0.1028222307417049,-0.032340284201842,0.2090592334494773,0.9593373493975904,0.425531914893617,0.8938260056127222,0.2803738317757009,main_observed_class_distribution
MEC examination sample,inflammatory comparison sample,model3_inflammatory,Model 3 inflammatory,xgboost,2017-2018,5209,646,combined_mec_weight,0.5,fixed_0.50,0.8521059577558739,0.3600935071642547,0.8257474137445558,0.3763223006906536,0.0721065030295003,0.2410404468920635,0.0912424549460411,0.2969958814794789,-0.0891828946241708,0.956838345219491,0.984788184055776,0.0963747859305344,0.0978634669778654,-0.0169775151291093,0.1733746130030959,0.972824895901819,0.4745762711864407,0.8926201488035391,0.2539682539682539,main_observed_class_distribution
fasting subsample,combined comparison sample,model4_combined,Model 4 combined biomarkers,xgboost,2017-2018,2279,287,combined_fasting_weight,0.5,fixed_0.50,0.8191724743038516,0.3287613038318556,0.8191896505884163,0.3986729380499271,0.0791925557304771,0.2663921004555133,0.0929565280675888,0.3040530209282719,-0.3742472613331919,0.7831014766351418,0.9816948839557452,0.0998769339312416,0.1017392833186488,-0.0205458652183776,0.2334494773519163,0.9653614457831324,0.4926470588235294,0.897340177321512,0.3167848699763593,main_observed_class_distribution
MEC examination sample,core MEC target sample,model0_core,Model 0 core clinical,elastic_net,2005-2006,4448,533,combined_mec_weight,0.5,fixed_0.50,0.8495584259977478,0.3765015202428941,0.8419505485947875,0.4100422483771024,0.127916687271348,0.4030074445209076,0.1626198238329224,0.4883885993825493,-1.9597771091241547,0.96672157048966,0.3058582162318098,0.0895836535532119,0.2928927483357731,-1.4373532944441436,0.8030018761726079,0.7565772669220945,0.3099203475742216,0.9657645908053472,0.4472309299895506,training_count_balanced_class_weights
fasting subsample,combined comparison sample,model0_paired_combined,Model 0 paired combined sample,elastic_net,2005-2006,1836,216,combined_fasting_weight,0.5,fixed_0.50,0.830868174058101,0.3508258037457609,0.827251943301326,0.3872715495160996,0.1372631168632773,0.429420178006508,0.1754862594528472,0.5227926636944978,-1.927798175088852,0.880336730391309,0.3118819110907039,0.0951024285360095,0.3049308893979141,-1.4289411291675176,0.7824074074074074,0.7345679012345679,0.2821368948247078,0.962004850444624,0.4147239263803681,training_count_balanced_class_weights
fasting subsample,metabolic comparison sample,model0_paired_metabolic,Model 0 paired metabolic sample,elastic_net,2005-2006,1836,216,combined_fasting_weight,0.5,fixed_0.50,0.830868174058101,0.3508258037457609,0.827251943301326,0.3872715495160996,0.1372631168632773,0.429420178006508,0.1754862594528472,0.5227926636944978,-1.927798175088852,0.880336730391309,0.3118819110907039,0.0951024285360095,0.3049308893979141,-1.4289411291675176,0.7824074074074074,0.7345679012345679,0.2821368948247078,0.962004850444624,0.4147239263803681,training_count_balanced_class_weights
MEC examination sample,renal comparison sample,model1_renal,Model 1 renal,elastic_net,2005-2006,4448,533,combined_mec_weight,0.5,fixed_0.50,0.8539054262594333,0.3995387383327878,0.8487479003879339,0.4271772562362191,0.1273457727860604,0.4040764286775946,0.1616720508910422,0.4900708429025681,-1.9997420357584668,0.9664513094834036,0.3034595053583014,0.0895836535532119,0.2952079337486514,-1.448506303518402,0.797373358348968,0.756066411238825,0.3079710144927536,0.9647979139504564,0.4443282801881861,training_count_balanced_class_weights
fasting subsample,metabolic comparison sample,model2_metabolic,Model 2 metabolic,elastic_net,2005-2006,1836,216,combined_fasting_weight,0.5,fixed_0.50,0.8345341511227465,0.3536535322347605,0.8288923182441702,0.3860530199910392,0.1372107691225305,0.4285344929260356,0.1752177300763165,0.5215821734353678,-1.9341574048012735,0.8937731109644603,0.3114534740470053,0.0951024285360095,0.3053503539397233,-1.4309194574342692,0.7870370370370371,0.7351851851851852,0.2838063439065108,0.9628132578819724,0.4171779141104295,training_count_balanced_class_weights
MEC examination sample,inflammatory comparison sample,model3_inflammatory,Model 3 inflammatory,elastic_net,2005-2006,4448,533,combined_mec_weight,0.5,fixed_0.50,0.8517253126894517,0.3805339417041031,0.8437073937494458,0.4125814388664924,0.1267192759752831,0.4006708447361924,0.1612638217395545,0.4856110700597304,-1.957622338638663,0.9726007575234694,0.3067618304907096,0.0895836535532119,0.2920299875962731,-1.4331839099399963,0.8048780487804879,0.7565772669220945,0.3104196816208394,0.9660795825179388,0.4480417754569191,training_count_balanced_class_weights
fasting subsample,combined comparison sample,model4_combined,Model 4 combined biomarkers,elastic_net,2005-2006,1836,216,combined_fasting_weight,0.5,fixed_0.50,0.8458822075374685,0.3974577845614012,0.8410065157750344,0.4213171842493855,0.1361241350551513,0.4281376124965226,0.1741073961764137,0.5236569775472639,-1.991722858379008,0.9256628933602672,0.3071708531583878,0.0951024285360095,0.3096075931624002,-1.4509127763420402,0.7962962962962963,0.7364197530864197,0.2871452420701169,0.9644300727566694,0.4220858895705521,training_count_balanced_class_weights
MEC examination sample,core MEC target sample,model0_core,Model 0 core clinical,elastic_net,2007-2008,5649,677,combined_mec_weight,0.5,fixed_0.50,0.8523214981046205,0.3772199156130151,0.8263534285350994,0.3776153961203652,0.1322851753052094,0.4127771085686474,0.177460706670002,0.5249908036851306,-2.05960664103464,0.993041683779738,0.2867620737143329,0.086286136260994,0.3008980062926685,-1.5168232362313507,0.7813884785819794,0.7262670957361222,0.2798941798941799,0.9606278265496142,0.4121542656797819,training_count_balanced_class_weights
fasting subsample,combined comparison sample,model0_paired_combined,Model 0 paired combined sample,elastic_net,2007-2008,2337,288,combined_fasting_weight,0.5,fixed_0.50,0.8554884082264373,0.3841415840180068,0.8204628951792202,0.3807170595603073,0.1328676670941544,0.418009063435917,0.180582326535989,0.5362887167970269,-2.050403947563965,0.9949648417700008,0.2926458692121593,0.0895634391907447,0.3060471669457052,-1.5003122657860013,0.7708333333333334,0.7252318204001952,0.2828025477707006,0.9574742268041238,0.4137931034482758,training_count_balanced_class_weights
fasting subsample,metabolic comparison sample,model0_paired_metabolic,Model 0 paired metabolic sample,elastic_net,2007-2008,2337,288,combined_fasting_weight,0.5,fixed_0.50,0.8554884082264373,0.3841415840180068,0.8204628951792202,0.3807170595603073,0.1328676670941544,0.418009063435917,0.180582326535989,0.5362887167970269,-2.050403947563965,0.9949648417700008,0.2926458692121593,0.0895634391907447,0.3060471669457052,-1.5003122657860013,0.7708333333333334,0.7252318204001952,0.2828025477707006,0.9574742268041238,0.4137931034482758,training_count_balanced_class_weights
MEC examination sample,renal comparison sample,model1_renal,Model 1 renal,elastic_net,2007-2008,5649,677,combined_mec_weight,0.5,fixed_0.50,0.8563900923167531,0.4026101548201185,0.8324635685095026,0.4093700596652939,0.1290400354361916,0.4062934839274575,0.173421563667128,0.5171558498923126,-2.0592896389115465,0.9810309843953484,0.290376999810888,0.086286136260994,0.2971521033593881,-1.4989521588371946,0.7784342688330872,0.7331053901850362,0.2842502696871629,0.9604743083003952,0.4164361912287633,training_count_balanced_class_weights
fasting subsample,metabolic comparison sample,model2_metabolic,Model 2 metabolic,elastic_net,2007-2008,2337,288,combined_fasting_weight,0.5,fixed_0.50,0.856315131623574,0.3801825402497837,0.8218456835312618,0.3767171656802321,0.1329334367999336,0.4182326918065189,0.180935735358349,0.5374892052988249,-2.053962814311166,0.9912535754439066,0.2928377555849297,0.0895634391907447,0.3058466249061565,-1.499367842499195,0.78125,0.726207906295754,0.2862595419847328,0.9593810444874274,0.4189944134078212,training_count_balanced_class_weights
MEC examination sample,inflammatory comparison sample,model3_inflammatory,Model 3 inflammatory,elastic_net,2007-2008,5649,677,combined_mec_weight,0.5,fixed_0.50,0.8531748901586899,0.3857857295935208,0.8284636207964007,0.3870643348455235,0.1309470945800917,0.4095794479206608,0.1753833198065146,0.5199980063873731,-2.051627850249432,0.9991109587556208,0.2882180599205391,0.086286136260994,0.2993779650198979,-1.509586834060695,0.7784342688330872,0.7300884955752213,0.2819689673622257,0.9603174603174603,0.4139827179890023,training_count_balanced_class_weights
fasting subsample,combined comparison sample,model4_combined,Model 4 combined biomarkers,elastic_net,2007-2008,2337,288,combined_fasting_weight,0.5,fixed_0.50,0.8647152797711524,0.4028549548598989,0.8316811046038717,0.4095422261088438,0.1289555256487543,0.4116162037859887,0.1753581509734777,0.5282522451333652,-2.063985515966925,0.9627977737226742,0.2968831841872707,0.0895634391907447,0.3016790574916802,-1.4796619583054889,0.78125,0.7384089799902391,0.2956636005256242,0.96002538071066,0.4289799809342231,training_count_balanced_class_weights
MEC examination sample,core MEC target sample,model0_core,Model 0 core clinical,elastic_net,2009-2010,5990,646,combined_mec_weight,0.5,fixed_0.50,0.843839756973267,0.3436707111373422,0.8368816739585843,0.3804449765757645,0.1354793093504705,0.4193423929629931,0.167264756225817,0.4992581948411363,-2.121793262388353,0.9141963555993504,0.2719048614673881,0.0810749535580189,0.2981739757078339,-1.5718220623394177,0.781733746130031,0.7417664670658682,0.2679045092838196,0.9656516443361752,0.3990517581983406,training_count_balanced_class_weights
fasting subsample,combined comparison sample,model0_paired_combined,Model 0 paired combined sample,elastic_net,2009-2010,2594,273,combined_fasting_weight,0.5,fixed_0.50,0.8366701916223853,0.3505997488874851,0.8377136291828235,0.3919940438785685,0.1389092723155441,0.4272170935467065,0.1684915735531148,0.500584867774125,-2.1292166776228947,0.9222032692650256,0.2683864177481437,0.0815187617743325,0.3037365394951935,-1.5923208336735255,0.7802197802197802,0.7337354588539423,0.2563176895306859,0.9659671015314804,0.3858695652173912,training_count_balanced_class_weights
fasting subsample,metabolic comparison sample,model0_paired_metabolic,Model 0 paired metabolic sample,elastic_net,2009-2010,2594,273,combined_fasting_weight,0.5,fixed_0.50,0.8366701916223853,0.3505997488874851,0.8377136291828235,0.3919940438785685,0.1389092723155441,0.4272170935467065,0.1684915735531148,0.500584867774125,-2.1292166776228947,0.9222032692650256,0.2683864177481437,0.0815187617743325,0.3037365394951935,-1.5923208336735255,0.7802197802197802,0.7337354588539423,0.2563176895306859,0.9659671015314804,0.3858695652173912,training_count_balanced_class_weights
MEC examination sample,renal comparison sample,model1_renal,Model 1 renal,elastic_net,2009-2010,5990,646,combined_mec_weight,0.5,fixed_0.50,0.8478980412411267,0.3460620877353073,0.842398697187668,0.3900345836755932,0.1305466636506246,0.4096490653420948,0.1618946473613577,0.4893803282100437,-2.099529710103248,0.894982795945361,0.278296288765305,0.0810749535580189,0.2913260321138946,-1.538877932096042,0.7755417956656346,0.7539296407185628,0.2758810572687225,0.9652611403929084,0.4069861900893582,training_count_balanced_class_weights
fasting subsample,metabolic comparison sample,model2_metabolic,Model 2 metabolic,elastic_net,2009-2010,2594,273,combined_fasting_weight,0.5,fixed_0.50,0.8386033572043584,0.3524764336803512,0.8396895363720008,0.3949944458400969,0.1376027415308686,0.4235205855864796,0.1672637727588611,0.4971957741026097,-2.120895422483253,0.9324149727204054,0.2699977123207449,0.0815187617743325,0.3019238980717437,-1.5837351454455342,0.7802197802197802,0.7320120637656182,0.2550898203592814,0.9658897100625355,0.3844765342960289,training_count_balanced_class_weights
MEC examination sample,inflammatory comparison sample,model3_inflammatory,Model 3 inflammatory,elastic_net,2009-2010,5990,646,combined_mec_weight,0.5,fixed_0.50,0.843834916112069,0.346728252992888,0.837287499304796,0.3816767223615981,0.1341399444808561,0.4162885147459679,0.1656606091492643,0.4957230844369076,-2.111973914073591,0.911794249303966,0.2738136920640386,0.0810749535580189,0.296095322870331,-1.561868973772394,0.781733746130031,0.7451347305389222,0.2704874129619711,0.965801600776134,0.4019100676482292,training_count_balanced_class_weights
fasting subsample,combined comparison sample,model4_combined,Model 4 combined biomarkers,elastic_net,2009-2010,2594,273,combined_fasting_weight,0.5,fixed_0.50,0.8425273981412806,0.3514907222862725,0.8454846890865848,0.3942839730575294,0.1319197101576037,0.4126436796434554,0.1608272756320292,0.4863492346281494,-2.096057142318433,0.8991607190284628,0.2779232350503435,0.0815187617743325,0.2933139496579555,-1.5425453058940266,0.7582417582417582,0.7505385609651013,0.2633587786259542,0.963495575221239,0.3909348441926346,training_count_balanced_class_weights
MEC examination sample,core MEC target sample,model0_core,Model 0 core clinical,elastic_net,2011-2012,5260,550,combined_mec_weight,0.5,fixed_0.50,0.8408729794031461,0.3684353755056311,0.831461107894229,0.36290070972165,0.1332655170113708,0.413878391714701,0.1594501119592395,0.478427917619954,-2.0074717574637315,0.9242202136649678,0.2944547317320821,0.0872691883059831,0.2963755677914779,-1.4828262609521854,0.7545454545454545,0.759235668789809,0.2679147837314396,0.9636216653193208,0.3954263935207242,training_count_balanced_class_weights
fasting subsample,combined comparison sample,model0_paired_combined,Model 0 paired combined sample,elastic_net,2011-2012,2294,239,combined_fasting_weight,0.5,fixed_0.50,0.8327038027336371,0.3720379508641906,0.8253835425383542,0.3495047186042944,0.1369739572491241,0.4263316061929334,0.1619115227179074,0.4866657319522375,-1.903388920250112,0.8787775645118191,0.3193629122787827,0.0968836554313234,0.3033653931197571,-1.4010175177778188,0.7447698744769874,0.7600973236009733,0.2652757078986587,0.96241528034504,0.3912087912087911,training_count_balanced_class_weights
fasting subsample,metabolic comparison sample,model0_paired_metabolic,Model 0 paired metabolic sample,elastic_net,2011-2012,2294,239,combined_fasting_weight,0.5,fixed_0.50,0.8327038027336371,0.3720379508641906,0.8253835425383542,0.3495047186042944,0.1369739572491241,0.4263316061929334,0.1619115227179074,0.4866657319522375,-1.903388920250112,0.8787775645118191,0.3193629122787827,0.0968836554313234,0.3033653931197571,-1.4010175177778188,0.7447698744769874,0.7600973236009733,0.2652757078986587,0.96241528034504,0.3912087912087911,training_count_balanced_class_weights
MEC examination sample,renal comparison sample,model1_renal,Model 1 renal,elastic_net,2011-2012,5260,550,combined_mec_weight,0.5,fixed_0.50,0.8457638740237114,0.3926844567756878,0.8387967573827445,0.3861347177990223,0.1285968940180206,0.4047085064479204,0.1546922800102764,0.4703024493902495,-2.001195340087706,0.9187234773096736,0.299624740898562,0.0872691883059831,0.2912616229362986,-1.4581789930713591,0.7672727272727272,0.7713375796178344,0.2815210140093395,0.9659664982717362,0.4119082479258175,training_count_balanced_class_weights
fasting subsample,metabolic comparison sample,model2_metabolic,Model 2 metabolic,elastic_net,2011-2012,2294,239,combined_fasting_weight,0.5,fixed_0.50,0.83350401336419,0.3716663112762188,0.8255688238707511,0.3446149302942174,0.1373513869350643,0.4270306389415346,0.1616118918923421,0.4854773578697426,-1.9090040945728,0.8761861318882959,0.3190198515918352,0.0968836554313234,0.3036916196528098,-1.4025606974073488,0.7405857740585774,0.7630170316301703,0.2665662650602409,0.9619631901840492,0.3920265780730896,training_count_balanced_class_weights
MEC examination sample,inflammatory comparison sample,model3_inflammatory,Model 3 inflammatory,elastic_net,2011-2012,5260,550,combined_mec_weight,0.5,fixed_0.50,0.841853413049285,0.3727606145883061,0.8331939779965258,0.3688882135664957,0.1315928216096085,0.4101348380402454,0.1573736429289737,0.4734149137416799,-1.996285971797962,0.9240593474490892,0.2967575884929045,0.0872691883059831,0.2940756755343081,-1.4717726290007391,0.7527272727272727,0.764755838641189,0.2720105124835742,0.963616907437132,0.3996138996138995,training_count_balanced_class_weights
fasting subsample,combined comparison sample,model4_combined,Model 4 combined biomarkers,elastic_net,2011-2012,2294,239,combined_fasting_weight,0.5,fixed_0.50,0.8392060418733692,0.3964784004766829,0.8324832788687659,0.3670127323907984,0.1301631893422682,0.4124033293075409,0.1553599085058101,0.4755599188283319,-1.8865415496660896,0.8624283177579514,0.3292100846859483,0.0968836554313234,0.2942912745936871,-1.3577079819995688,0.7405857740585774,0.7815085158150852,0.2827476038338658,0.9628297362110312,0.4092485549132948,training_count_balanced_class_weights
MEC examination sample,core MEC target sample,model0_core,Model 0 core clinical,elastic_net,2013-2014,5522,573,combined_mec_weight,0.5,fixed_0.50,0.8450418192620109,0.3628812663581525,0.8357674104839696,0.385050182372766,0.1401774426393393,0.4292624921728645,0.1611732928353663,0.4805343224495578,-2.0684549023422565,0.9574373050347398,0.2856556489354648,0.088149862833457,0.3085878510085819,-1.529707772658419,0.7504363001745201,0.7508587593453223,0.2585688514732411,0.9629437678154964,0.3846153846153847,training_count_balanced_class_weights
fasting subsample,combined comparison sample,model0_paired_combined,Model 0 paired combined sample,elastic_net,2013-2014,2370,244,combined_fasting_weight,0.5,fixed_0.50,0.868034236216582,0.4001702230104723,0.8450064000740248,0.4015374572764338,0.1393954335067926,0.4285351414691664,0.1629715673571051,0.4852496301216269,-2.1536068388168674,1.1133657713437013,0.2795404773640634,0.0889931294844987,0.3183550744552721,-1.564649729976897,0.7745901639344263,0.742238946378175,0.2564450474898236,0.966319657072872,0.3853211009174312,training_count_balanced_class_weights
fasting subsample,metabolic comparison sample,model0_paired_metabolic,Model 0 paired metabolic sample,elastic_net,2013-2014,2370,244,combined_fasting_weight,0.5,fixed_0.50,0.868034236216582,0.4001702230104723,0.8450064000740248,0.4015374572764338,0.1393954335067926,0.4285351414691664,0.1629715673571051,0.4852496301216269,-2.1536068388168674,1.1133657713437013,0.2795404773640634,0.0889931294844987,0.3183550744552721,-1.564649729976897,0.7745901639344263,0.742238946378175,0.2564450474898236,0.966319657072872,0.3853211009174312,training_count_balanced_class_weights
MEC examination sample,renal comparison sample,model1_renal,Model 1 renal,elastic_net,2013-2014,5522,573,combined_mec_weight,0.5,fixed_0.50,0.8520461508985204,0.3822986983207656,0.8449472578415016,0.4026098110459872,0.1388945356614447,0.428383838979455,0.1588230051689078,0.4781200650772397,-2.10365064379306,0.9674378809982476,0.2846120793930016,0.088149862833457,0.3097193310328083,-1.535005522608469,0.774869109947644,0.7551020408163265,0.2681159420289855,0.9666321779617176,0.3983849259757739,training_count_balanced_class_weights
fasting subsample,metabolic comparison sample,model2_metabolic,Model 2 metabolic,elastic_net,2013-2014,2370,244,combined_fasting_weight,0.5,fixed_0.50,0.867660678674046,0.3995642375425928,0.8467587094983269,0.4015385452087334,0.1384578928652236,0.4261898941320799,0.1614313393526053,0.4813237119933146,-2.1448893693195945,1.102357728466539,0.2815803059785567,0.0889931294844987,0.3160488414671864,-1.5540015228412654,0.7909836065573771,0.7436500470366886,0.2615176151761517,0.96875,0.3930753564154786,training_count_balanced_class_weights
MEC examination sample,inflammatory comparison sample,model3_inflammatory,Model 3 inflammatory,elastic_net,2013-2014,5522,573,combined_mec_weight,0.5,fixed_0.50,0.845860135691576,0.3648727952028792,0.8378811168861303,0.3877567744545134,0.1408892099743756,0.4323623134171065,0.1614088890433475,0.4828155239407322,-2.0867640129152165,0.946427549313776,0.2841316399754398,0.088149862833457,0.3102430367877249,-1.537453972146687,0.7696335078534031,0.7512628813901798,0.263755980861244,0.9657142857142856,0.3928730512249443,training_count_balanced_class_weights
fasting subsample,combined comparison sample,model4_combined,Model 4 combined biomarkers,elastic_net,2013-2014,2370,244,combined_fasting_weight,0.5,fixed_0.50,0.8722782140327892,0.4222996668507366,0.8564995450549789,0.4255067958509205,0.1371822079448323,0.4278987199108057,0.158553260937776,0.4801815942366392,-2.1851860926579096,1.0654833529535224,0.2801504248684917,0.0889931294844987,0.317661947242357,-1.561453813792205,0.7909836065573771,0.7563499529633114,0.2714486638537271,0.969258589511754,0.4041884816753927,training_count_balanced_class_weights
MEC examination sample,core MEC target sample,model0_core,Model 0 core clinical,elastic_net,2015-2016,5404,597,combined_mec_weight,0.5,fixed_0.50,0.8612705232451702,0.3514578586692067,0.8428854626087933,0.3728592195460479,0.1415803612767465,0.4334690716079629,0.1652471167227981,0.491909423061024,-2.1496615857464576,1.0285281661831602,0.2766155938814524,0.0873010721421241,0.3156043045770523,-1.5729962967231188,0.7956448911222781,0.7434990638651966,0.2781030444964871,0.966991341991342,0.4121475054229935,training_count_balanced_class_weights
fasting subsample,combined comparison sample,model0_paired_combined,Model 0 paired combined sample,elastic_net,2015-2016,2246,266,combined_fasting_weight,0.5,fixed_0.50,0.8581610205089456,0.3683068013094867,0.8298074732285259,0.3748992849108498,0.1470333044612201,0.4477845892382934,0.1765743048723417,0.5215661330916904,-2.158475175116112,1.0531816301624708,0.2765767764064301,0.0905733473179241,0.3274799442481984,-1.5870492394440374,0.8082706766917294,0.7212121212121212,0.2803129074315515,0.9655172413793104,0.4162633107454017,training_count_balanced_class_weights
fasting subsample,metabolic comparison sample,model0_paired_metabolic,Model 0 paired metabolic sample,elastic_net,2015-2016,2246,266,combined_fasting_weight,0.5,fixed_0.50,0.8581610205089456,0.3683068013094867,0.8298074732285259,0.3748992849108498,0.1470333044612201,0.4477845892382934,0.1765743048723417,0.5215661330916904,-2.158475175116112,1.0531816301624708,0.2765767764064301,0.0905733473179241,0.3274799442481984,-1.5870492394440374,0.8082706766917294,0.7212121212121212,0.2803129074315515,0.9655172413793104,0.4162633107454017,training_count_balanced_class_weights
MEC examination sample,renal comparison sample,model1_renal,Model 1 renal,elastic_net,2015-2016,5404,597,combined_mec_weight,0.5,fixed_0.50,0.8662459723647056,0.3659750935810407,0.8520858226365164,0.3930871278541229,0.13656559172055,0.4242267702205299,0.1593650749088242,0.4818957933105001,-2.1309421174541487,1.0025420503230178,0.2819424704897678,0.0873010721421241,0.3096414385192544,-1.5452471821030378,0.8023450586264657,0.7557728312877054,0.2897761645493042,0.9685417222074112,0.4257777777777777,training_count_balanced_class_weights
fasting subsample,metabolic comparison sample,model2_metabolic,Model 2 metabolic,elastic_net,2015-2016,2246,266,combined_fasting_weight,0.5,fixed_0.50,0.8592857356600114,0.3722093838992563,0.8310663021189337,0.3714255596592498,0.1470302664435097,0.4472856879715354,0.1760977269765302,0.5202724478055524,-2.165415177638959,1.058205332412164,0.2768007465039871,0.0905733473179241,0.3272149676685194,-1.585845845702451,0.8082706766917294,0.7227272727272728,0.281413612565445,0.9655870445344128,0.4174757281553398,training_count_balanced_class_weights
MEC examination sample,inflammatory comparison sample,model3_inflammatory,Model 3 inflammatory,elastic_net,2015-2016,5404,597,combined_mec_weight,0.5,fixed_0.50,0.8621425680491899,0.3609421417204639,0.8444085764095423,0.3861787385253349,0.1417194773916519,0.4346517004751574,0.1649289693060366,0.4921066489990269,-2.161947074005975,1.0209095771208965,0.276007260788748,0.0873010721421241,0.3162999114321964,-1.5762148167730934,0.7956448911222781,0.74537133347202,0.279576221306651,0.9670715249662618,0.4137630662020906,training_count_balanced_class_weights
fasting subsample,combined comparison sample,model4_combined,Model 4 combined biomarkers,elastic_net,2015-2016,2246,266,combined_fasting_weight,0.5,fixed_0.50,0.8667716253572351,0.4059236941225448,0.8437552213868004,0.4133834660830923,0.1403755037573783,0.4337796857972925,0.1684090261408939,0.5060074844618169,-2.149720963452574,1.041542493558578,0.283291273690692,0.0905733473179241,0.3197180984007842,-1.551586750490891,0.7969924812030075,0.7434343434343434,0.2944444444444444,0.9646133682830932,0.4300202839756592,training_count_balanced_class_weights
MEC examination sample,core MEC target sample,model0_core,Model 0 core clinical,elastic_net,2017-2018,5209,646,combined_mec_weight,0.5,fixed_0.50,0.8513398531364469,0.3704632800859185,0.8244440237771983,0.3817519957178238,0.14785878642153,0.4496925659467686,0.1871477452307974,0.5489522802590682,-2.064443155129353,0.97419833372441,0.2961171444047944,0.0963747859305344,0.3254616889010297,-1.5093863597545958,0.8080495356037152,0.6986631602016218,0.2751713231418028,0.96256038647343,0.4105387337790012,training_count_balanced_class_weights
fasting subsample,combined comparison sample,model0_paired_combined,Model 0 paired combined sample,elastic_net,2017-2018,2279,287,combined_fasting_weight,0.5,fixed_0.50,0.831745376858833,0.3363852067855428,0.8183063263506989,0.3767449447708952,0.1579678178703528,0.4748423157428679,0.1924754744023164,0.5638960243756527,-2.030714771840855,0.8753801363967995,0.2984190360605362,0.0998769339312416,0.3346868726932719,-1.511530315008689,0.8048780487804879,0.695281124497992,0.2756563245823389,0.9611380985426788,0.4106666666666667,training_count_balanced_class_weights
fasting subsample,metabolic comparison sample,model0_paired_metabolic,Model 0 paired metabolic sample,elastic_net,2017-2018,2279,287,combined_fasting_weight,0.5,fixed_0.50,0.831745376858833,0.3363852067855428,0.8183063263506989,0.3767449447708952,0.1579678178703528,0.4748423157428679,0.1924754744023164,0.5638960243756527,-2.030714771840855,0.8753801363967995,0.2984190360605362,0.0998769339312416,0.3346868726932719,-1.511530315008689,0.8048780487804879,0.695281124497992,0.2756563245823389,0.9611380985426788,0.4106666666666667,training_count_balanced_class_weights
MEC examination sample,renal comparison sample,model1_renal,Model 1 renal,elastic_net,2017-2018,5209,646,combined_mec_weight,0.5,fixed_0.50,0.853325671259882,0.3801763294958143,0.830791349724429,0.3971410101630961,0.1440560960812265,0.4423677260448145,0.1824597586883332,0.540873273319199,-2.040571079638453,0.9496418634369436,0.3009361249770766,0.0963747859305344,0.3202499731060061,-1.4855468112754353,0.7863777089783281,0.7120315581854043,0.278814489571899,0.9592559787422498,0.4116693679092383,training_count_balanced_class_weights
fasting subsample,metabolic comparison sample,model2_metabolic,Model 2 metabolic,elastic_net,2017-2018,2279,287,combined_fasting_weight,0.5,fixed_0.50,0.8318404558175003,0.3336929721774078,0.8199068049200284,0.3783934909161066,0.1569627872343537,0.4721990139757369,0.1907193476879052,0.5590120138788707,-2.016207163986946,0.8647060214250375,0.3007770892760835,0.0998769339312416,0.3320629711911485,-1.4997234489874385,0.8013937282229965,0.7018072289156626,0.279126213592233,0.9608247422680412,0.4140414041404139,training_count_balanced_class_weights
MEC examination sample,inflammatory comparison sample,model3_inflammatory,Model 3 inflammatory,elastic_net,2017-2018,5209,646,combined_mec_weight,0.5,fixed_0.50,0.8519192954821875,0.3643684598843267,0.8254431084866902,0.379326009069024,0.1475680673027358,0.4502155995512696,0.1864811824239659,0.5488365116847497,-2.065163780260366,0.9598265470807342,0.29647522298384,0.0963747859305344,0.3250686008786225,-1.5075952624594682,0.8018575851393189,0.7021696252465484,0.2759722962173681,0.9615846338535414,0.4106222750693619,training_count_balanced_class_weights
fasting subsample,combined comparison sample,model4_combined,Model 4 combined biomarkers,elastic_net,2017-2018,2279,287,combined_fasting_weight,0.5,fixed_0.50,0.8354267693646037,0.3648819341045057,0.8314040132656061,0.4139012163202736,0.1506333393750843,0.4604360489173346,0.1833924219800596,0.5463650795778195,-1.9942592004580864,0.8339414664245817,0.3087249842544012,0.0998769339312416,0.3235142571063805,-1.460924538450323,0.7700348432055749,0.7163654618473896,0.2811704834605598,0.955793703951775,0.4119291705498601,training_count_balanced_class_weights
MEC examination sample,core MEC target sample,model0_core,Model 0 core clinical,xgboost,2005-2006,4448,533,combined_mec_weight,0.5,fixed_0.50,0.8528593830395983,0.4148612844690726,0.8465583135053277,0.442012080244361,0.1209449911982305,0.3820973714315119,0.1511330902576446,0.4532334680654905,-1.85225628756581,1.0926830641458904,0.3146489228281385,0.0895836535532119,0.2847098688532381,-1.3975115726427518,0.7898686679174484,0.7701149425287356,0.3186979560938683,0.9641829229293252,0.4541531823085221,training_negatives_divided_by_training_positives
fasting subsample,combined comparison sample,model0_paired_combined,Model 0 paired combined sample,xgboost,2005-2006,1836,216,combined_fasting_weight,0.5,fixed_0.50,0.8393327610351831,0.3899139767694884,0.8332475994513031,0.407403579547178,0.1284981930763802,0.4048040237617842,0.1628917902708053,0.4859484598991475,-1.825277765240937,1.0010760599630837,0.3205070494440192,0.0951024285360095,0.2967249197825223,-1.3899246542733523,0.7731481481481481,0.7481481481481481,0.2904347826086956,0.9611419508326724,0.4222503160556258,training_negatives_divided_by_training_positives
fasting subsample,metabolic comparison sample,model0_paired_metabolic,Model 0 paired metabolic sample,xgboost,2005-2006,1836,216,combined_fasting_weight,0.5,fixed_0.50,0.8393327610351831,0.3899139767694884,0.8332475994513031,0.407403579547178,0.1284981930763802,0.4048040237617842,0.1628917902708053,0.4859484598991475,-1.825277765240937,1.0010760599630837,0.3205070494440192,0.0951024285360095,0.2967249197825223,-1.3899246542733523,0.7731481481481481,0.7481481481481481,0.2904347826086956,0.9611419508326724,0.4222503160556258,training_negatives_divided_by_training_positives
MEC examination sample,renal comparison sample,model1_renal,Model 1 renal,xgboost,2005-2006,4448,533,combined_mec_weight,0.5,fixed_0.50,0.8555672812791224,0.4257224488840896,0.8523655828954398,0.4574549369263311,0.1186655106242432,0.3729438541657894,0.1505408436059951,0.4508050861444823,-1.8551268078434644,0.9867581556711288,0.3277658023287078,0.0895836535532119,0.2733160473628998,-1.3408663065022686,0.7786116322701688,0.7701149425287356,0.3155893536121673,0.962336418767954,0.4491341991341991,training_negatives_divided_by_training_positives
fasting subsample,metabolic comparison sample,model2_metabolic,Model 2 metabolic,xgboost,2005-2006,1836,216,combined_fasting_weight,0.5,fixed_0.50,0.8435615115119155,0.3971838643832987,0.8345164609053498,0.4127395271920046,0.1275929793790283,0.3983747141338601,0.1632890254259109,0.4836843611685874,-1.8217244218544268,0.9681527201812458,0.3283450048280716,0.0951024285360095,0.2896417705084539,-1.355742744628819,0.7731481481481481,0.7438271604938271,0.2869415807560137,0.9609250398724084,0.4185463659147869,training_negatives_divided_by_training_positives
MEC examination sample,inflammatory comparison sample,model3_inflammatory,Model 3 inflammatory,xgboost,2005-2006,4448,533,combined_mec_weight,0.5,fixed_0.50,0.8539901211895248,0.4090423558202041,0.8475737949245098,0.4328698598302906,0.1199530621335609,0.3802629923076935,0.1498443633317947,0.4507062175119685,-1.8433364052711705,1.09933870946655,0.3155657080900638,0.0895836535532119,0.2838827263437775,-1.3934464270314304,0.7842401500938087,0.7762452107279694,0.3230293663060278,0.9635383639822448,0.4575807334428023,training_negatives_divided_by_training_positives
fasting subsample,combined comparison sample,model4_combined,Model 4 combined biomarkers,xgboost,2005-2006,1836,216,combined_fasting_weight,0.5,fixed_0.50,0.8509257351292133,0.4382138133875297,0.8470650434385002,0.4569934676448099,0.1247043840388945,0.3935557825609541,0.1570414900779724,0.4692943973902222,-1.8311328679875123,1.0575498583931355,0.3248244589261705,0.0951024285360095,0.2927809957735522,-1.3709517420914237,0.7962962962962963,0.7598765432098765,0.3065953654188948,0.9654901960784312,0.4427284427284427,training_negatives_divided_by_training_positives
MEC examination sample,core MEC target sample,model0_core,Model 0 core clinical,xgboost,2007-2008,5649,677,combined_mec_weight,0.5,fixed_0.50,0.8617055803493865,0.4056455649431483,0.8358668217052421,0.4148734562230038,0.1269431004125164,0.3962787538274987,0.1689690053462982,0.4979452785780536,-2.0088170246317905,1.113842351572862,0.2919681356423899,0.086286136260994,0.2955327165108165,-1.4911861793286776,0.7858197932053176,0.7268704746580853,0.2814814814814815,0.9614259111465816,0.4144916244643553,training_negatives_divided_by_training_positives
fasting subsample,combined comparison sample,model0_paired_combined,Model 0 paired combined sample,xgboost,2007-2008,2337,288,combined_fasting_weight,0.5,fixed_0.50,0.8648311705794035,0.4109987131684141,0.8300322650615476,0.4064056142513887,0.1263525584773149,0.397790679465412,0.1710039377212524,0.5065862843567492,-1.9828234758512808,1.0933238349440757,0.3005756624762687,0.0895634391907447,0.2979730243389749,-1.4620081595655252,0.7673611111111112,0.7271839921913128,0.2833333333333333,0.9569685292228644,0.4138576779026217,training_negatives_divided_by_training_positives
fasting subsample,metabolic comparison sample,model0_paired_metabolic,Model 0 paired metabolic sample,xgboost,2007-2008,2337,288,combined_fasting_weight,0.5,fixed_0.50,0.8648311705794035,0.4109987131684141,0.8300322650615476,0.4064056142513887,0.1263525584773149,0.397790679465412,0.1710039377212524,0.5065862843567492,-1.9828234758512808,1.0933238349440757,0.3005756624762687,0.0895634391907447,0.2979730243389749,-1.4620081595655252,0.7673611111111112,0.7271839921913128,0.2833333333333333,0.9569685292228644,0.4138576779026217,training_negatives_divided_by_training_positives
MEC examination sample,renal comparison sample,model1_renal,Model 1 renal,xgboost,2007-2008,5649,677,combined_mec_weight,0.5,fixed_0.50,0.8637070422673633,0.4178656991867459,0.8406380011669485,0.4271713092512669,0.1235731748663003,0.3893713528312246,0.1643262654542923,0.4882039776448333,-1.98987634749384,1.113618530461582,0.295771089331035,0.086286136260994,0.2917328277626899,-1.4728655493462262,0.7769571639586411,0.7373290426387772,0.287117903930131,0.9604401362326436,0.4192905540055799,training_negatives_divided_by_training_positives
fasting subsample,metabolic comparison sample,model2_metabolic,Model 2 metabolic,xgboost,2007-2008,2337,288,combined_fasting_weight,0.5,fixed_0.50,0.8689927879854573,0.416014780322565,0.8338586573396236,0.4089382929615251,0.1257028877292284,0.3955987908100019,0.1702235043048858,0.5041020458926899,-1.987351525489118,1.1128955259211388,0.3010851075445267,0.0895634391907447,0.2974688450092119,-1.4595967775429377,0.7673611111111112,0.7247437774524158,0.2815286624203821,0.9568298969072164,0.4119291705498602,training_negatives_divided_by_training_positives
MEC examination sample,inflammatory comparison sample,model3_inflammatory,Model 3 inflammatory,xgboost,2007-2008,5649,677,combined_mec_weight,0.5,fixed_0.50,0.8608112495465784,0.4117819653821804,0.8364658928997957,0.4201974159396244,0.1255846534195762,0.3931932371726671,0.166497603058815,0.4922190982728568,-1.9893516176549428,1.1093534396357128,0.2940968514668264,0.086286136260994,0.2933936076861637,-1.4808898207442431,0.7799113737075333,0.7314963797264682,0.2834138486312399,0.9606444796619124,0.415748031496063,training_negatives_divided_by_training_positives
fasting subsample,combined comparison sample,model4_combined,Model 4 combined biomarkers,xgboost,2007-2008,2337,288,combined_fasting_weight,0.5,fixed_0.50,0.872236377477115,0.4380459739966386,0.8419554254107694,0.4458230228904354,0.119677684902978,0.3795626787283873,0.1613397300243377,0.4807928563705156,-1.9326390597978784,1.1350718899032453,0.3116008490256158,0.0895634391907447,0.2874300229630696,-1.4110783411815586,0.7604166666666666,0.7408491947291361,0.292,0.9565217391304348,0.4219653179190751,training_negatives_divided_by_training_positives
MEC examination sample,core MEC target sample,model0_core,Model 0 core clinical,xgboost,2009-2010,5990,646,combined_mec_weight,0.5,fixed_0.50,0.849564907725362,0.3545466261348087,0.8401856310598617,0.3899832877689828,0.1292687254610835,0.4019510543745511,0.1597731113433838,0.4763383786687065,-2.0570860386516534,1.0209325076876834,0.2767827792164277,0.0810749535580189,0.2929190673911945,-1.5465816974813809,0.7832817337461301,0.750935628742515,0.2754491017964072,0.9662894293281964,0.4075714861055175,training_negatives_divided_by_training_positives
fasting subsample,combined comparison sample,model0_paired_combined,Model 0 paired combined sample,xgboost,2009-2010,2594,273,combined_fasting_weight,0.5,fixed_0.50,0.8361010443129384,0.3714312004195117,0.8376031551387001,0.4054314644337578,0.1299599700541907,0.4028761208380106,0.1577754616737365,0.4709325017004911,-2.019317103992867,0.99381826608154,0.2792253112629407,0.0815187617743325,0.2919461756730501,-1.535937619861743,0.7728937728937729,0.7509694097371823,0.2674271229404309,0.965650969529086,0.3973634651600753,training_negatives_divided_by_training_positives
fasting subsample,metabolic comparison sample,model0_paired_metabolic,Model 0 paired metabolic sample,xgboost,2009-2010,2594,273,combined_fasting_weight,0.5,fixed_0.50,0.8361010443129384,0.3714312004195117,0.8376031551387001,0.4054314644337578,0.1299599700541907,0.4028761208380106,0.1577754616737365,0.4709325017004911,-2.019317103992867,0.99381826608154,0.2792253112629407,0.0815187617743325,0.2919461756730501,-1.535937619861743,0.7728937728937729,0.7509694097371823,0.2674271229404309,0.965650969529086,0.3973634651600753,training_negatives_divided_by_training_positives
MEC examination sample,renal comparison sample,model1_renal,Model 1 renal,xgboost,2009-2010,5990,646,combined_mec_weight,0.5,fixed_0.50,0.8524081842438332,0.3510608269835791,0.8440725456980777,0.3929771859856437,0.1245599979422651,0.3917628754564701,0.1542495787143707,0.4649147415306722,-2.0211273685772038,1.0046508585759977,0.2838087661162912,0.0810749535580189,0.2856675453245102,-1.5113107087271769,0.7786377708978328,0.7666541916167665,0.2874285714285714,0.9662735849056604,0.4198664440734557,training_negatives_divided_by_training_positives
fasting subsample,metabolic comparison sample,model2_metabolic,Model 2 metabolic,xgboost,2009-2010,2594,273,combined_fasting_weight,0.5,fixed_0.50,0.8375809802078402,0.3690942728266637,0.8403918356524992,0.4095307077048742,0.1304219343785217,0.4023691577410286,0.1587436944246292,0.4725670854995226,-2.030616521838231,0.9536060224214596,0.2819643853068875,0.0815187617743325,0.2891101359684426,-1.5221784722717784,0.7765567765567766,0.7406290392072382,0.2604422604422604,0.9657303370786516,0.390064397424103,training_negatives_divided_by_training_positives
MEC examination sample,inflammatory comparison sample,model3_inflammatory,Model 3 inflammatory,xgboost,2009-2010,5990,646,combined_mec_weight,0.5,fixed_0.50,0.8494555865831449,0.3558838856887144,0.8409237059935855,0.3911110738066898,0.1292709805951512,0.4015523698200353,0.159915879368782,0.4773915751621354,-2.067059642275547,0.962255318737613,0.2801280074756873,0.0810749535580189,0.2894210910526522,-1.529633167325021,0.7894736842105263,0.750561377245509,0.2767227346717308,0.967205208584519,0.4098031337886701,training_negatives_divided_by_training_positives
fasting subsample,combined comparison sample,model4_combined,Model 4 combined biomarkers,xgboost,2009-2010,2594,273,combined_fasting_weight,0.5,fixed_0.50,0.8386805828454057,0.3578983824575198,0.8437281517850238,0.4073538223056454,0.1253542519240998,0.3913541458263068,0.151799738407135,0.4578545384287699,-1.988852713632824,0.9105051240339824,0.2919642371780336,0.0815187617743325,0.2792080378139743,-1.4734948825500245,0.7765567765567766,0.7690650581645843,0.2834224598930481,0.966955579631636,0.4152791380999021,training_negatives_divided_by_training_positives
MEC examination sample,core MEC target sample,model0_core,Model 0 core clinical,xgboost,2011-2012,5260,550,combined_mec_weight,0.5,fixed_0.50,0.8437125542558492,0.3753641101664707,0.8340833815865663,0.3740469652960592,0.1268383470414826,0.3928315628631978,0.1527561098337173,0.455270717427345,-1.9193542278087967,0.9304186811221886,0.3095767313875005,0.0872691883059831,0.2818984098541545,-1.4123792454087298,0.7563636363636363,0.7656050955414013,0.2736842105263158,0.9641711229946524,0.4019323671497585,training_negatives_divided_by_training_positives
fasting subsample,combined comparison sample,model0_paired_combined,Model 0 paired combined sample,xgboost,2011-2012,2294,239,combined_fasting_weight,0.5,fixed_0.50,0.829275733873773,0.3790919573697027,0.8264015718372375,0.3661652339927806,0.1291994150819018,0.4035369884254311,0.1518779098987579,0.4561081497407276,-1.7789638084030828,0.9471011567292263,0.3322854923653534,0.0968836554313234,0.2915675154568538,-1.3445573891324774,0.7489539748953975,0.7727493917274939,0.2770897832817337,0.9635922330097088,0.4045197740112993,training_negatives_divided_by_training_positives
fasting subsample,metabolic comparison sample,model0_paired_metabolic,Model 0 paired metabolic sample,xgboost,2011-2012,2294,239,combined_fasting_weight,0.5,fixed_0.50,0.829275733873773,0.3790919573697027,0.8264015718372375,0.3661652339927806,0.1291994150819018,0.4035369884254311,0.1518779098987579,0.4561081497407276,-1.7789638084030828,0.9471011567292263,0.3322854923653534,0.0968836554313234,0.2915675154568538,-1.3445573891324774,0.7489539748953975,0.7727493917274939,0.2770897832817337,0.9635922330097088,0.4045197740112993,training_negatives_divided_by_training_positives
MEC examination sample,renal comparison sample,model1_renal,Model 1 renal,xgboost,2011-2012,5260,550,combined_mec_weight,0.5,fixed_0.50,0.8478498137907075,0.397307066596738,0.8407280447790003,0.3955011351103653,0.1249873916546469,0.3922424666534984,0.150648683309555,0.455027939490433,-1.9433445706720545,0.9496955263076384,0.306953781806032,0.0872691883059831,0.2843072588730301,-1.4242481460326206,0.7527272727272727,0.7723991507430998,0.278600269179004,0.963963963963964,0.4066797642436149,training_negatives_divided_by_training_positives
fasting subsample,metabolic comparison sample,model2_metabolic,Model 2 metabolic,xgboost,2011-2012,2294,239,combined_fasting_weight,0.5,fixed_0.50,0.8305063175364295,0.3682051429976062,0.8286595608221605,0.3596806415471303,0.1296699830982945,0.4041586024746199,0.1512565910816192,0.4540430723760831,-1.7828687920010773,0.9441757242844008,0.3323095161111221,0.0968836554313234,0.2915464370840532,-1.344455340141259,0.7531380753138075,0.770316301703163,0.2760736196319018,0.964068209500609,0.4040404040404041,training_negatives_divided_by_training_positives
MEC examination sample,inflammatory comparison sample,model3_inflammatory,Model 3 inflammatory,xgboost,2011-2012,5260,550,combined_mec_weight,0.5,fixed_0.50,0.8431335953967328,0.3801241447217288,0.8350075275043427,0.3823259810139179,0.1245750948378854,0.3871557710724204,0.1499089300632476,0.4488133064465284,-1.8983898354126425,0.9142119331163268,0.3150357707937639,0.0872691883059831,0.27701358511162,-1.3881196542591498,0.7436363636363637,0.7745222929936306,0.2780421481985044,0.9627870150435472,0.404750123701138,training_negatives_divided_by_training_positives
fasting subsample,combined comparison sample,model4_combined,Model 4 combined biomarkers,xgboost,2011-2012,2294,239,combined_fasting_weight,0.5,fixed_0.50,0.8321716681457303,0.4010185720967761,0.8312860764132791,0.3815332402497941,0.1242035442177813,0.3925152187646755,0.1450424343347549,0.4414813883132087,-1.7506499352706115,0.9554793545781578,0.3400606973192168,0.0968836554313234,0.2849010667656728,-1.3120616418822562,0.7322175732217573,0.7951338199513382,0.2936241610738255,0.9623085983510012,0.4191616766467065,training_negatives_divided_by_training_positives
MEC examination sample,core MEC target sample,model0_core,Model 0 core clinical,xgboost,2013-2014,5522,573,combined_mec_weight,0.5,fixed_0.50,0.8459087490658828,0.396585610022113,0.8380683671529884,0.4021512935827926,0.1378401581354996,0.4172661474444672,0.1568806618452072,0.4642545291692258,-2.034454591184002,0.9256551171967072,0.2965290688578142,0.088149862833457,0.2972722477866913,-1.4761161275422976,0.7364746945898778,0.7524752475247525,0.2562234365513054,0.961032258064516,0.3801801801801802,training_negatives_divided_by_training_positives
fasting subsample,combined comparison sample,model0_paired_combined,Model 0 paired combined sample,xgboost,2013-2014,2370,244,combined_fasting_weight,0.5,fixed_0.50,0.869178855014389,0.4155240945105583,0.8496715142729362,0.4094746971284146,0.1356793867174315,0.4175325792742531,0.157909095287323,0.4709745707961573,-2.114904655597149,1.1451063283217764,0.2851817595802438,0.0889931294844987,0.3120575790523447,-1.5354738440912152,0.7827868852459017,0.7502351834430856,0.2645429362880886,0.9678398058252428,0.3954451345755694,training_negatives_divided_by_training_positives
fasting subsample,metabolic comparison sample,model0_paired_metabolic,Model 0 paired metabolic sample,xgboost,2013-2014,2370,244,combined_fasting_weight,0.5,fixed_0.50,0.869178855014389,0.4155240945105583,0.8496715142729362,0.4094746971284146,0.1356793867174315,0.4175325792742531,0.157909095287323,0.4709745707961573,-2.114904655597149,1.1451063283217764,0.2851817595802438,0.0889931294844987,0.3120575790523447,-1.5354738440912152,0.7827868852459017,0.7502351834430856,0.2645429362880886,0.9678398058252428,0.3954451345755694,training_negatives_divided_by_training_positives
MEC examination sample,renal comparison sample,model1_renal,Model 1 renal,xgboost,2013-2014,5522,573,combined_mec_weight,0.5,fixed_0.50,0.8528933175199089,0.4077618998497332,0.8463119631762301,0.4167904244600367,0.1360198464675045,0.415084106909928,0.1541368812322616,0.4600910328820614,-2.061057460938838,0.9596927935506148,0.294879322221088,0.088149862833457,0.2989353820047307,-1.484064674320586,0.7539267015706806,0.7631844817134775,0.2693266832917705,0.9640122511485452,0.3968764354616445,training_negatives_divided_by_training_positives
fasting subsample,metabolic comparison sample,model2_metabolic,Model 2 metabolic,xgboost,2013-2014,2370,244,combined_fasting_weight,0.5,fixed_0.50,0.8670815374421017,0.4201902073596762,0.8473235353083602,0.4092136813006938,0.1350254951981678,0.4151639118109744,0.156861275434494,0.4676494823690938,-2.100162436919134,1.13103238342126,0.2874881913971894,0.0889931294844987,0.3095540343830927,-1.5237862161572844,0.7622950819672131,0.7530573847601129,0.2616033755274262,0.9650391802290536,0.3895287958115184,training_negatives_divided_by_training_positives
MEC examination sample,inflammatory comparison sample,model3_inflammatory,Model 3 inflammatory,xgboost,2013-2014,5522,573,combined_mec_weight,0.5,fixed_0.50,0.8485453209814791,0.3953544275791088,0.8407894908520663,0.3998806729567569,0.1397706864499557,0.4270061546822871,0.1577723920345306,0.4706621354350139,-2.0805474522505985,1.0238938502380617,0.2834993546713489,0.088149862833457,0.3109349682141115,-1.5406854330823314,0.7591623036649214,0.7526773085471813,0.2622061482820976,0.9642764690654932,0.389784946236559,training_negatives_divided_by_training_positives
fasting subsample,combined comparison sample,model4_combined,Model 4 combined biomarkers,xgboost,2013-2014,2370,244,combined_fasting_weight,0.5,fixed_0.50,0.8664677915457107,0.4491015566444959,0.8537602362629737,0.4503372870857182,0.1336817246135318,0.4133963182507115,0.1525555253028869,0.4591802952585977,-2.103871366071159,1.1196998074774256,0.2879752798287628,0.0889931294844987,0.3090304471182951,-1.5213353150219338,0.7663934426229508,0.7662276575729069,0.2733918128654971,0.9661921708185054,0.4030172413793103,training_negatives_divided_by_training_positives
MEC examination sample,core MEC target sample,model0_core,Model 0 core clinical,xgboost,2015-2016,5404,597,combined_mec_weight,0.5,fixed_0.50,0.8665613111234032,0.3732934941384495,0.8482151413053061,0.4003611534253902,0.1383508988604543,0.4236689698365943,0.1629864275455474,0.4837937578640993,-2.14107594269941,1.0608965686306002,0.2806685100206229,0.0873010721421241,0.3110469077407702,-1.5518138626943072,0.8140703517587939,0.7387143748699813,0.2789896670493685,0.9696886947023484,0.4155622060709705,training_negatives_divided_by_training_positives
fasting subsample,combined comparison sample,model0_paired_combined,Model 0 paired combined sample,xgboost,2015-2016,2246,266,combined_fasting_weight,0.5,fixed_0.50,0.8602255331996667,0.3974770603727225,0.8369731146046936,0.4022196051181093,0.144346425584687,0.4378333804026101,0.1737325191497802,0.5090314065556554,-2.15239820023932,1.1257567133192126,0.2797693281358586,0.0905733473179241,0.3237429489552225,-1.57003093558904,0.8157894736842105,0.7191919191919192,0.2807244501940492,0.96673455532926,0.4177093358999038,training_negatives_divided_by_training_positives
fasting subsample,metabolic comparison sample,model0_paired_metabolic,Model 0 paired metabolic sample,xgboost,2015-2016,2246,266,combined_fasting_weight,0.5,fixed_0.50,0.8602255331996667,0.3974770603727225,0.8369731146046936,0.4022196051181093,0.144346425584687,0.4378333804026101,0.1737325191497802,0.5090314065556554,-2.15239820023932,1.1257567133192126,0.2797693281358586,0.0905733473179241,0.3237429489552225,-1.57003093558904,0.8157894736842105,0.7191919191919192,0.2807244501940492,0.96673455532926,0.4177093358999038,training_negatives_divided_by_training_positives
MEC examination sample,renal comparison sample,model1_renal,Model 1 renal,xgboost,2015-2016,5404,597,combined_mec_weight,0.5,fixed_0.50,0.8679629213788581,0.3817770177807382,0.85378002975142,0.4189152378411636,0.1347555514378892,0.4172155079698437,0.1582108438014984,0.4752985914139671,-2.1169595399267065,1.0454909834502588,0.2842189835388472,0.0873010721421241,0.3071612988517769,-1.5336191163498234,0.8056951423785594,0.7522363220303724,0.2876794258373206,0.9689174705251876,0.4239753195240194,training_negatives_divided_by_training_positives
fasting subsample,metabolic comparison sample,model2_metabolic,Model 2 metabolic,xgboost,2015-2016,2246,266,combined_fasting_weight,0.5,fixed_0.50,0.8569983483588339,0.3932822526041434,0.8374287992709045,0.3983143561984352,0.1437288517005568,0.4371498793149874,0.1715304255485534,0.5048003657981114,-2.126469934398823,1.119562585634901,0.2801689798855244,0.0905733473179241,0.3232811403851059,-1.5679207943724067,0.8157894736842105,0.7212121212121212,0.2821846553966189,0.966824644549763,0.4193236714975845,training_negatives_divided_by_training_positives
MEC examination sample,inflammatory comparison sample,model3_inflammatory,Model 3 inflammatory,xgboost,2015-2016,5404,597,combined_mec_weight,0.5,fixed_0.50,0.8671240900435115,0.3730188059688947,0.8486819019861808,0.403829597861812,0.1349581681909022,0.4152925558739632,0.1583893001079559,0.471999998745352,-2.106924235417249,1.0404411450072302,0.2867133883892059,0.0873010721421241,0.3044889972965448,-1.5210314426740577,0.7906197654941374,0.7553567713750781,0.2864077669902912,0.966719914802982,0.420489977728285,training_negatives_divided_by_training_positives
fasting subsample,combined comparison sample,model4_combined,Model 4 combined biomarkers,xgboost,2015-2016,2246,266,combined_fasting_weight,0.5,fixed_0.50,0.86648877347899,0.4304255687426587,0.849857598541809,0.4421910411482233,0.1387018597240207,0.4246595608061432,0.1638932824134826,0.4872527091155558,-2.128101936024211,1.1621167076220251,0.2849828183493486,0.0905733473179241,0.3178203789355963,-1.5428477388099648,0.8045112781954887,0.7429292929292929,0.2959889349930844,0.9658568614576494,0.4327603640040445,training_negatives_divided_by_training_positives
MEC examination sample,core MEC target sample,model0_core,Model 0 core clinical,xgboost,2017-2018,5209,646,combined_mec_weight,0.5,fixed_0.50,0.8504828305368082,0.3617666125641573,0.8219190025572498,0.368364867329672,0.1454630847844386,0.4425683788581809,0.1853900402784347,0.5404902464508239,-2.035105204663931,1.011415720154812,0.2991212402135263,0.0963747859305344,0.3221930540998619,-1.4944584835019523,0.7910216718266254,0.6964716195485426,0.2695147679324894,0.9592514337458496,0.4020456333595594,training_negatives_divided_by_training_positives
fasting subsample,combined comparison sample,model0_paired_combined,Model 0 paired combined sample,xgboost,2017-2018,2279,287,combined_fasting_weight,0.5,fixed_0.50,0.8240760472193143,0.3145343753085848,0.8118947917103957,0.3635360902909261,0.1535015589036029,0.4638799401169104,0.1895430535078048,0.5531272848435235,-1.9620287020735647,0.8606279946323512,0.3064487755227623,0.0998769339312416,0.3259172230688943,-1.4718832409855371,0.7874564459930313,0.6957831325301205,0.2716346153846153,0.9578438147892192,0.4039320822162645,training_negatives_divided_by_training_positives
fasting subsample,metabolic comparison sample,model0_paired_metabolic,Model 0 paired metabolic sample,xgboost,2017-2018,2279,287,combined_fasting_weight,0.5,fixed_0.50,0.8240760472193143,0.3145343753085848,0.8118947917103957,0.3635360902909261,0.1535015589036029,0.4638799401169104,0.1895430535078048,0.5531272848435235,-1.9620287020735647,0.8606279946323512,0.3064487755227623,0.0998769339312416,0.3259172230688943,-1.4718832409855371,0.7874564459930313,0.6957831325301205,0.2716346153846153,0.9578438147892192,0.4039320822162645,training_negatives_divided_by_training_positives
MEC examination sample,renal comparison sample,model1_renal,Model 1 renal,xgboost,2017-2018,5209,646,combined_mec_weight,0.5,fixed_0.50,0.8529333382854768,0.3764892452273117,0.8299259286399081,0.3925124752940632,0.1412356043091096,0.4338035621881081,0.1792565435171127,0.5274478875366987,-2.006211733210639,1.0154329639496025,0.3033529753978475,0.0963747859305344,0.3176985022287614,-1.4738012653993195,0.7910216718266254,0.7144422529037914,0.2816979051819184,0.9602356406480118,0.4154471544715447,training_negatives_divided_by_training_positives
fasting subsample,metabolic comparison sample,model2_metabolic,Model 2 metabolic,xgboost,2017-2018,2279,287,combined_fasting_weight,0.5,fixed_0.50,0.8243819862865671,0.3216940760615885,0.8136150875278116,0.3730509933002459,0.1542806685928237,0.4665649343482975,0.1895700693130493,0.5573521805754554,-1.9655874009447487,0.7898047450625929,0.3109948724703377,0.0998769339312416,0.3211529924525291,-1.4501145663089154,0.7770034843205574,0.7028112449799196,0.2736196319018404,0.9562841530054644,0.4047186932849365,training_negatives_divided_by_training_positives
MEC examination sample,inflammatory comparison sample,model3_inflammatory,Model 3 inflammatory,xgboost,2017-2018,5209,646,combined_mec_weight,0.5,fixed_0.50,0.852035915753828,0.3579306581107414,0.8253783121608794,0.3748228315519478,0.1458068063790859,0.4459067435220661,0.1857048720121383,0.5458239513569396,-2.0461218053371826,0.9481411633204744,0.3002184160255305,0.0963747859305344,0.3210155699520404,-1.4890615074451778,0.8003095975232198,0.7056760902914749,0.2779569892473118,0.961481039116154,0.412609736632083,training_negatives_divided_by_training_positives
fasting subsample,combined comparison sample,model4_combined,Model 4 combined biomarkers,xgboost,2017-2018,2279,287,combined_fasting_weight,0.5,fixed_0.50,0.8196877910029319,0.3472851918500862,0.8194432783398402,0.4111937380603312,0.1487375856025542,0.4517283072694699,0.1803058087825775,0.5301837952186779,-1.9136985191813916,0.8132545930563899,0.3180737647401523,0.0998769339312416,0.3140055704148855,-1.4171339450079494,0.7526132404181185,0.7198795180722891,0.2790697674418604,0.9528239202657808,0.4071630537229029,training_negatives_divided_by_training_positives
