target_population,comparison_sample,model,model_label,algorithm,cycle,n,events,weight_variable,metric,point_estimate,bootstrap_mean,bootstrap_bias,bootstrap_se,ci_lower,ci_upper,ci_level,ci_method,replicate_method,n_replicates_requested,n_replicates_valid,valid_replicate_fraction,design_df
MEC examination sample,core MEC target sample,model0_core,Model 0 core clinical,elastic_net,2005-2006,4448,533,combined_mec_weight,survey_weighted_AUROC,0.8474229053381102,0.8466463477687886,-0.0007765575693216009,0.012248121584597045,0.8217488670993319,0.8696427042702174,0.95,percentile,rao_wu_rescaled_bootstrap,2000,2000,1.0,15
MEC examination sample,core MEC target sample,model0_core,Model 0 core clinical,elastic_net,2005-2006,4448,533,combined_mec_weight,survey_weighted_PR_AUC,0.3786393492735861,0.37976730540075027,0.0011279561271641536,0.02000389161584181,0.33985973900558636,0.4165135206127161,0.95,percentile,rao_wu_rescaled_bootstrap,2000,2000,1.0,15
MEC examination sample,core MEC target sample,model0_core,Model 0 core clinical,elastic_net,2005-2006,4448,533,combined_mec_weight,weighted_Brier,0.0660403112594831,0.06591906864151144,-0.00012124261797166747,0.004257432461498544,0.057884265799272354,0.07411789617033204,0.95,percentile,rao_wu_rescaled_bootstrap,2000,2000,1.0,15
MEC examination sample,core MEC target sample,model0_core,Model 0 core clinical,elastic_net,2005-2006,4448,533,combined_mec_weight,weighted_log_loss,0.22883180313670815,0.22860890732957484,-0.00022289580713330537,0.012979003350993607,0.20499815999226292,0.2532829217303377,0.95,percentile,rao_wu_rescaled_bootstrap,2000,2000,1.0,15
MEC examination sample,core MEC target sample,model0_core,Model 0 core clinical,elastic_net,2005-2006,4448,533,combined_mec_weight,calibration_intercept,0.10594717044057432,0.1037625165214819,-0.002184653919092422,0.11349900803018151,-0.11187333066647226,0.32260404150141436,0.95,percentile,rao_wu_rescaled_bootstrap,2000,2000,1.0,15
MEC examination sample,core MEC target sample,model0_core,Model 0 core clinical,elastic_net,2005-2006,4448,533,combined_mec_weight,calibration_slope,0.994741625358759,0.9959781608941026,0.0012365355353436414,0.05431427102520386,0.8982236827546961,1.1025070396676866,0.95,percentile,rao_wu_rescaled_bootstrap,2000,2000,1.0,15
MEC examination sample,core MEC target sample,model0_core,Model 0 core clinical,elastic_net,2005-2006,4448,533,combined_mec_weight,observed_expected_ratio,1.0890551153797494,1.0880709860598796,-0.0009841293198697976,0.05739260506481495,0.979050339653641,1.2021771469046947,0.95,percentile,rao_wu_rescaled_bootstrap,2000,2000,1.0,15
MEC examination sample,core MEC target sample,model0_core,Model 0 core clinical,elastic_net,2005-2006,4448,533,combined_mec_weight,weighted_observed_prevalence,0.08958365355321198,0.08931859423883771,-0.0002650593143742608,0.0063884241692191744,0.07687501392039414,0.10124378837346713,0.95,percentile,rao_wu_rescaled_bootstrap,2000,2000,1.0,15
MEC examination sample,core MEC target sample,model0_core,Model 0 core clinical,elastic_net,2005-2006,4448,533,combined_mec_weight,weighted_mean_predicted_probability,0.08225814496263992,0.08216435125967442,-9.379370296550005e-05,0.005325130684204721,0.07230058307573559,0.09213729537828237,0.95,percentile,rao_wu_rescaled_bootstrap,2000,2000,1.0,15
MEC examination sample,core MEC target sample,model0_core,Model 0 core clinical,elastic_net,2005-2006,4448,533,combined_mec_weight,calibration_in_the_large,0.0933245826363378,0.09085081371441112,-0.002473768921926689,0.05769440149482727,-0.023293023078712845,0.20238054760645272,0.95,percentile,rao_wu_rescaled_bootstrap,2000,2000,1.0,15
fasting subsample,combined comparison sample,model0_paired_combined,Model 0 paired combined sample,elastic_net,2005-2006,1836,216,combined_fasting_weight,survey_weighted_AUROC,0.8302259026126508,0.829495551320791,-0.000730351291859832,0.018564240464211797,0.7955259350829306,0.868656674670886,0.95,percentile,rao_wu_rescaled_bootstrap,2000,2000,1.0,15
fasting subsample,combined comparison sample,model0_paired_combined,Model 0 paired combined sample,elastic_net,2005-2006,1836,216,combined_fasting_weight,survey_weighted_PR_AUC,0.3544536475460009,0.3570766224090088,0.0026229748630078875,0.031894235239389945,0.2910542676296955,0.41711868409310926,0.95,percentile,rao_wu_rescaled_bootstrap,2000,2000,1.0,15
fasting subsample,combined comparison sample,model0_paired_combined,Model 0 paired combined sample,elastic_net,2005-2006,1836,216,combined_fasting_weight,weighted_Brier,0.07183970086401767,0.0716796421620071,-0.00016005870201056538,0.008387012695058482,0.05555161792467554,0.08766525014219365,0.95,percentile,rao_wu_rescaled_bootstrap,2000,2000,1.0,15
fasting subsample,combined comparison sample,model0_paired_combined,Model 0 paired combined sample,elastic_net,2005-2006,1836,216,combined_fasting_weight,weighted_log_loss,0.24804342616854963,0.2477676847760389,-0.00027574139251074214,0.02673440394456418,0.19708866719882864,0.29970790357655813,0.95,percentile,rao_wu_rescaled_bootstrap,2000,2000,1.0,15
fasting subsample,combined comparison sample,model0_paired_combined,Model 0 paired combined sample,elastic_net,2005-2006,1836,216,combined_fasting_weight,calibration_intercept,-0.037452011008405166,-0.045678897956380984,-0.008226886947975819,0.13211989563641663,-0.3266740659350248,0.2054349349107969,0.95,percentile,rao_wu_rescaled_bootstrap,2000,2000,1.0,15
fasting subsample,combined comparison sample,model0_paired_combined,Model 0 paired combined sample,elastic_net,2005-2006,1836,216,combined_fasting_weight,calibration_slope,0.9169226161188437,0.9187776220209357,0.0018550059020919774,0.07683166606248185,0.7841649269647293,1.0849594306382917,0.95,percentile,rao_wu_rescaled_bootstrap,2000,2000,1.0,15
fasting subsample,combined comparison sample,model0_paired_combined,Model 0 paired combined sample,elastic_net,2005-2006,1836,216,combined_fasting_weight,observed_expected_ratio,1.0833907616693392,1.0783891057502337,-0.005001655919105508,0.08475994560784232,0.9121837977411184,1.2358905586113202,0.95,percentile,rao_wu_rescaled_bootstrap,2000,2000,1.0,15
fasting subsample,combined comparison sample,model0_paired_combined,Model 0 paired combined sample,elastic_net,2005-2006,1836,216,combined_fasting_weight,weighted_observed_prevalence,0.0951024285360095,0.09473108741892523,-0.0003713411170842701,0.011914601517209664,0.07189260913326141,0.11665446683946269,0.95,percentile,rao_wu_rescaled_bootstrap,2000,2000,1.0,15
fasting subsample,combined comparison sample,model0_paired_combined,Model 0 paired combined sample,elastic_net,2005-2006,1836,216,combined_fasting_weight,weighted_mean_predicted_probability,0.08778220370780274,0.087635276403251,-0.00014692730455173608,0.006251525825802346,0.07565176369810113,0.10001315758313266,0.95,percentile,rao_wu_rescaled_bootstrap,2000,2000,1.0,15
fasting subsample,combined comparison sample,model0_paired_combined,Model 0 paired combined sample,elastic_net,2005-2006,1836,216,combined_fasting_weight,calibration_in_the_large,0.08815273373572996,0.08021163860585244,-0.00794109512987752,0.08775144711916708,-0.09996615928907024,0.2362559099456511,0.95,percentile,rao_wu_rescaled_bootstrap,2000,2000,1.0,15
fasting subsample,metabolic comparison sample,model0_paired_metabolic,Model 0 paired metabolic sample,elastic_net,2005-2006,1836,216,combined_fasting_weight,survey_weighted_AUROC,0.8302259026126508,0.829495551320791,-0.000730351291859832,0.018564240464211797,0.7955259350829306,0.868656674670886,0.95,percentile,rao_wu_rescaled_bootstrap,2000,2000,1.0,15
fasting subsample,metabolic comparison sample,model0_paired_metabolic,Model 0 paired metabolic sample,elastic_net,2005-2006,1836,216,combined_fasting_weight,survey_weighted_PR_AUC,0.3544536475460009,0.3570766224090088,0.0026229748630078875,0.031894235239389945,0.2910542676296955,0.41711868409310926,0.95,percentile,rao_wu_rescaled_bootstrap,2000,2000,1.0,15
fasting subsample,metabolic comparison sample,model0_paired_metabolic,Model 0 paired metabolic sample,elastic_net,2005-2006,1836,216,combined_fasting_weight,weighted_Brier,0.07183970086401767,0.0716796421620071,-0.00016005870201056538,0.008387012695058482,0.05555161792467554,0.08766525014219365,0.95,percentile,rao_wu_rescaled_bootstrap,2000,2000,1.0,15
fasting subsample,metabolic comparison sample,model0_paired_metabolic,Model 0 paired metabolic sample,elastic_net,2005-2006,1836,216,combined_fasting_weight,weighted_log_loss,0.24804342616854963,0.2477676847760389,-0.00027574139251074214,0.02673440394456418,0.19708866719882864,0.29970790357655813,0.95,percentile,rao_wu_rescaled_bootstrap,2000,2000,1.0,15
fasting subsample,metabolic comparison sample,model0_paired_metabolic,Model 0 paired metabolic sample,elastic_net,2005-2006,1836,216,combined_fasting_weight,calibration_intercept,-0.037452011008405166,-0.045678897956380984,-0.008226886947975819,0.13211989563641663,-0.3266740659350248,0.2054349349107969,0.95,percentile,rao_wu_rescaled_bootstrap,2000,2000,1.0,15
fasting subsample,metabolic comparison sample,model0_paired_metabolic,Model 0 paired metabolic sample,elastic_net,2005-2006,1836,216,combined_fasting_weight,calibration_slope,0.9169226161188437,0.9187776220209357,0.0018550059020919774,0.07683166606248185,0.7841649269647293,1.0849594306382917,0.95,percentile,rao_wu_rescaled_bootstrap,2000,2000,1.0,15
fasting subsample,metabolic comparison sample,model0_paired_metabolic,Model 0 paired metabolic sample,elastic_net,2005-2006,1836,216,combined_fasting_weight,observed_expected_ratio,1.0833907616693392,1.0783891057502337,-0.005001655919105508,0.08475994560784232,0.9121837977411184,1.2358905586113202,0.95,percentile,rao_wu_rescaled_bootstrap,2000,2000,1.0,15
fasting subsample,metabolic comparison sample,model0_paired_metabolic,Model 0 paired metabolic sample,elastic_net,2005-2006,1836,216,combined_fasting_weight,weighted_observed_prevalence,0.0951024285360095,0.09473108741892523,-0.0003713411170842701,0.011914601517209664,0.07189260913326141,0.11665446683946269,0.95,percentile,rao_wu_rescaled_bootstrap,2000,2000,1.0,15
fasting subsample,metabolic comparison sample,model0_paired_metabolic,Model 0 paired metabolic sample,elastic_net,2005-2006,1836,216,combined_fasting_weight,weighted_mean_predicted_probability,0.08778220370780274,0.087635276403251,-0.00014692730455173608,0.006251525825802346,0.07565176369810113,0.10001315758313266,0.95,percentile,rao_wu_rescaled_bootstrap,2000,2000,1.0,15
fasting subsample,metabolic comparison sample,model0_paired_metabolic,Model 0 paired metabolic sample,elastic_net,2005-2006,1836,216,combined_fasting_weight,calibration_in_the_large,0.08815273373572996,0.08021163860585244,-0.00794109512987752,0.08775144711916708,-0.09996615928907024,0.2362559099456511,0.95,percentile,rao_wu_rescaled_bootstrap,2000,2000,1.0,15
MEC examination sample,renal comparison sample,model1_renal,Model 1 renal,elastic_net,2005-2006,4448,533,combined_mec_weight,survey_weighted_AUROC,0.852064710752354,0.8511254143675377,-0.0009392963848162683,0.011917995131132259,0.8274962600670278,0.8726749742968419,0.95,percentile,rao_wu_rescaled_bootstrap,2000,2000,1.0,15
MEC examination sample,renal comparison sample,model1_renal,Model 1 renal,elastic_net,2005-2006,4448,533,combined_mec_weight,survey_weighted_PR_AUC,0.40332353154823214,0.4046973412687056,0.0013738097204734623,0.025220178746547552,0.35605654745676085,0.45104139104481394,0.95,percentile,rao_wu_rescaled_bootstrap,2000,2000,1.0,15
MEC examination sample,renal comparison sample,model1_renal,Model 1 renal,elastic_net,2005-2006,4448,533,combined_mec_weight,weighted_Brier,0.06451859777111262,0.06442138165031491,-9.721612079770237e-05,0.0041977438139500205,0.0563942664153561,0.07257641617749074,0.95,percentile,rao_wu_rescaled_bootstrap,2000,2000,1.0,15
MEC examination sample,renal comparison sample,model1_renal,Model 1 renal,elastic_net,2005-2006,4448,533,combined_mec_weight,weighted_log_loss,0.22469812172504364,0.22452558294884994,-0.0001725387761936925,0.012338200553796426,0.2015211116538179,0.2482084232411948,0.95,percentile,rao_wu_rescaled_bootstrap,2000,2000,1.0,15
MEC examination sample,renal comparison sample,model1_renal,Model 1 renal,elastic_net,2005-2006,4448,533,combined_mec_weight,calibration_intercept,0.09686821502597263,0.09444991287953726,-0.002418302146435375,0.11772701842638976,-0.12801277086271368,0.3257881457709949,0.95,percentile,rao_wu_rescaled_bootstrap,2000,2000,1.0,15
MEC examination sample,renal comparison sample,model1_renal,Model 1 renal,elastic_net,2005-2006,4448,533,combined_mec_weight,calibration_slope,1.0125363301634656,1.0132523718698199,0.000716041706354309,0.05453079294667136,0.9162471229869559,1.1191904038402054,0.95,percentile,rao_wu_rescaled_bootstrap,2000,2000,1.0,15
MEC examination sample,renal comparison sample,model1_renal,Model 1 renal,elastic_net,2005-2006,4448,533,combined_mec_weight,observed_expected_ratio,1.0559820247248126,1.055247755381884,-0.0007342693429286395,0.05360675476824375,0.9527336179991285,1.1616326970387056,0.95,percentile,rao_wu_rescaled_bootstrap,2000,2000,1.0,15
MEC examination sample,renal comparison sample,model1_renal,Model 1 renal,elastic_net,2005-2006,4448,533,combined_mec_weight,weighted_observed_prevalence,0.08958365355321198,0.08931859423883771,-0.0002650593143742608,0.0063884241692191744,0.07687501392039414,0.10124378837346713,0.95,percentile,rao_wu_rescaled_bootstrap,2000,2000,1.0,15
MEC examination sample,renal comparison sample,model1_renal,Model 1 renal,elastic_net,2005-2006,4448,533,combined_mec_weight,weighted_mean_predicted_probability,0.08483444931418918,0.08472778117588925,-0.00010666813829993127,0.005734498304331144,0.07401122723200267,0.09556569281237765,0.95,percentile,rao_wu_rescaled_bootstrap,2000,2000,1.0,15
MEC examination sample,renal comparison sample,model1_renal,Model 1 renal,elastic_net,2005-2006,4448,533,combined_mec_weight,calibration_in_the_large,0.05967412327247912,0.05752088462981696,-0.0021532386426621614,0.05560170139964608,-0.053294844822718485,0.16374420496242637,0.95,percentile,rao_wu_rescaled_bootstrap,2000,2000,1.0,15
fasting subsample,metabolic comparison sample,model2_metabolic,Model 2 metabolic,elastic_net,2005-2006,1836,216,combined_fasting_weight,survey_weighted_AUROC,0.8335930340950876,0.8327174682237198,-0.0008755658713677228,0.01830525253590119,0.799018160313722,0.8705148470600157,0.95,percentile,rao_wu_rescaled_bootstrap,2000,2000,1.0,15
fasting subsample,metabolic comparison sample,model2_metabolic,Model 2 metabolic,elastic_net,2005-2006,1836,216,combined_fasting_weight,survey_weighted_PR_AUC,0.3594793948013806,0.3624545551688699,0.0029751603674892935,0.033279939311301215,0.2946915662098838,0.4238804967262193,0.95,percentile,rao_wu_rescaled_bootstrap,2000,2000,1.0,15
fasting subsample,metabolic comparison sample,model2_metabolic,Model 2 metabolic,elastic_net,2005-2006,1836,216,combined_fasting_weight,weighted_Brier,0.07156974196787091,0.07140925373582556,-0.00016048823204535545,0.008402773433778668,0.05509582407440851,0.0874298536004464,0.95,percentile,rao_wu_rescaled_bootstrap,2000,2000,1.0,15
fasting subsample,metabolic comparison sample,model2_metabolic,Model 2 metabolic,elastic_net,2005-2006,1836,216,combined_fasting_weight,weighted_log_loss,0.24649585177640296,0.2462184214641063,-0.00027743031229665593,0.02640552114014388,0.19597263203007376,0.2978847501569807,0.95,percentile,rao_wu_rescaled_bootstrap,2000,2000,1.0,15
fasting subsample,metabolic comparison sample,model2_metabolic,Model 2 metabolic,elastic_net,2005-2006,1836,216,combined_fasting_weight,calibration_intercept,-0.02543303737076285,-0.03284016605722449,-0.007407128686461643,0.1381777611844861,-0.3158113374176049,0.22913905147115096,0.95,percentile,rao_wu_rescaled_bootstrap,2000,2000,1.0,15
fasting subsample,metabolic comparison sample,model2_metabolic,Model 2 metabolic,elastic_net,2005-2006,1836,216,combined_fasting_weight,calibration_slope,0.9269292456119125,0.9292128218144821,0.0022835762025695816,0.07951735337768737,0.7892208518287648,1.1044940759177875,0.95,percentile,rao_wu_rescaled_bootstrap,2000,2000,1.0,15
fasting subsample,metabolic comparison sample,model2_metabolic,Model 2 metabolic,elastic_net,2005-2006,1836,216,combined_fasting_weight,observed_expected_ratio,1.0778860869557942,1.0728571621488432,-0.005028924806951052,0.08423296181139503,0.9082991668138185,1.2292869123853594,0.95,percentile,rao_wu_rescaled_bootstrap,2000,2000,1.0,15
fasting subsample,metabolic comparison sample,model2_metabolic,Model 2 metabolic,elastic_net,2005-2006,1836,216,combined_fasting_weight,weighted_observed_prevalence,0.0951024285360095,0.09473108741892523,-0.0003713411170842701,0.011914601517209664,0.07189260913326141,0.11665446683946269,0.95,percentile,rao_wu_rescaled_bootstrap,2000,2000,1.0,15
fasting subsample,metabolic comparison sample,model2_metabolic,Model 2 metabolic,elastic_net,2005-2006,1836,216,combined_fasting_weight,weighted_mean_predicted_probability,0.08823050013067828,0.08808461232502027,-0.00014588780565800985,0.006256129587712227,0.07607638385009807,0.10045265450231179,0.95,percentile,rao_wu_rescaled_bootstrap,2000,2000,1.0,15
fasting subsample,metabolic comparison sample,model2_metabolic,Model 2 metabolic,elastic_net,2005-2006,1836,216,combined_fasting_weight,calibration_in_the_large,0.08256725634255391,0.07458212014129441,-0.007985136201259499,0.08765153697053382,-0.10438604987513807,0.22910252149741467,0.95,percentile,rao_wu_rescaled_bootstrap,2000,2000,1.0,15
MEC examination sample,inflammatory comparison sample,model3_inflammatory,Model 3 inflammatory,elastic_net,2005-2006,4448,533,combined_mec_weight,survey_weighted_AUROC,0.8503731590268361,0.8495200008979227,-0.0008531581289134005,0.012064768785914745,0.8250893678075155,0.872111633835844,0.95,percentile,rao_wu_rescaled_bootstrap,2000,2000,1.0,15
MEC examination sample,inflammatory comparison sample,model3_inflammatory,Model 3 inflammatory,elastic_net,2005-2006,4448,533,combined_mec_weight,survey_weighted_PR_AUC,0.38560405807832876,0.38650571866294203,0.000901660584613273,0.021840604605662818,0.3426426623765549,0.4269706574682722,0.95,percentile,rao_wu_rescaled_bootstrap,2000,2000,1.0,15
MEC examination sample,inflammatory comparison sample,model3_inflammatory,Model 3 inflammatory,elastic_net,2005-2006,4448,533,combined_mec_weight,weighted_Brier,0.06569841395538725,0.06558099846952493,-0.00011741548586231831,0.004259831661937707,0.05749740605957615,0.07383915387359426,0.95,percentile,rao_wu_rescaled_bootstrap,2000,2000,1.0,15
MEC examination sample,inflammatory comparison sample,model3_inflammatory,Model 3 inflammatory,elastic_net,2005-2006,4448,533,combined_mec_weight,weighted_log_loss,0.22743734076601607,0.22722712715916166,-0.0002102136068544147,0.012834549742462453,0.20357272570370125,0.25160567131502415,0.95,percentile,rao_wu_rescaled_bootstrap,2000,2000,1.0,15
MEC examination sample,inflammatory comparison sample,model3_inflammatory,Model 3 inflammatory,elastic_net,2005-2006,4448,533,combined_mec_weight,calibration_intercept,0.1334182326801469,0.13128665938463263,-0.0021315732955142774,0.11619583775760883,-0.08848385956920449,0.35542716342076336,0.95,percentile,rao_wu_rescaled_bootstrap,2000,2000,1.0,15
MEC examination sample,inflammatory comparison sample,model3_inflammatory,Model 3 inflammatory,elastic_net,2005-2006,4448,533,combined_mec_weight,calibration_slope,1.0056286794560059,1.0067311129740963,0.0011024335180904732,0.05427251240610305,0.9081180734754958,1.1130946124333032,0.95,percentile,rao_wu_rescaled_bootstrap,2000,2000,1.0,15
MEC examination sample,inflammatory comparison sample,model3_inflammatory,Model 3 inflammatory,elastic_net,2005-2006,4448,533,combined_mec_weight,observed_expected_ratio,1.0953230427865526,1.094511923732755,-0.0008111190537976043,0.05758960762580975,0.9866669265985066,1.2101244078030176,0.95,percentile,rao_wu_rescaled_bootstrap,2000,2000,1.0,15
MEC examination sample,inflammatory comparison sample,model3_inflammatory,Model 3 inflammatory,elastic_net,2005-2006,4448,533,combined_mec_weight,weighted_observed_prevalence,0.08958365355321198,0.08931859423883771,-0.0002650593143742608,0.0063884241692191744,0.07687501392039414,0.10124378837346713,0.95,percentile,rao_wu_rescaled_bootstrap,2000,2000,1.0,15
MEC examination sample,inflammatory comparison sample,model3_inflammatory,Model 3 inflammatory,elastic_net,2005-2006,4448,533,combined_mec_weight,weighted_mean_predicted_probability,0.0817874271368445,0.08168656193109652,-0.00010086520574797975,0.00538998673637048,0.07162845861760803,0.09178759999982129,0.95,percentile,rao_wu_rescaled_bootstrap,2000,2000,1.0,15
MEC examination sample,inflammatory comparison sample,model3_inflammatory,Model 3 inflammatory,elastic_net,2005-2006,4448,533,combined_mec_weight,calibration_in_the_large,0.0995762422238804,0.09728004112463844,-0.0022962010992419596,0.057524842571817295,-0.014768369978926187,0.2086027047572262,0.95,percentile,rao_wu_rescaled_bootstrap,2000,2000,1.0,15
fasting subsample,combined comparison sample,model4_combined,Model 4 combined biomarkers,elastic_net,2005-2006,1836,216,combined_fasting_weight,survey_weighted_AUROC,0.8451013471090172,0.8439149552056503,-0.0011863919033668902,0.01703652994136882,0.8126147498049178,0.8776771890942683,0.95,percentile,rao_wu_rescaled_bootstrap,2000,2000,1.0,15
fasting subsample,combined comparison sample,model4_combined,Model 4 combined biomarkers,elastic_net,2005-2006,1836,216,combined_fasting_weight,survey_weighted_PR_AUC,0.40465030864278195,0.4077065690405433,0.0030562603977613567,0.040284930280752175,0.3280544461378961,0.48450699191508473,0.95,percentile,rao_wu_rescaled_bootstrap,2000,2000,1.0,15
fasting subsample,combined comparison sample,model4_combined,Model 4 combined biomarkers,elastic_net,2005-2006,1836,216,combined_fasting_weight,weighted_Brier,0.06909841956695567,0.06896712698582999,-0.00013129258112568043,0.008231273719664199,0.05282142137420648,0.08482210738686967,0.95,percentile,rao_wu_rescaled_bootstrap,2000,2000,1.0,15
fasting subsample,combined comparison sample,model4_combined,Model 4 combined biomarkers,elastic_net,2005-2006,1836,216,combined_fasting_weight,weighted_log_loss,0.23855881862974326,0.23835788532524982,-0.0002009333044934447,0.025050480658646675,0.18939438451902857,0.2874715754546014,0.95,percentile,rao_wu_rescaled_bootstrap,2000,2000,1.0,15
fasting subsample,combined comparison sample,model4_combined,Model 4 combined biomarkers,elastic_net,2005-2006,1836,216,combined_fasting_weight,calibration_intercept,0.01864582129470529,0.011595421138220702,-0.007050400156484589,0.15006203251932113,-0.3003210257634359,0.3022484716323331,0.95,percentile,rao_wu_rescaled_bootstrap,2000,2000,1.0,15
fasting subsample,combined comparison sample,model4_combined,Model 4 combined biomarkers,elastic_net,2005-2006,1836,216,combined_fasting_weight,calibration_slope,0.9781258590066747,0.979767482768174,0.0016416237614993445,0.07985191133494858,0.8355954464794504,1.1462377074290506,0.95,percentile,rao_wu_rescaled_bootstrap,2000,2000,1.0,15
fasting subsample,combined comparison sample,model4_combined,Model 4 combined biomarkers,elastic_net,2005-2006,1836,216,combined_fasting_weight,observed_expected_ratio,1.0409133176634358,1.03649495996024,-0.004418357703195763,0.07885898816595649,0.8811474419343259,1.1852455367698949,0.95,percentile,rao_wu_rescaled_bootstrap,2000,2000,1.0,15
fasting subsample,combined comparison sample,model4_combined,Model 4 combined biomarkers,elastic_net,2005-2006,1836,216,combined_fasting_weight,weighted_observed_prevalence,0.0951024285360095,0.09473108741892523,-0.0003713411170842701,0.011914601517209664,0.07189260913326141,0.11665446683946269,0.95,percentile,rao_wu_rescaled_bootstrap,2000,2000,1.0,15
fasting subsample,combined comparison sample,model4_combined,Model 4 combined biomarkers,elastic_net,2005-2006,1836,216,combined_fasting_weight,weighted_mean_predicted_probability,0.09136440750848333,0.09119596398091873,-0.00016844352756460734,0.006994162652717957,0.07792789996508843,0.10495380024027713,0.95,percentile,rao_wu_rescaled_bootstrap,2000,2000,1.0,15
fasting subsample,combined comparison sample,model4_combined,Model 4 combined biomarkers,elastic_net,2005-2006,1836,216,combined_fasting_weight,calibration_in_the_large,0.04422088669135782,0.03686887736079709,-0.007352009330560731,0.08480072452837621,-0.13650166481804005,0.1890383376133767,0.95,percentile,rao_wu_rescaled_bootstrap,2000,2000,1.0,15
MEC examination sample,core MEC target sample,model0_core,Model 0 core clinical,elastic_net,2007-2008,5649,677,combined_mec_weight,survey_weighted_AUROC,0.8514446387537712,0.8515981496456925,0.00015351089192128242,0.011926169621216589,0.8298503231832385,0.8727634103792404,0.95,percentile,rao_wu_rescaled_bootstrap,2000,2000,1.0,16
MEC examination sample,core MEC target sample,model0_core,Model 0 core clinical,elastic_net,2007-2008,5649,677,combined_mec_weight,survey_weighted_PR_AUC,0.38349772911036867,0.38621875762002084,0.002721028509652168,0.023710052491404645,0.3410371966323026,0.4318779148547117,0.95,percentile,rao_wu_rescaled_bootstrap,2000,2000,1.0,16
MEC examination sample,core MEC target sample,model0_core,Model 0 core clinical,elastic_net,2007-2008,5649,677,combined_mec_weight,weighted_Brier,0.06376317431931211,0.06372445363271963,-3.872068659248329e-05,0.003867858818707967,0.05648969381188256,0.07125659546371345,0.95,percentile,rao_wu_rescaled_bootstrap,2000,2000,1.0,16
MEC examination sample,core MEC target sample,model0_core,Model 0 core clinical,elastic_net,2007-2008,5649,677,combined_mec_weight,weighted_log_loss,0.22097775480286472,0.22076789742126515,-0.00020985738159956524,0.011060454071867513,0.2000342731559877,0.2425442352035713,0.95,percentile,rao_wu_rescaled_bootstrap,2000,2000,1.0,16
MEC examination sample,core MEC target sample,model0_core,Model 0 core clinical,elastic_net,2007-2008,5649,677,combined_mec_weight,calibration_intercept,0.06945362258101226,0.07014394362519809,0.0006903210441858293,0.10402258231387941,-0.11409727114024122,0.24390093588208867,0.95,percentile,rao_wu_rescaled_bootstrap,2000,2000,1.0,16
MEC examination sample,core MEC target sample,model0_core,Model 0 core clinical,elastic_net,2007-2008,5649,677,combined_mec_weight,calibration_slope,1.024926712868579,1.0267768246933102,0.0018501118247311599,0.043980424816085426,0.9491265734559201,1.1103041638421447,0.95,percentile,rao_wu_rescaled_bootstrap,2000,2000,1.0,16
MEC examination sample,core MEC target sample,model0_core,Model 0 core clinical,elastic_net,2007-2008,5649,677,combined_mec_weight,observed_expected_ratio,1.0198980945330094,1.0198627255401935,-3.536899281586514e-05,0.05409433082182306,0.9182386490195573,1.126490459932738,0.95,percentile,rao_wu_rescaled_bootstrap,2000,2000,1.0,16
MEC examination sample,core MEC target sample,model0_core,Model 0 core clinical,elastic_net,2007-2008,5649,677,combined_mec_weight,weighted_observed_prevalence,0.08628613626099399,0.08630637308156242,2.0236820568425573e-05,0.006538733782434596,0.07394607865081212,0.09872876983422232,0.95,percentile,rao_wu_rescaled_bootstrap,2000,2000,1.0,16
MEC examination sample,core MEC target sample,model0_core,Model 0 core clinical,elastic_net,2007-2008,5649,677,combined_mec_weight,weighted_mean_predicted_probability,0.0846027036657056,0.08456703324026384,-3.5670425441766684e-05,0.003354436680951547,0.07817617882083125,0.09104936311838487,0.95,percentile,rao_wu_rescaled_bootstrap,2000,2000,1.0,16
MEC examination sample,core MEC target sample,model0_core,Model 0 core clinical,elastic_net,2007-2008,5649,677,combined_mec_weight,calibration_in_the_large,0.02154342659064401,0.02017734650262683,-0.001366080088017179,0.05821961510347472,-0.09243354749335861,0.13114453334603215,0.95,percentile,rao_wu_rescaled_bootstrap,2000,2000,1.0,16
fasting subsample,combined comparison sample,model0_paired_combined,Model 0 paired combined sample,elastic_net,2007-2008,2337,288,combined_fasting_weight,survey_weighted_AUROC,0.8547133606527313,0.8547576977541553,4.4337101424041236e-05,0.0170035424682141,0.8233968532330699,0.8857533591267195,0.95,percentile,rao_wu_rescaled_bootstrap,2000,2000,1.0,16
fasting subsample,combined comparison sample,model0_paired_combined,Model 0 paired combined sample,elastic_net,2007-2008,2337,288,combined_fasting_weight,survey_weighted_PR_AUC,0.39027987563879785,0.39515998453632134,0.004880108897523494,0.03679993991130167,0.32654913149495185,0.4650008105977177,0.95,percentile,rao_wu_rescaled_bootstrap,2000,2000,1.0,16
fasting subsample,combined comparison sample,model0_paired_combined,Model 0 paired combined sample,elastic_net,2007-2008,2337,288,combined_fasting_weight,weighted_Brier,0.06549339561912985,0.06550249489954703,9.099280417174116e-06,0.005093313756020357,0.055558214718602214,0.07534756644117822,0.95,percentile,rao_wu_rescaled_bootstrap,2000,2000,1.0,16
fasting subsample,combined comparison sample,model0_paired_combined,Model 0 paired combined sample,elastic_net,2007-2008,2337,288,combined_fasting_weight,weighted_log_loss,0.22504788870902298,0.22491590832673602,-0.00013198038228695586,0.013789508433098566,0.19797170788004997,0.25124833787946127,0.95,percentile,rao_wu_rescaled_bootstrap,2000,2000,1.0,16
fasting subsample,combined comparison sample,model0_paired_combined,Model 0 paired combined sample,elastic_net,2007-2008,2337,288,combined_fasting_weight,calibration_intercept,0.08536096448356896,0.09243806782673507,0.007077103343166108,0.18719116552505535,-0.250981067061004,0.4341880076720056,0.95,percentile,rao_wu_rescaled_bootstrap,2000,2000,1.0,16
fasting subsample,combined comparison sample,model0_paired_combined,Model 0 paired combined sample,elastic_net,2007-2008,2337,288,combined_fasting_weight,calibration_slope,1.0347236697885005,1.0407949383463138,0.006071268557813259,0.07132282663426213,0.9154591186503751,1.1856945849972238,0.95,percentile,rao_wu_rescaled_bootstrap,2000,2000,1.0,16
fasting subsample,combined comparison sample,model0_paired_combined,Model 0 paired combined sample,elastic_net,2007-2008,2337,288,combined_fasting_weight,observed_expected_ratio,1.0196420716542307,1.0217479601386936,0.0021058884844629144,0.0825703664222818,0.8662872130897181,1.1780221299553566,0.95,percentile,rao_wu_rescaled_bootstrap,2000,2000,1.0,16
fasting subsample,combined comparison sample,model0_paired_combined,Model 0 paired combined sample,elastic_net,2007-2008,2337,288,combined_fasting_weight,weighted_observed_prevalence,0.08956343919074475,0.08979173493075729,0.00022829574001254072,0.008880771691328318,0.07336885522450454,0.10630162695767582,0.95,percentile,rao_wu_rescaled_bootstrap,2000,2000,1.0,16
fasting subsample,combined comparison sample,model0_paired_combined,Model 0 paired combined sample,elastic_net,2007-2008,2337,288,combined_fasting_weight,weighted_mean_predicted_probability,0.08783811661031232,0.08786014783256783,2.203122225551135e-05,0.0046806865230357006,0.07882911374664557,0.09695596039834183,0.95,percentile,rao_wu_rescaled_bootstrap,2000,2000,1.0,16
fasting subsample,combined comparison sample,model0_paired_combined,Model 0 paired combined sample,elastic_net,2007-2008,2337,288,combined_fasting_weight,calibration_in_the_large,0.02134491198222488,0.020386171154272062,-0.000958740827952817,0.08914439787819944,-0.15651700132057283,0.18111007405701846,0.95,percentile,rao_wu_rescaled_bootstrap,2000,2000,1.0,16
fasting subsample,metabolic comparison sample,model0_paired_metabolic,Model 0 paired metabolic sample,elastic_net,2007-2008,2337,288,combined_fasting_weight,survey_weighted_AUROC,0.8547133606527313,0.8547576977541553,4.4337101424041236e-05,0.0170035424682141,0.8233968532330699,0.8857533591267195,0.95,percentile,rao_wu_rescaled_bootstrap,2000,2000,1.0,16
fasting subsample,metabolic comparison sample,model0_paired_metabolic,Model 0 paired metabolic sample,elastic_net,2007-2008,2337,288,combined_fasting_weight,survey_weighted_PR_AUC,0.39027987563879785,0.39515998453632134,0.004880108897523494,0.03679993991130167,0.32654913149495185,0.4650008105977177,0.95,percentile,rao_wu_rescaled_bootstrap,2000,2000,1.0,16
fasting subsample,metabolic comparison sample,model0_paired_metabolic,Model 0 paired metabolic sample,elastic_net,2007-2008,2337,288,combined_fasting_weight,weighted_Brier,0.06549339561912985,0.06550249489954703,9.099280417174116e-06,0.005093313756020357,0.055558214718602214,0.07534756644117822,0.95,percentile,rao_wu_rescaled_bootstrap,2000,2000,1.0,16
fasting subsample,metabolic comparison sample,model0_paired_metabolic,Model 0 paired metabolic sample,elastic_net,2007-2008,2337,288,combined_fasting_weight,weighted_log_loss,0.22504788870902298,0.22491590832673602,-0.00013198038228695586,0.013789508433098566,0.19797170788004997,0.25124833787946127,0.95,percentile,rao_wu_rescaled_bootstrap,2000,2000,1.0,16
fasting subsample,metabolic comparison sample,model0_paired_metabolic,Model 0 paired metabolic sample,elastic_net,2007-2008,2337,288,combined_fasting_weight,calibration_intercept,0.08536096448356896,0.09243806782673507,0.007077103343166108,0.18719116552505535,-0.250981067061004,0.4341880076720056,0.95,percentile,rao_wu_rescaled_bootstrap,2000,2000,1.0,16
fasting subsample,metabolic comparison sample,model0_paired_metabolic,Model 0 paired metabolic sample,elastic_net,2007-2008,2337,288,combined_fasting_weight,calibration_slope,1.0347236697885005,1.0407949383463138,0.006071268557813259,0.07132282663426213,0.9154591186503751,1.1856945849972238,0.95,percentile,rao_wu_rescaled_bootstrap,2000,2000,1.0,16
fasting subsample,metabolic comparison sample,model0_paired_metabolic,Model 0 paired metabolic sample,elastic_net,2007-2008,2337,288,combined_fasting_weight,observed_expected_ratio,1.0196420716542307,1.0217479601386936,0.0021058884844629144,0.0825703664222818,0.8662872130897181,1.1780221299553566,0.95,percentile,rao_wu_rescaled_bootstrap,2000,2000,1.0,16
fasting subsample,metabolic comparison sample,model0_paired_metabolic,Model 0 paired metabolic sample,elastic_net,2007-2008,2337,288,combined_fasting_weight,weighted_observed_prevalence,0.08956343919074475,0.08979173493075729,0.00022829574001254072,0.008880771691328318,0.07336885522450454,0.10630162695767582,0.95,percentile,rao_wu_rescaled_bootstrap,2000,2000,1.0,16
fasting subsample,metabolic comparison sample,model0_paired_metabolic,Model 0 paired metabolic sample,elastic_net,2007-2008,2337,288,combined_fasting_weight,weighted_mean_predicted_probability,0.08783811661031232,0.08786014783256783,2.203122225551135e-05,0.0046806865230357006,0.07882911374664557,0.09695596039834183,0.95,percentile,rao_wu_rescaled_bootstrap,2000,2000,1.0,16
fasting subsample,metabolic comparison sample,model0_paired_metabolic,Model 0 paired metabolic sample,elastic_net,2007-2008,2337,288,combined_fasting_weight,calibration_in_the_large,0.02134491198222488,0.020386171154272062,-0.000958740827952817,0.08914439787819944,-0.15651700132057283,0.18111007405701846,0.95,percentile,rao_wu_rescaled_bootstrap,2000,2000,1.0,16
MEC examination sample,renal comparison sample,model1_renal,Model 1 renal,elastic_net,2007-2008,5649,677,combined_mec_weight,survey_weighted_AUROC,0.8552307926018752,0.8555020747320382,0.0002712821301630308,0.01002748442353758,0.8363399462827364,0.873905029028317,0.95,percentile,rao_wu_rescaled_bootstrap,2000,2000,1.0,16
MEC examination sample,renal comparison sample,model1_renal,Model 1 renal,elastic_net,2007-2008,5649,677,combined_mec_weight,survey_weighted_PR_AUC,0.40593406550552774,0.40885018033290843,0.002916114827380689,0.022691093261111878,0.36403941936685535,0.4524786497073746,0.95,percentile,rao_wu_rescaled_bootstrap,2000,2000,1.0,16
MEC examination sample,renal comparison sample,model1_renal,Model 1 renal,elastic_net,2007-2008,5649,677,combined_mec_weight,weighted_Brier,0.06271133080315341,0.0626585666717793,-5.276413137411673e-05,0.00398615215545779,0.05512600174256616,0.07027217774023868,0.95,percentile,rao_wu_rescaled_bootstrap,2000,2000,1.0,16
MEC examination sample,renal comparison sample,model1_renal,Model 1 renal,elastic_net,2007-2008,5649,677,combined_mec_weight,weighted_log_loss,0.21807071144289547,0.21782844849329167,-0.00024226294960380534,0.011421208692173888,0.19611442234643264,0.24016331789100143,0.95,percentile,rao_wu_rescaled_bootstrap,2000,2000,1.0,16
MEC examination sample,renal comparison sample,model1_renal,Model 1 renal,elastic_net,2007-2008,5649,677,combined_mec_weight,calibration_intercept,0.07639216961158901,0.07934839344389669,0.002956223832307675,0.08890406342296205,-0.08094610594784712,0.23268912200652728,0.95,percentile,rao_wu_rescaled_bootstrap,2000,2000,1.0,16
MEC examination sample,renal comparison sample,model1_renal,Model 1 renal,elastic_net,2007-2008,5649,677,combined_mec_weight,calibration_slope,1.0265159442158005,1.029373752636573,0.002857808420772434,0.04091449099310851,0.9548625421007324,1.1108088184066822,0.95,percentile,rao_wu_rescaled_bootstrap,2000,2000,1.0,16
MEC examination sample,renal comparison sample,model1_renal,Model 1 renal,elastic_net,2007-2008,5649,677,combined_mec_weight,observed_expected_ratio,1.0224617342438933,1.0225048977197253,4.3163475831997644e-05,0.05387141008919502,0.9211920862260944,1.1279379095239825,0.95,percentile,rao_wu_rescaled_bootstrap,2000,2000,1.0,16
MEC examination sample,renal comparison sample,model1_renal,Model 1 renal,elastic_net,2007-2008,5649,677,combined_mec_weight,weighted_observed_prevalence,0.08628613626099399,0.08630637308156242,2.0236820568425573e-05,0.006538733782434596,0.07394607865081212,0.09872876983422232,0.95,percentile,rao_wu_rescaled_bootstrap,2000,2000,1.0,16
MEC examination sample,renal comparison sample,model1_renal,Model 1 renal,elastic_net,2007-2008,5649,677,combined_mec_weight,weighted_mean_predicted_probability,0.08439057753569847,0.08434773212720634,-4.28454084921287e-05,0.0033666836009957303,0.07812402047263012,0.09086859600160933,0.95,percentile,rao_wu_rescaled_bootstrap,2000,2000,1.0,16
MEC examination sample,renal comparison sample,model1_renal,Model 1 renal,elastic_net,2007-2008,5649,677,combined_mec_weight,calibration_in_the_large,0.024285600490296044,0.023023434857578337,-0.0012621656327177072,0.05782171029790648,-0.08915683214709359,0.13270554248859656,0.95,percentile,rao_wu_rescaled_bootstrap,2000,2000,1.0,16
fasting subsample,metabolic comparison sample,model2_metabolic,Model 2 metabolic,elastic_net,2007-2008,2337,288,combined_fasting_weight,survey_weighted_AUROC,0.85546767024299,0.8554940060488897,2.6335805899724285e-05,0.017853389848149655,0.8228941976774338,0.8873889346302011,0.95,percentile,rao_wu_rescaled_bootstrap,2000,2000,1.0,16
fasting subsample,metabolic comparison sample,model2_metabolic,Model 2 metabolic,elastic_net,2007-2008,2337,288,combined_fasting_weight,survey_weighted_PR_AUC,0.3859634558729905,0.39096184626143327,0.004998390388442742,0.0379887017403185,0.3213493479562135,0.4624541078744638,0.95,percentile,rao_wu_rescaled_bootstrap,2000,2000,1.0,16
fasting subsample,metabolic comparison sample,model2_metabolic,Model 2 metabolic,elastic_net,2007-2008,2337,288,combined_fasting_weight,weighted_Brier,0.06550702412132171,0.0655065478710745,-4.762502472110963e-07,0.005015657599840294,0.055706327821467,0.07517616400341989,0.95,percentile,rao_wu_rescaled_bootstrap,2000,2000,1.0,16
fasting subsample,metabolic comparison sample,model2_metabolic,Model 2 metabolic,elastic_net,2007-2008,2337,288,combined_fasting_weight,weighted_log_loss,0.2247586383272235,0.22460935094405107,-0.00014928738317243617,0.013580384319961138,0.1985033912603015,0.2507792616676556,0.95,percentile,rao_wu_rescaled_bootstrap,2000,2000,1.0,16
fasting subsample,metabolic comparison sample,model2_metabolic,Model 2 metabolic,elastic_net,2007-2008,2337,288,combined_fasting_weight,calibration_intercept,0.07196322543904074,0.07877054833815827,0.006807322899117535,0.1939925338696694,-0.27134080859690135,0.4253845291292207,0.95,percentile,rao_wu_rescaled_bootstrap,2000,2000,1.0,16
fasting subsample,metabolic comparison sample,model2_metabolic,Model 2 metabolic,elastic_net,2007-2008,2337,288,combined_fasting_weight,calibration_slope,1.0299380556321265,1.0361807488787367,0.006242693246610198,0.07646949184069846,0.9049500092903714,1.1867826899500638,0.95,percentile,rao_wu_rescaled_bootstrap,2000,2000,1.0,16
fasting subsample,metabolic comparison sample,model2_metabolic,Model 2 metabolic,elastic_net,2007-2008,2337,288,combined_fasting_weight,observed_expected_ratio,1.01587651556436,1.0179348517176827,0.0020583361533226263,0.0816342816747638,0.8640936824880225,1.1716425494794018,0.95,percentile,rao_wu_rescaled_bootstrap,2000,2000,1.0,16
fasting subsample,metabolic comparison sample,model2_metabolic,Model 2 metabolic,elastic_net,2007-2008,2337,288,combined_fasting_weight,weighted_observed_prevalence,0.08956343919074475,0.08979173493075729,0.00022829574001254072,0.008880771691328318,0.07336885522450454,0.10630162695767582,0.95,percentile,rao_wu_rescaled_bootstrap,2000,2000,1.0,16
fasting subsample,metabolic comparison sample,model2_metabolic,Model 2 metabolic,elastic_net,2007-2008,2337,288,combined_fasting_weight,weighted_mean_predicted_probability,0.08816370672865557,0.08818255067710544,1.884394844986481e-05,0.004654027168817589,0.07910590626009222,0.09727933256125156,0.95,percentile,rao_wu_rescaled_bootstrap,2000,2000,1.0,16
fasting subsample,metabolic comparison sample,model2_metabolic,Model 2 metabolic,elastic_net,2007-2008,2337,288,combined_fasting_weight,calibration_in_the_large,0.017288051313820496,0.016343312584935894,-0.0009447387288846025,0.08847334771437255,-0.15901907567658904,0.17514395609481476,0.95,percentile,rao_wu_rescaled_bootstrap,2000,2000,1.0,16
MEC examination sample,inflammatory comparison sample,model3_inflammatory,Model 3 inflammatory,elastic_net,2007-2008,5649,677,combined_mec_weight,survey_weighted_AUROC,0.8523016964006218,0.8524889386176994,0.0001872422170775545,0.011997243817051194,0.8303616318110061,0.8739725656317602,0.95,percentile,rao_wu_rescaled_bootstrap,2000,2000,1.0,16
MEC examination sample,inflammatory comparison sample,model3_inflammatory,Model 3 inflammatory,elastic_net,2007-2008,5649,677,combined_mec_weight,survey_weighted_PR_AUC,0.390956005613255,0.3933690181307793,0.0024130125175242934,0.02423902897693305,0.34744625763040093,0.43787861425514707,0.95,percentile,rao_wu_rescaled_bootstrap,2000,2000,1.0,16
MEC examination sample,inflammatory comparison sample,model3_inflammatory,Model 3 inflammatory,elastic_net,2007-2008,5649,677,combined_mec_weight,weighted_Brier,0.06348169992679412,0.06344300485211203,-3.869507468208522e-05,0.0038716450501980197,0.056168843619014995,0.07100082323431695,0.95,percentile,rao_wu_rescaled_bootstrap,2000,2000,1.0,16
MEC examination sample,inflammatory comparison sample,model3_inflammatory,Model 3 inflammatory,elastic_net,2007-2008,5649,677,combined_mec_weight,weighted_log_loss,0.22029971778175717,0.22008386181128464,-0.0002158559704725227,0.011026460010196481,0.19953196396520656,0.24191743154721768,0.95,percentile,rao_wu_rescaled_bootstrap,2000,2000,1.0,16
MEC examination sample,inflammatory comparison sample,model3_inflammatory,Model 3 inflammatory,elastic_net,2007-2008,5649,677,combined_mec_weight,calibration_intercept,0.09490970132687626,0.09566600723143293,0.0007563059045566645,0.10524927862068145,-0.09435420727726902,0.2720456147591542,0.95,percentile,rao_wu_rescaled_bootstrap,2000,2000,1.0,16
MEC examination sample,inflammatory comparison sample,model3_inflammatory,Model 3 inflammatory,elastic_net,2007-2008,5649,677,combined_mec_weight,calibration_slope,1.034111040381283,1.0360030582254063,0.0018920178441232949,0.04436762059442708,0.9575349140060055,1.1213274538546336,0.95,percentile,rao_wu_rescaled_bootstrap,2000,2000,1.0,16
MEC examination sample,inflammatory comparison sample,model3_inflammatory,Model 3 inflammatory,elastic_net,2007-2008,5649,677,combined_mec_weight,observed_expected_ratio,1.0269397675080119,1.0269678369349273,2.8069426915466877e-05,0.0545344995125293,0.9246224253406684,1.1342455174832295,0.95,percentile,rao_wu_rescaled_bootstrap,2000,2000,1.0,16
MEC examination sample,inflammatory comparison sample,model3_inflammatory,Model 3 inflammatory,elastic_net,2007-2008,5649,677,combined_mec_weight,weighted_observed_prevalence,0.08628613626099399,0.08630637308156242,2.0236820568425573e-05,0.006538733782434596,0.07394607865081212,0.09872876983422232,0.95,percentile,rao_wu_rescaled_bootstrap,2000,2000,1.0,16
MEC examination sample,inflammatory comparison sample,model3_inflammatory,Model 3 inflammatory,elastic_net,2007-2008,5649,677,combined_mec_weight,weighted_mean_predicted_probability,0.08402258729387535,0.08398307080967428,-3.9516484201071456e-05,0.003352506906585027,0.07764703832411708,0.09049294173558248,0.95,percentile,rao_wu_rescaled_bootstrap,2000,2000,1.0,16
MEC examination sample,inflammatory comparison sample,model3_inflammatory,Model 3 inflammatory,elastic_net,2007-2008,5649,677,combined_mec_weight,calibration_in_the_large,0.029057522934710533,0.027754496462346744,-0.0013030264723637892,0.05829168271405908,-0.08519391825799258,0.13927692852727236,0.95,percentile,rao_wu_rescaled_bootstrap,2000,2000,1.0,16
fasting subsample,combined comparison sample,model4_combined,Model 4 combined biomarkers,elastic_net,2007-2008,2337,288,combined_fasting_weight,survey_weighted_AUROC,0.86428171614318,0.8651204682399671,0.0008387520967871875,0.013870494661432274,0.8379274119210742,0.8910634181140472,0.95,percentile,rao_wu_rescaled_bootstrap,2000,2000,1.0,16
fasting subsample,combined comparison sample,model4_combined,Model 4 combined biomarkers,elastic_net,2007-2008,2337,288,combined_fasting_weight,survey_weighted_PR_AUC,0.4096419818191604,0.4173897166393276,0.007747734820167218,0.039327054793538055,0.34225651596780216,0.4934103127050298,0.95,percentile,rao_wu_rescaled_bootstrap,2000,2000,1.0,16
fasting subsample,combined comparison sample,model4_combined,Model 4 combined biomarkers,elastic_net,2007-2008,2337,288,combined_fasting_weight,weighted_Brier,0.06440492988314582,0.06437029553447807,-3.4634348667753057e-05,0.005567302401863787,0.0536470111866186,0.0749669597589755,0.95,percentile,rao_wu_rescaled_bootstrap,2000,2000,1.0,16
fasting subsample,combined comparison sample,model4_combined,Model 4 combined biomarkers,elastic_net,2007-2008,2337,288,combined_fasting_weight,weighted_log_loss,0.22061427579450574,0.2203641884575794,-0.0002500873369263301,0.01537235354703871,0.19006595975949225,0.24978002895903356,0.95,percentile,rao_wu_rescaled_bootstrap,2000,2000,1.0,16
fasting subsample,combined comparison sample,model4_combined,Model 4 combined biomarkers,elastic_net,2007-2008,2337,288,combined_fasting_weight,calibration_intercept,0.05039615478531352,0.06426365026684076,0.013867495481527242,0.1712651108585074,-0.25399316978756403,0.3974775744722877,0.95,percentile,rao_wu_rescaled_bootstrap,2000,2000,1.0,16
fasting subsample,combined comparison sample,model4_combined,Model 4 combined biomarkers,elastic_net,2007-2008,2337,288,combined_fasting_weight,calibration_slope,1.0221725867461962,1.031994246515137,0.009821659768940894,0.07385427943988294,0.9020161531400818,1.1889976717562583,0.95,percentile,rao_wu_rescaled_bootstrap,2000,2000,1.0,16
fasting subsample,combined comparison sample,model4_combined,Model 4 combined biomarkers,elastic_net,2007-2008,2337,288,combined_fasting_weight,observed_expected_ratio,1.0091678526729415,1.0114774344201327,0.002309581747191203,0.08214520491765893,0.8593559097000305,1.1685938560701836,0.95,percentile,rao_wu_rescaled_bootstrap,2000,2000,1.0,16
fasting subsample,combined comparison sample,model4_combined,Model 4 combined biomarkers,elastic_net,2007-2008,2337,288,combined_fasting_weight,weighted_observed_prevalence,0.08956343919074475,0.08979173493075729,0.00022829574001254072,0.008880771691328318,0.07336885522450454,0.10630162695767582,0.95,percentile,rao_wu_rescaled_bootstrap,2000,2000,1.0,16
fasting subsample,combined comparison sample,model4_combined,Model 4 combined biomarkers,elastic_net,2007-2008,2337,288,combined_fasting_weight,weighted_mean_predicted_probability,0.08874979415319437,0.08874246535634721,-7.328796847158592e-06,0.004487817730070314,0.08006814084527676,0.09738474254508239,0.95,percentile,rao_wu_rescaled_bootstrap,2000,2000,1.0,16
fasting subsample,combined comparison sample,model4_combined,Model 4 combined biomarkers,elastic_net,2007-2008,2337,288,combined_fasting_weight,calibration_in_the_large,0.010019370600595323,0.009286129878327143,-0.0007332407222681806,0.08954497589906778,-0.1653099392003547,0.1724201893243934,0.95,percentile,rao_wu_rescaled_bootstrap,2000,2000,1.0,16
MEC examination sample,core MEC target sample,model0_core,Model 0 core clinical,elastic_net,2009-2010,5990,646,combined_mec_weight,survey_weighted_AUROC,0.8452409522165375,0.8450305225704683,-0.0002104296460692101,0.0047272688234474775,0.8361825877958845,0.8540797499675515,0.95,percentile,rao_wu_rescaled_bootstrap,2000,2000,1.0,16
MEC examination sample,core MEC target sample,model0_core,Model 0 core clinical,elastic_net,2009-2010,5990,646,combined_mec_weight,survey_weighted_PR_AUC,0.3504824106346944,0.35165074731784585,0.0011683366831514719,0.018361079050179897,0.3145105287715807,0.3859380134331177,0.95,percentile,rao_wu_rescaled_bootstrap,2000,2000,1.0,16
MEC examination sample,core MEC target sample,model0_core,Model 0 core clinical,elastic_net,2009-2010,5990,646,combined_mec_weight,weighted_Brier,0.0623007376253396,0.062339919527075884,3.918190173628211e-05,0.003775189868424125,0.05514570153963752,0.06951602519744535,0.95,percentile,rao_wu_rescaled_bootstrap,2000,2000,1.0,16
MEC examination sample,core MEC target sample,model0_core,Model 0 core clinical,elastic_net,2009-2010,5990,646,combined_mec_weight,weighted_log_loss,0.2168392376360464,0.21696751309842638,0.00012827546237997867,0.010994365996585969,0.19599742243651425,0.23769486304466853,0.95,percentile,rao_wu_rescaled_bootstrap,2000,2000,1.0,16
MEC examination sample,core MEC target sample,model0_core,Model 0 core clinical,elastic_net,2009-2010,5990,646,combined_mec_weight,calibration_intercept,-0.16854203131550619,-0.17046183458599848,-0.001919803270492293,0.06887752394956911,-0.3094943713985606,-0.04621642547003296,0.95,percentile,rao_wu_rescaled_bootstrap,2000,2000,1.0,16
MEC examination sample,core MEC target sample,model0_core,Model 0 core clinical,elastic_net,2009-2010,5990,646,combined_mec_weight,calibration_slope,0.9537351286056366,0.9535750402716421,-0.0001600883339945014,0.022158869247436288,0.9114812373940467,0.9945771731788536,0.95,percentile,rao_wu_rescaled_bootstrap,2000,2000,1.0,16
MEC examination sample,core MEC target sample,model0_core,Model 0 core clinical,elastic_net,2009-2010,5990,646,combined_mec_weight,observed_expected_ratio,0.9347370564011257,0.9345424792948871,-0.00019457710623860258,0.0443938119643383,0.8461926669725086,1.0200672500734795,0.95,percentile,rao_wu_rescaled_bootstrap,2000,2000,1.0,16
MEC examination sample,core MEC target sample,model0_core,Model 0 core clinical,elastic_net,2009-2010,5990,646,combined_mec_weight,weighted_observed_prevalence,0.08107495355801893,0.08112836676057841,5.341320255948523e-05,0.006063727875346155,0.06989922250619192,0.09234681563241956,0.95,percentile,rao_wu_rescaled_bootstrap,2000,2000,1.0,16
MEC examination sample,core MEC target sample,model0_core,Model 0 core clinical,elastic_net,2009-2010,5990,646,combined_mec_weight,weighted_mean_predicted_probability,0.0867355723225196,0.08673567111368785,9.879116824595968e-08,0.003495721118534398,0.07987541105171811,0.09305726507020426,0.95,percentile,rao_wu_rescaled_bootstrap,2000,2000,1.0,16
MEC examination sample,core MEC target sample,model0_core,Model 0 core clinical,elastic_net,2009-2010,5990,646,combined_mec_weight,calibration_in_the_large,-0.07366910774397573,-0.07493694164731396,-0.0012678339033382335,0.05170391608538699,-0.18132256618094578,0.021719888702955107,0.95,percentile,rao_wu_rescaled_bootstrap,2000,2000,1.0,16
fasting subsample,combined comparison sample,model0_paired_combined,Model 0 paired combined sample,elastic_net,2009-2010,2594,273,combined_fasting_weight,survey_weighted_AUROC,0.8388950285425557,0.8388095495104617,-8.547903209399355e-05,0.006249015593509101,0.8260302845923309,0.8504216258240976,0.95,percentile,rao_wu_rescaled_bootstrap,2000,2000,1.0,16
fasting subsample,combined comparison sample,model0_paired_combined,Model 0 paired combined sample,elastic_net,2009-2010,2594,273,combined_fasting_weight,survey_weighted_PR_AUC,0.35649072021237127,0.3598647973489011,0.0033740771365298183,0.01889449838987086,0.3228759119628222,0.3969746478341115,0.95,percentile,rao_wu_rescaled_bootstrap,2000,2000,1.0,16
fasting subsample,combined comparison sample,model0_paired_combined,Model 0 paired combined sample,elastic_net,2009-2010,2594,273,combined_fasting_weight,weighted_Brier,0.06250254260040106,0.06244753528563829,-5.500731476276721e-05,0.00342826883934093,0.05561626295909905,0.06894265700288701,0.95,percentile,rao_wu_rescaled_bootstrap,2000,2000,1.0,16
fasting subsample,combined comparison sample,model0_paired_combined,Model 0 paired combined sample,elastic_net,2009-2010,2594,273,combined_fasting_weight,weighted_log_loss,0.21941617769736962,0.2192831006686875,-0.00013307702868212146,0.00938444067999319,0.20050775068488877,0.23715674043731286,0.95,percentile,rao_wu_rescaled_bootstrap,2000,2000,1.0,16
fasting subsample,combined comparison sample,model0_paired_combined,Model 0 paired combined sample,elastic_net,2009-2010,2594,273,combined_fasting_weight,calibration_intercept,-0.16763073341904453,-0.1699536334780181,-0.002322900058973565,0.08658021142143091,-0.3511973202228825,-0.010563235702635052,0.95,percentile,rao_wu_rescaled_bootstrap,2000,2000,1.0,16
fasting subsample,combined comparison sample,model0_paired_combined,Model 0 paired combined sample,elastic_net,2009-2010,2594,273,combined_fasting_weight,calibration_slope,0.9693975315895418,0.9702428659113955,0.0008453343218537412,0.030427101857884116,0.9136425237038313,1.0281676161872808,0.95,percentile,rao_wu_rescaled_bootstrap,2000,2000,1.0,16
fasting subsample,combined comparison sample,model0_paired_combined,Model 0 paired combined sample,elastic_net,2009-2010,2594,273,combined_fasting_weight,observed_expected_ratio,0.9162007365482969,0.9146185060887345,-0.001582230459562406,0.04682716400917577,0.8227693973569503,1.0021581840202516,0.95,percentile,rao_wu_rescaled_bootstrap,2000,2000,1.0,16
fasting subsample,combined comparison sample,model0_paired_combined,Model 0 paired combined sample,elastic_net,2009-2010,2594,273,combined_fasting_weight,weighted_observed_prevalence,0.08151876177433258,0.08143830200953316,-8.045976479942318e-05,0.005277163837074895,0.07079854094797224,0.09136099678550182,0.95,percentile,rao_wu_rescaled_bootstrap,2000,2000,1.0,16
fasting subsample,combined comparison sample,model0_paired_combined,Model 0 paired combined sample,elastic_net,2009-2010,2594,273,combined_fasting_weight,weighted_mean_predicted_probability,0.08897478306058464,0.0890372450171135,6.246195652886977e-05,0.003459894039546325,0.082161421296206,0.09542000376269798,0.95,percentile,rao_wu_rescaled_bootstrap,2000,2000,1.0,16
fasting subsample,combined comparison sample,model0_paired_combined,Model 0 paired combined sample,elastic_net,2009-2010,2594,273,combined_fasting_weight,calibration_in_the_large,-0.09567069414160967,-0.09886478716419417,-0.003194093022584499,0.05598266804470518,-0.21159492073971897,0.002372191782441005,0.95,percentile,rao_wu_rescaled_bootstrap,2000,2000,1.0,16
fasting subsample,metabolic comparison sample,model0_paired_metabolic,Model 0 paired metabolic sample,elastic_net,2009-2010,2594,273,combined_fasting_weight,survey_weighted_AUROC,0.8388950285425557,0.8388095495104617,-8.547903209399355e-05,0.006249015593509101,0.8260302845923309,0.8504216258240976,0.95,percentile,rao_wu_rescaled_bootstrap,2000,2000,1.0,16
fasting subsample,metabolic comparison sample,model0_paired_metabolic,Model 0 paired metabolic sample,elastic_net,2009-2010,2594,273,combined_fasting_weight,survey_weighted_PR_AUC,0.35649072021237127,0.3598647973489011,0.0033740771365298183,0.01889449838987086,0.3228759119628222,0.3969746478341115,0.95,percentile,rao_wu_rescaled_bootstrap,2000,2000,1.0,16
fasting subsample,metabolic comparison sample,model0_paired_metabolic,Model 0 paired metabolic sample,elastic_net,2009-2010,2594,273,combined_fasting_weight,weighted_Brier,0.06250254260040106,0.06244753528563829,-5.500731476276721e-05,0.00342826883934093,0.05561626295909905,0.06894265700288701,0.95,percentile,rao_wu_rescaled_bootstrap,2000,2000,1.0,16
fasting subsample,metabolic comparison sample,model0_paired_metabolic,Model 0 paired metabolic sample,elastic_net,2009-2010,2594,273,combined_fasting_weight,weighted_log_loss,0.21941617769736962,0.2192831006686875,-0.00013307702868212146,0.00938444067999319,0.20050775068488877,0.23715674043731286,0.95,percentile,rao_wu_rescaled_bootstrap,2000,2000,1.0,16
fasting subsample,metabolic comparison sample,model0_paired_metabolic,Model 0 paired metabolic sample,elastic_net,2009-2010,2594,273,combined_fasting_weight,calibration_intercept,-0.16763073341904453,-0.1699536334780181,-0.002322900058973565,0.08658021142143091,-0.3511973202228825,-0.010563235702635052,0.95,percentile,rao_wu_rescaled_bootstrap,2000,2000,1.0,16
fasting subsample,metabolic comparison sample,model0_paired_metabolic,Model 0 paired metabolic sample,elastic_net,2009-2010,2594,273,combined_fasting_weight,calibration_slope,0.9693975315895418,0.9702428659113955,0.0008453343218537412,0.030427101857884116,0.9136425237038313,1.0281676161872808,0.95,percentile,rao_wu_rescaled_bootstrap,2000,2000,1.0,16
fasting subsample,metabolic comparison sample,model0_paired_metabolic,Model 0 paired metabolic sample,elastic_net,2009-2010,2594,273,combined_fasting_weight,observed_expected_ratio,0.9162007365482969,0.9146185060887345,-0.001582230459562406,0.04682716400917577,0.8227693973569503,1.0021581840202516,0.95,percentile,rao_wu_rescaled_bootstrap,2000,2000,1.0,16
fasting subsample,metabolic comparison sample,model0_paired_metabolic,Model 0 paired metabolic sample,elastic_net,2009-2010,2594,273,combined_fasting_weight,weighted_observed_prevalence,0.08151876177433258,0.08143830200953316,-8.045976479942318e-05,0.005277163837074895,0.07079854094797224,0.09136099678550182,0.95,percentile,rao_wu_rescaled_bootstrap,2000,2000,1.0,16
fasting subsample,metabolic comparison sample,model0_paired_metabolic,Model 0 paired metabolic sample,elastic_net,2009-2010,2594,273,combined_fasting_weight,weighted_mean_predicted_probability,0.08897478306058464,0.0890372450171135,6.246195652886977e-05,0.003459894039546325,0.082161421296206,0.09542000376269798,0.95,percentile,rao_wu_rescaled_bootstrap,2000,2000,1.0,16
fasting subsample,metabolic comparison sample,model0_paired_metabolic,Model 0 paired metabolic sample,elastic_net,2009-2010,2594,273,combined_fasting_weight,calibration_in_the_large,-0.09567069414160967,-0.09886478716419417,-0.003194093022584499,0.05598266804470518,-0.21159492073971897,0.002372191782441005,0.95,percentile,rao_wu_rescaled_bootstrap,2000,2000,1.0,16
MEC examination sample,renal comparison sample,model1_renal,Model 1 renal,elastic_net,2009-2010,5990,646,combined_mec_weight,survey_weighted_AUROC,0.848954747646193,0.8485970169073767,-0.0003577307388163975,0.0041542683553527585,0.8409367150341736,0.856648047998856,0.95,percentile,rao_wu_rescaled_bootstrap,2000,2000,1.0,16
MEC examination sample,renal comparison sample,model1_renal,Model 1 renal,elastic_net,2009-2010,5990,646,combined_mec_weight,survey_weighted_PR_AUC,0.35182876829370396,0.3530376359189794,0.0012088676252754449,0.016424521553792877,0.31925072033098234,0.3837335984595266,0.95,percentile,rao_wu_rescaled_bootstrap,2000,2000,1.0,16
MEC examination sample,renal comparison sample,model1_renal,Model 1 renal,elastic_net,2009-2010,5990,646,combined_mec_weight,weighted_Brier,0.06201883701934274,0.06206706908615587,4.8232066813126695e-05,0.003847204476302115,0.05475712343172062,0.06928205218322384,0.95,percentile,rao_wu_rescaled_bootstrap,2000,2000,1.0,16
MEC examination sample,renal comparison sample,model1_renal,Model 1 renal,elastic_net,2009-2010,5990,646,combined_mec_weight,weighted_log_loss,0.2154721480397461,0.21562311891062888,0.00015097087088278283,0.01108250585286798,0.19442310569197652,0.2362942628722172,0.95,percentile,rao_wu_rescaled_bootstrap,2000,2000,1.0,16
MEC examination sample,renal comparison sample,model1_renal,Model 1 renal,elastic_net,2009-2010,5990,646,combined_mec_weight,calibration_intercept,-0.17605328500151168,-0.178452707254566,-0.002399422253054312,0.07089192771402436,-0.32343943846231366,-0.05142507251471454,0.95,percentile,rao_wu_rescaled_bootstrap,2000,2000,1.0,16
MEC examination sample,renal comparison sample,model1_renal,Model 1 renal,elastic_net,2009-2010,5990,646,combined_mec_weight,calibration_slope,0.9385821363806764,0.9382430269708945,-0.0003391094097819902,0.02082648438609046,0.8991487294136193,0.9784353700132454,0.95,percentile,rao_wu_rescaled_bootstrap,2000,2000,1.0,16
MEC examination sample,renal comparison sample,model1_renal,Model 1 renal,elastic_net,2009-2010,5990,646,combined_mec_weight,observed_expected_ratio,0.9492706949257878,0.9488592230380147,-0.00041147188777301835,0.04533050143413095,0.8600320412760369,1.0341319756113523,0.95,percentile,rao_wu_rescaled_bootstrap,2000,2000,1.0,16
MEC examination sample,renal comparison sample,model1_renal,Model 1 renal,elastic_net,2009-2010,5990,646,combined_mec_weight,weighted_observed_prevalence,0.08107495355801893,0.08112836676057841,5.341320255948523e-05,0.006063727875346155,0.06989922250619192,0.09234681563241956,0.95,percentile,rao_wu_rescaled_bootstrap,2000,2000,1.0,16
MEC examination sample,renal comparison sample,model1_renal,Model 1 renal,elastic_net,2009-2010,5990,646,combined_mec_weight,weighted_mean_predicted_probability,0.0854076229166194,0.08541872279685617,1.1099880236772885e-05,0.0032028103593128177,0.0790610032689267,0.0911555168416922,0.95,percentile,rao_wu_rescaled_bootstrap,2000,2000,1.0,16
MEC examination sample,renal comparison sample,model1_renal,Model 1 renal,elastic_net,2009-2010,5990,646,combined_mec_weight,calibration_in_the_large,-0.05678736139335738,-0.05830505462220602,-0.001517693228848635,0.05203993281461498,-0.1632899765007137,0.036828868965407165,0.95,percentile,rao_wu_rescaled_bootstrap,2000,2000,1.0,16
fasting subsample,metabolic comparison sample,model2_metabolic,Model 2 metabolic,elastic_net,2009-2010,2594,273,combined_fasting_weight,survey_weighted_AUROC,0.8409677318394536,0.8409736837269611,5.951887507515963e-06,0.00618237933852344,0.8283963268493085,0.8526198677336675,0.95,percentile,rao_wu_rescaled_bootstrap,2000,2000,1.0,16
fasting subsample,metabolic comparison sample,model2_metabolic,Model 2 metabolic,elastic_net,2009-2010,2594,273,combined_fasting_weight,survey_weighted_PR_AUC,0.3576649123618454,0.36153223555700176,0.003867323195156369,0.017463712024037417,0.32774338272882764,0.3955876164601547,0.95,percentile,rao_wu_rescaled_bootstrap,2000,2000,1.0,16
fasting subsample,metabolic comparison sample,model2_metabolic,Model 2 metabolic,elastic_net,2009-2010,2594,273,combined_fasting_weight,weighted_Brier,0.0622403745778614,0.062181716397458446,-5.865818040295262e-05,0.0034766082189899143,0.05529555796926494,0.06869329966380061,0.95,percentile,rao_wu_rescaled_bootstrap,2000,2000,1.0,16
fasting subsample,metabolic comparison sample,model2_metabolic,Model 2 metabolic,elastic_net,2009-2010,2594,273,combined_fasting_weight,weighted_log_loss,0.21841371067487889,0.2182655797888566,-0.00014813088602227964,0.009480292567917638,0.19936971085434266,0.2363857976533456,0.95,percentile,rao_wu_rescaled_bootstrap,2000,2000,1.0,16
fasting subsample,metabolic comparison sample,model2_metabolic,Model 2 metabolic,elastic_net,2009-2010,2594,273,combined_fasting_weight,calibration_intercept,-0.1427029267267965,-0.14493346203302193,-0.0022305353062254396,0.08516646443889016,-0.32160297480145594,0.010971639782339714,0.95,percentile,rao_wu_rescaled_bootstrap,2000,2000,1.0,16
fasting subsample,metabolic comparison sample,model2_metabolic,Model 2 metabolic,elastic_net,2009-2010,2594,273,combined_fasting_weight,calibration_slope,0.9787573198908756,0.9797582792715033,0.0010009593806277195,0.03071610279794116,0.9229747954958393,1.037420554168917,0.95,percentile,rao_wu_rescaled_bootstrap,2000,2000,1.0,16
fasting subsample,metabolic comparison sample,model2_metabolic,Model 2 metabolic,elastic_net,2009-2010,2594,273,combined_fasting_weight,observed_expected_ratio,0.922651058795174,0.92103345741657,-0.0016176013786040055,0.0473335905510509,0.8287542340123971,1.0092026878701335,0.95,percentile,rao_wu_rescaled_bootstrap,2000,2000,1.0,16
fasting subsample,metabolic comparison sample,model2_metabolic,Model 2 metabolic,elastic_net,2009-2010,2594,273,combined_fasting_weight,weighted_observed_prevalence,0.08151876177433258,0.08143830200953316,-8.045976479942318e-05,0.005277163837074895,0.07079854094797224,0.09136099678550182,0.95,percentile,rao_wu_rescaled_bootstrap,2000,2000,1.0,16
fasting subsample,metabolic comparison sample,model2_metabolic,Model 2 metabolic,elastic_net,2009-2010,2594,273,combined_fasting_weight,weighted_mean_predicted_probability,0.088352753727701,0.08841409915425137,6.134542655036879e-05,0.003334233876821806,0.08182073901177417,0.09460959373120545,0.95,percentile,rao_wu_rescaled_bootstrap,2000,2000,1.0,16
fasting subsample,metabolic comparison sample,model2_metabolic,Model 2 metabolic,elastic_net,2009-2010,2594,273,combined_fasting_weight,calibration_in_the_large,-0.08797252112774423,-0.09120134154500442,-0.003228820417260192,0.05619703546493729,-0.20372452675355324,0.010041516628419704,0.95,percentile,rao_wu_rescaled_bootstrap,2000,2000,1.0,16
MEC examination sample,inflammatory comparison sample,model3_inflammatory,Model 3 inflammatory,elastic_net,2009-2010,5990,646,combined_mec_weight,survey_weighted_AUROC,0.8453963796194611,0.8451536116316374,-0.0002427679878237443,0.00500118156197206,0.8357241359755889,0.8548588536943361,0.95,percentile,rao_wu_rescaled_bootstrap,2000,2000,1.0,16
MEC examination sample,inflammatory comparison sample,model3_inflammatory,Model 3 inflammatory,elastic_net,2009-2010,5990,646,combined_mec_weight,survey_weighted_PR_AUC,0.3533731473939629,0.3548802082589956,0.0015070608650326611,0.018935395550757506,0.31750104120889777,0.3901284803999309,0.95,percentile,rao_wu_rescaled_bootstrap,2000,2000,1.0,16
MEC examination sample,inflammatory comparison sample,model3_inflammatory,Model 3 inflammatory,elastic_net,2009-2010,5990,646,combined_mec_weight,weighted_Brier,0.06218684873114086,0.062229234885567634,4.2386154426775347e-05,0.003800204754062815,0.05490824381327726,0.06945672663550934,0.95,percentile,rao_wu_rescaled_bootstrap,2000,2000,1.0,16
MEC examination sample,inflammatory comparison sample,model3_inflammatory,Model 3 inflammatory,elastic_net,2009-2010,5990,646,combined_mec_weight,weighted_log_loss,0.21661502126998713,0.21675316529689018,0.00013814402690304206,0.01112460134100813,0.19545402150767413,0.23770980727448857,0.95,percentile,rao_wu_rescaled_bootstrap,2000,2000,1.0,16
MEC examination sample,inflammatory comparison sample,model3_inflammatory,Model 3 inflammatory,elastic_net,2009-2010,5990,646,combined_mec_weight,calibration_intercept,-0.16000875217523933,-0.16205769465843792,-0.0020489424831985903,0.06409078816764159,-0.29565370966493165,-0.04911932952507729,0.95,percentile,rao_wu_rescaled_bootstrap,2000,2000,1.0,16
MEC examination sample,inflammatory comparison sample,model3_inflammatory,Model 3 inflammatory,elastic_net,2009-2010,5990,646,combined_mec_weight,calibration_slope,0.9538202882220391,0.9535808822016686,-0.00023940602037053615,0.022333858941963807,0.9106872426613181,0.9966162531148808,0.95,percentile,rao_wu_rescaled_bootstrap,2000,2000,1.0,16
MEC examination sample,inflammatory comparison sample,model3_inflammatory,Model 3 inflammatory,elastic_net,2009-2010,5990,646,combined_mec_weight,observed_expected_ratio,0.9409161023025558,0.9406840110971428,-0.00023209120541300976,0.04335586971536755,0.8541076838097,1.0242466391191059,0.95,percentile,rao_wu_rescaled_bootstrap,2000,2000,1.0,16
MEC examination sample,inflammatory comparison sample,model3_inflammatory,Model 3 inflammatory,elastic_net,2009-2010,5990,646,combined_mec_weight,weighted_observed_prevalence,0.08107495355801893,0.08112836676057841,5.341320255948523e-05,0.006063727875346155,0.06989922250619192,0.09234681563241956,0.95,percentile,rao_wu_rescaled_bootstrap,2000,2000,1.0,16
MEC examination sample,inflammatory comparison sample,model3_inflammatory,Model 3 inflammatory,elastic_net,2009-2010,5990,646,combined_mec_weight,weighted_mean_predicted_probability,0.08616597522310114,0.08616687274863265,8.975255315069042e-07,0.0035509005081700512,0.07925769640034554,0.09256906131707736,0.95,percentile,rao_wu_rescaled_bootstrap,2000,2000,1.0,16
MEC examination sample,inflammatory comparison sample,model3_inflammatory,Model 3 inflammatory,elastic_net,2009-2010,5990,646,combined_mec_weight,calibration_in_the_large,-0.06645689769444996,-0.06769792961467246,-0.001241031920222499,0.05016446551884148,-0.1709047275713366,0.02618403102268744,0.95,percentile,rao_wu_rescaled_bootstrap,2000,2000,1.0,16
fasting subsample,combined comparison sample,model4_combined,Model 4 combined biomarkers,elastic_net,2009-2010,2594,273,combined_fasting_weight,survey_weighted_AUROC,0.8441243752992496,0.8440637132218942,-6.0662077355333466e-05,0.006892789256183311,0.8301238769317617,0.8570974199877747,0.95,percentile,rao_wu_rescaled_bootstrap,2000,2000,1.0,16
fasting subsample,combined comparison sample,model4_combined,Model 4 combined biomarkers,elastic_net,2009-2010,2594,273,combined_fasting_weight,survey_weighted_PR_AUC,0.35990282391206974,0.3647196574787292,0.004816833566659462,0.017180142413579413,0.3298637731418377,0.3975441318576823,0.95,percentile,rao_wu_rescaled_bootstrap,2000,2000,1.0,16
fasting subsample,combined comparison sample,model4_combined,Model 4 combined biomarkers,elastic_net,2009-2010,2594,273,combined_fasting_weight,weighted_Brier,0.061941171384219174,0.06190433275930498,-3.683862491419415e-05,0.0035156242701352403,0.055040139188874855,0.06860061484940061,0.95,percentile,rao_wu_rescaled_bootstrap,2000,2000,1.0,16
fasting subsample,combined comparison sample,model4_combined,Model 4 combined biomarkers,elastic_net,2009-2010,2594,273,combined_fasting_weight,weighted_log_loss,0.21710045136566408,0.21702735573989712,-7.309562576696127e-05,0.009941760389407287,0.1974651986372538,0.2355996264964126,0.95,percentile,rao_wu_rescaled_bootstrap,2000,2000,1.0,16
fasting subsample,combined comparison sample,model4_combined,Model 4 combined biomarkers,elastic_net,2009-2010,2594,273,combined_fasting_weight,calibration_intercept,-0.1610416261780568,-0.16408630032609164,-0.0030446741480348316,0.09826608082918237,-0.358231427647039,0.027102546941498308,0.95,percentile,rao_wu_rescaled_bootstrap,2000,2000,1.0,16
fasting subsample,combined comparison sample,model4_combined,Model 4 combined biomarkers,elastic_net,2009-2010,2594,273,combined_fasting_weight,calibration_slope,0.9569613279676353,0.9574632834967896,0.0005019555291542188,0.0324364434445065,0.8975865250442407,1.0206486737236262,0.95,percentile,rao_wu_rescaled_bootstrap,2000,2000,1.0,16
fasting subsample,combined comparison sample,model4_combined,Model 4 combined biomarkers,elastic_net,2009-2010,2594,273,combined_fasting_weight,observed_expected_ratio,0.9369941689771442,0.9350260141893527,-0.001968154787791443,0.049316515359820796,0.836226479986253,1.025769496455503,0.95,percentile,rao_wu_rescaled_bootstrap,2000,2000,1.0,16
fasting subsample,combined comparison sample,model4_combined,Model 4 combined biomarkers,elastic_net,2009-2010,2594,273,combined_fasting_weight,weighted_observed_prevalence,0.08151876177433258,0.08143830200953316,-8.045976479942318e-05,0.005277163837074895,0.07079854094797224,0.09136099678550182,0.95,percentile,rao_wu_rescaled_bootstrap,2000,2000,1.0,16
fasting subsample,combined comparison sample,model4_combined,Model 4 combined biomarkers,elastic_net,2009-2010,2594,273,combined_fasting_weight,weighted_mean_predicted_probability,0.087000287166484,0.0870864608420266,8.617367554260291e-05,0.0029886928210524927,0.08093700435307072,0.09260283630218788,0.95,percentile,rao_wu_rescaled_bootstrap,2000,2000,1.0,16
fasting subsample,combined comparison sample,model4_combined,Model 4 combined biomarkers,elastic_net,2009-2010,2594,273,combined_fasting_weight,calibration_in_the_large,-0.07106413168494585,-0.07473841375601564,-0.00367428207106979,0.05769872252087991,-0.19407085241263097,0.02797903037657012,0.95,percentile,rao_wu_rescaled_bootstrap,2000,2000,1.0,16
MEC examination sample,core MEC target sample,model0_core,Model 0 core clinical,elastic_net,2011-2012,5260,550,combined_mec_weight,survey_weighted_AUROC,0.8393311938961271,0.8391428017577298,-0.0001883921383972753,0.013066772302917008,0.8145500497855155,0.8652013588974339,0.95,percentile,rao_wu_rescaled_bootstrap,2000,2000,1.0,17
MEC examination sample,core MEC target sample,model0_core,Model 0 core clinical,elastic_net,2011-2012,5260,550,combined_mec_weight,survey_weighted_PR_AUC,0.3696651030488632,0.3719078369342081,0.0022427338853449053,0.023186938603925587,0.3270176185748011,0.4184429638826892,0.95,percentile,rao_wu_rescaled_bootstrap,2000,2000,1.0,17
MEC examination sample,core MEC target sample,model0_core,Model 0 core clinical,elastic_net,2011-2012,5260,550,combined_mec_weight,weighted_Brier,0.0653954196672101,0.065393541805724,-1.8778614861020282e-06,0.00392742560309437,0.05786049712748361,0.07321286158293341,0.95,percentile,rao_wu_rescaled_bootstrap,2000,2000,1.0,17
MEC examination sample,core MEC target sample,model0_core,Model 0 core clinical,elastic_net,2011-2012,5260,550,combined_mec_weight,weighted_log_loss,0.22862279053570458,0.22864730662762106,2.4516091916476634e-05,0.01286388714724809,0.2043849030205249,0.2539926726212133,0.95,percentile,rao_wu_rescaled_bootstrap,2000,2000,1.0,17
MEC examination sample,core MEC target sample,model0_core,Model 0 core clinical,elastic_net,2011-2012,5260,550,combined_mec_weight,calibration_intercept,-0.04663188899651374,-0.04479941961038836,0.001832469386125385,0.10241768028844596,-0.2365140395550103,0.1689850071672979,0.95,percentile,rao_wu_rescaled_bootstrap,2000,2000,1.0,17
MEC examination sample,core MEC target sample,model0_core,Model 0 core clinical,elastic_net,2011-2012,5260,550,combined_mec_weight,calibration_slope,0.9539106390038108,0.9557987652279498,0.0018881262241390306,0.05369850553317107,0.8566209246540087,1.0674992382380721,0.95,percentile,rao_wu_rescaled_bootstrap,2000,2000,1.0,17
MEC examination sample,core MEC target sample,model0_core,Model 0 core clinical,elastic_net,2011-2012,5260,550,combined_mec_weight,observed_expected_ratio,1.0248780477591948,1.0257882575063209,0.0009102097471260784,0.04027772381493866,0.9508554335463398,1.1077389985789008,0.95,percentile,rao_wu_rescaled_bootstrap,2000,2000,1.0,17
MEC examination sample,core MEC target sample,model0_core,Model 0 core clinical,elastic_net,2011-2012,5260,550,combined_mec_weight,weighted_observed_prevalence,0.08726918830598314,0.08727157491571591,2.386609732771272e-06,0.00576641065520483,0.07619551666408263,0.09863843831366646,0.95,percentile,rao_wu_rescaled_bootstrap,2000,2000,1.0,17
MEC examination sample,core MEC target sample,model0_core,Model 0 core clinical,elastic_net,2011-2012,5260,550,combined_mec_weight,weighted_mean_predicted_probability,0.0851508025728422,0.08507859530037781,-7.220727246438907e-05,0.004550917835257679,0.07588709579639515,0.09357843313324427,0.95,percentile,rao_wu_rescaled_bootstrap,2000,2000,1.0,17
MEC examination sample,core MEC target sample,model0_core,Model 0 core clinical,elastic_net,2011-2012,5260,550,combined_mec_weight,calibration_in_the_large,0.026891870059794876,0.027100804188883637,0.0002089341290887614,0.04289478446622219,-0.05520092496704191,0.11224736387301679,0.95,percentile,rao_wu_rescaled_bootstrap,2000,2000,1.0,17
fasting subsample,combined comparison sample,model0_paired_combined,Model 0 paired combined sample,elastic_net,2011-2012,2294,239,combined_fasting_weight,survey_weighted_AUROC,0.831473891793819,0.8316778484243426,0.00020395663052352742,0.01844216053617875,0.7990569664382657,0.8676897470121449,0.95,percentile,rao_wu_rescaled_bootstrap,2000,2000,1.0,17
fasting subsample,combined comparison sample,model0_paired_combined,Model 0 paired combined sample,elastic_net,2011-2012,2294,239,combined_fasting_weight,survey_weighted_PR_AUC,0.376599525166869,0.3825012367873498,0.0059017116204808096,0.02946812697501475,0.32751936223111333,0.4420375790426433,0.95,percentile,rao_wu_rescaled_bootstrap,2000,2000,1.0,17
fasting subsample,combined comparison sample,model0_paired_combined,Model 0 paired combined sample,elastic_net,2011-2012,2294,239,combined_fasting_weight,weighted_Brier,0.07213835482959176,0.07194827717230592,-0.0001900776572858337,0.007274817931725646,0.05774718719993369,0.08524263170961514,0.95,percentile,rao_wu_rescaled_bootstrap,2000,2000,1.0,17
fasting subsample,combined comparison sample,model0_paired_combined,Model 0 paired combined sample,elastic_net,2011-2012,2294,239,combined_fasting_weight,weighted_log_loss,0.24945972394518773,0.2488980796888792,-0.00056164425630853,0.022558492545764343,0.20533078176352443,0.29084504392493093,0.95,percentile,rao_wu_rescaled_bootstrap,2000,2000,1.0,17
fasting subsample,combined comparison sample,model0_paired_combined,Model 0 paired combined sample,elastic_net,2011-2012,2294,239,combined_fasting_weight,calibration_intercept,-0.04368025486658256,-0.038769671991678405,0.004910582874904153,0.1313028926565985,-0.2834872490238185,0.22916729875945793,0.95,percentile,rao_wu_rescaled_bootstrap,2000,2000,1.0,17
fasting subsample,combined comparison sample,model0_paired_combined,Model 0 paired combined sample,elastic_net,2011-2012,2294,239,combined_fasting_weight,calibration_slope,0.9109750364633603,0.9188885823537278,0.007913545890367524,0.08136023313948974,0.7831823739842454,1.0835273042249496,0.95,percentile,rao_wu_rescaled_bootstrap,2000,2000,1.0,17
fasting subsample,combined comparison sample,model0_paired_combined,Model 0 paired combined sample,elastic_net,2011-2012,2294,239,combined_fasting_weight,observed_expected_ratio,1.0839767260443762,1.081841822342311,-0.0021349037020652606,0.07466715150551406,0.932526561602803,1.2219482829165806,0.95,percentile,rao_wu_rescaled_bootstrap,2000,2000,1.0,17
fasting subsample,combined comparison sample,model0_paired_combined,Model 0 paired combined sample,elastic_net,2011-2012,2294,239,combined_fasting_weight,weighted_observed_prevalence,0.09688365543132342,0.09660745754272392,-0.00027619788859950534,0.009662678870783372,0.07694991453989987,0.11472471844764487,0.95,percentile,rao_wu_rescaled_bootstrap,2000,2000,1.0,17
fasting subsample,combined comparison sample,model0_paired_combined,Model 0 paired combined sample,elastic_net,2011-2012,2294,239,combined_fasting_weight,weighted_mean_predicted_probability,0.08937798488060635,0.08921789596766631,-0.0001600889129400318,0.005321929181737838,0.0791081931512191,0.09812379641963241,0.95,percentile,rao_wu_rescaled_bootstrap,2000,2000,1.0,17
fasting subsample,combined comparison sample,model0_paired_combined,Model 0 paired combined sample,elastic_net,2011-2012,2294,239,combined_fasting_weight,calibration_in_the_large,0.08891294406869665,0.08444826500216476,-0.00446467906653189,0.07694941656778574,-0.07624506263484905,0.2228395657965974,0.95,percentile,rao_wu_rescaled_bootstrap,2000,2000,1.0,17
fasting subsample,metabolic comparison sample,model0_paired_metabolic,Model 0 paired metabolic sample,elastic_net,2011-2012,2294,239,combined_fasting_weight,survey_weighted_AUROC,0.831473891793819,0.8316778484243426,0.00020395663052352742,0.01844216053617875,0.7990569664382657,0.8676897470121449,0.95,percentile,rao_wu_rescaled_bootstrap,2000,2000,1.0,17
fasting subsample,metabolic comparison sample,model0_paired_metabolic,Model 0 paired metabolic sample,elastic_net,2011-2012,2294,239,combined_fasting_weight,survey_weighted_PR_AUC,0.376599525166869,0.3825012367873498,0.0059017116204808096,0.02946812697501475,0.32751936223111333,0.4420375790426433,0.95,percentile,rao_wu_rescaled_bootstrap,2000,2000,1.0,17
fasting subsample,metabolic comparison sample,model0_paired_metabolic,Model 0 paired metabolic sample,elastic_net,2011-2012,2294,239,combined_fasting_weight,weighted_Brier,0.07213835482959176,0.07194827717230592,-0.0001900776572858337,0.007274817931725646,0.05774718719993369,0.08524263170961514,0.95,percentile,rao_wu_rescaled_bootstrap,2000,2000,1.0,17
fasting subsample,metabolic comparison sample,model0_paired_metabolic,Model 0 paired metabolic sample,elastic_net,2011-2012,2294,239,combined_fasting_weight,weighted_log_loss,0.24945972394518773,0.2488980796888792,-0.00056164425630853,0.022558492545764343,0.20533078176352443,0.29084504392493093,0.95,percentile,rao_wu_rescaled_bootstrap,2000,2000,1.0,17
fasting subsample,metabolic comparison sample,model0_paired_metabolic,Model 0 paired metabolic sample,elastic_net,2011-2012,2294,239,combined_fasting_weight,calibration_intercept,-0.04368025486658256,-0.038769671991678405,0.004910582874904153,0.1313028926565985,-0.2834872490238185,0.22916729875945793,0.95,percentile,rao_wu_rescaled_bootstrap,2000,2000,1.0,17
fasting subsample,metabolic comparison sample,model0_paired_metabolic,Model 0 paired metabolic sample,elastic_net,2011-2012,2294,239,combined_fasting_weight,calibration_slope,0.9109750364633603,0.9188885823537278,0.007913545890367524,0.08136023313948974,0.7831823739842454,1.0835273042249496,0.95,percentile,rao_wu_rescaled_bootstrap,2000,2000,1.0,17
fasting subsample,metabolic comparison sample,model0_paired_metabolic,Model 0 paired metabolic sample,elastic_net,2011-2012,2294,239,combined_fasting_weight,observed_expected_ratio,1.0839767260443762,1.081841822342311,-0.0021349037020652606,0.07466715150551406,0.932526561602803,1.2219482829165806,0.95,percentile,rao_wu_rescaled_bootstrap,2000,2000,1.0,17
fasting subsample,metabolic comparison sample,model0_paired_metabolic,Model 0 paired metabolic sample,elastic_net,2011-2012,2294,239,combined_fasting_weight,weighted_observed_prevalence,0.09688365543132342,0.09660745754272392,-0.00027619788859950534,0.009662678870783372,0.07694991453989987,0.11472471844764487,0.95,percentile,rao_wu_rescaled_bootstrap,2000,2000,1.0,17
fasting subsample,metabolic comparison sample,model0_paired_metabolic,Model 0 paired metabolic sample,elastic_net,2011-2012,2294,239,combined_fasting_weight,weighted_mean_predicted_probability,0.08937798488060635,0.08921789596766631,-0.0001600889129400318,0.005321929181737838,0.0791081931512191,0.09812379641963241,0.95,percentile,rao_wu_rescaled_bootstrap,2000,2000,1.0,17
fasting subsample,metabolic comparison sample,model0_paired_metabolic,Model 0 paired metabolic sample,elastic_net,2011-2012,2294,239,combined_fasting_weight,calibration_in_the_large,0.08891294406869665,0.08444826500216476,-0.00446467906653189,0.07694941656778574,-0.07624506263484905,0.2228395657965974,0.95,percentile,rao_wu_rescaled_bootstrap,2000,2000,1.0,17
MEC examination sample,renal comparison sample,model1_renal,Model 1 renal,elastic_net,2011-2012,5260,550,combined_mec_weight,survey_weighted_AUROC,0.8445006566855624,0.8442950087094042,-0.0002056479761581853,0.013644861656049069,0.8187327831199545,0.8716604029836565,0.95,percentile,rao_wu_rescaled_bootstrap,2000,2000,1.0,17
MEC examination sample,renal comparison sample,model1_renal,Model 1 renal,elastic_net,2011-2012,5260,550,combined_mec_weight,survey_weighted_PR_AUC,0.3948627721959286,0.3971696046614441,0.002306832465515496,0.028729188571352003,0.343398416929835,0.4548687952966175,0.95,percentile,rao_wu_rescaled_bootstrap,2000,2000,1.0,17
MEC examination sample,renal comparison sample,model1_renal,Model 1 renal,elastic_net,2011-2012,5260,550,combined_mec_weight,weighted_Brier,0.0641596854924455,0.0641587762652109,-9.092272345995189e-07,0.003911698304985537,0.05654766630336294,0.07188903014981174,0.95,percentile,rao_wu_rescaled_bootstrap,2000,2000,1.0,17
MEC examination sample,renal comparison sample,model1_renal,Model 1 renal,elastic_net,2011-2012,5260,550,combined_mec_weight,weighted_log_loss,0.22505801978622372,0.22509544828718925,3.742850096552508e-05,0.01292819011828805,0.20088066360848006,0.25075983609713776,0.95,percentile,rao_wu_rescaled_bootstrap,2000,2000,1.0,17
MEC examination sample,renal comparison sample,model1_renal,Model 1 renal,elastic_net,2011-2012,5260,550,combined_mec_weight,calibration_intercept,-0.026721335842773468,-0.02493589915306216,0.0017854366897113068,0.1133308753396057,-0.23925795527688343,0.20562816464578554,0.95,percentile,rao_wu_rescaled_bootstrap,2000,2000,1.0,17
MEC examination sample,renal comparison sample,model1_renal,Model 1 renal,elastic_net,2011-2012,5260,550,combined_mec_weight,calibration_slope,0.9601564411194156,0.9620558960391925,0.001899454919776944,0.0587492663542304,0.8564589208637028,1.0842206730788853,0.95,percentile,rao_wu_rescaled_bootstrap,2000,2000,1.0,17
MEC examination sample,renal comparison sample,model1_renal,Model 1 renal,elastic_net,2011-2012,5260,550,combined_mec_weight,observed_expected_ratio,1.0315826285635148,1.0322568038785114,0.0006741753149965835,0.03861017830890949,0.9593597779098694,1.110758025196046,0.95,percentile,rao_wu_rescaled_bootstrap,2000,2000,1.0,17
MEC examination sample,renal comparison sample,model1_renal,Model 1 renal,elastic_net,2011-2012,5260,550,combined_mec_weight,weighted_observed_prevalence,0.08726918830598314,0.08727157491571591,2.386609732771272e-06,0.00576641065520483,0.07619551666408263,0.09863843831366646,0.95,percentile,rao_wu_rescaled_bootstrap,2000,2000,1.0,17
MEC examination sample,renal comparison sample,model1_renal,Model 1 renal,elastic_net,2011-2012,5260,550,combined_mec_weight,weighted_mean_predicted_probability,0.08459738065530051,0.08453319348964314,-6.418716565737004e-05,0.00440485669516674,0.07572861263139892,0.09280676218234038,0.95,percentile,rao_wu_rescaled_bootstrap,2000,2000,1.0,17
MEC examination sample,renal comparison sample,model1_renal,Model 1 renal,elastic_net,2011-2012,5260,550,combined_mec_weight,calibration_in_the_large,0.03401714741163264,0.034054179677936114,3.703226630347167e-05,0.04089652210228162,-0.04518312518001452,0.11487430817600626,0.95,percentile,rao_wu_rescaled_bootstrap,2000,2000,1.0,17
fasting subsample,metabolic comparison sample,model2_metabolic,Model 2 metabolic,elastic_net,2011-2012,2294,239,combined_fasting_weight,survey_weighted_AUROC,0.8332157007209402,0.8333152334085573,9.953268761708767e-05,0.018394414046334313,0.8004276374666578,0.8695530620264851,0.95,percentile,rao_wu_rescaled_bootstrap,2000,2000,1.0,17
fasting subsample,metabolic comparison sample,model2_metabolic,Model 2 metabolic,elastic_net,2011-2012,2294,239,combined_fasting_weight,survey_weighted_PR_AUC,0.37720092234815483,0.38339637040775776,0.006195448059602926,0.029608955416256667,0.32830305432620743,0.4425539354802827,0.95,percentile,rao_wu_rescaled_bootstrap,2000,2000,1.0,17
fasting subsample,metabolic comparison sample,model2_metabolic,Model 2 metabolic,elastic_net,2011-2012,2294,239,combined_fasting_weight,weighted_Brier,0.07208524211087969,0.07190482205001388,-0.00018042006086581297,0.007246940217501214,0.05777651714540206,0.0851385630435724,0.95,percentile,rao_wu_rescaled_bootstrap,2000,2000,1.0,17
fasting subsample,metabolic comparison sample,model2_metabolic,Model 2 metabolic,elastic_net,2011-2012,2294,239,combined_fasting_weight,weighted_log_loss,0.24917646488718526,0.24864618384913528,-0.0005302810380499734,0.02246917713172424,0.20567821119277535,0.29009758841044786,0.95,percentile,rao_wu_rescaled_bootstrap,2000,2000,1.0,17
fasting subsample,metabolic comparison sample,model2_metabolic,Model 2 metabolic,elastic_net,2011-2012,2294,239,combined_fasting_weight,calibration_intercept,-0.05957656883564306,-0.05467506430643666,0.004901504529206395,0.13241274187353108,-0.29937343164351576,0.21330926498631236,0.95,percentile,rao_wu_rescaled_bootstrap,2000,2000,1.0,17
fasting subsample,metabolic comparison sample,model2_metabolic,Model 2 metabolic,elastic_net,2011-2012,2294,239,combined_fasting_weight,calibration_slope,0.9064394364242851,0.9142288744340967,0.007789438009811578,0.08138258858032496,0.7778299741938017,1.08053044662153,0.95,percentile,rao_wu_rescaled_bootstrap,2000,2000,1.0,17
fasting subsample,metabolic comparison sample,model2_metabolic,Model 2 metabolic,elastic_net,2011-2012,2294,239,combined_fasting_weight,observed_expected_ratio,1.0764811332608788,1.0744542413166733,-0.0020268919442054667,0.0734782112068848,0.9304889680851097,1.2124382711126283,0.95,percentile,rao_wu_rescaled_bootstrap,2000,2000,1.0,17
fasting subsample,metabolic comparison sample,model2_metabolic,Model 2 metabolic,elastic_net,2011-2012,2294,239,combined_fasting_weight,weighted_observed_prevalence,0.09688365543132342,0.09660745754272392,-0.00027619788859950534,0.009662678870783372,0.07694991453989987,0.11472471844764487,0.95,percentile,rao_wu_rescaled_bootstrap,2000,2000,1.0,17
fasting subsample,metabolic comparison sample,model2_metabolic,Model 2 metabolic,elastic_net,2011-2012,2294,239,combined_fasting_weight,weighted_mean_predicted_probability,0.09000032832702164,0.08984266890587851,-0.0001576594211431248,0.005610458502736051,0.0793173368248693,0.09912613048500549,0.95,percentile,rao_wu_rescaled_bootstrap,2000,2000,1.0,17
fasting subsample,metabolic comparison sample,model2_metabolic,Model 2 metabolic,elastic_net,2011-2012,2294,239,combined_fasting_weight,calibration_in_the_large,0.08129036299421388,0.07695412555468678,-0.004336237439527102,0.07617041213165236,-0.07818623477339781,0.21369577785929605,0.95,percentile,rao_wu_rescaled_bootstrap,2000,2000,1.0,17
MEC examination sample,inflammatory comparison sample,model3_inflammatory,Model 3 inflammatory,elastic_net,2011-2012,5260,550,combined_mec_weight,survey_weighted_AUROC,0.8405220575411978,0.840315339886919,-0.00020671765427882072,0.013411194204008702,0.8150150473420911,0.8670014440724737,0.95,percentile,rao_wu_rescaled_bootstrap,2000,2000,1.0,17
MEC examination sample,inflammatory comparison sample,model3_inflammatory,Model 3 inflammatory,elastic_net,2011-2012,5260,550,combined_mec_weight,survey_weighted_PR_AUC,0.3732707843176389,0.3765740731394934,0.003303288821854544,0.025545920771257235,0.3263588103740928,0.42711382767038397,0.95,percentile,rao_wu_rescaled_bootstrap,2000,2000,1.0,17
MEC examination sample,inflammatory comparison sample,model3_inflammatory,Model 3 inflammatory,elastic_net,2011-2012,5260,550,combined_mec_weight,weighted_Brier,0.06512900161225954,0.06512365697041107,-5.344641848467613e-06,0.0039032268334157423,0.057651456518108816,0.0728404734937172,0.95,percentile,rao_wu_rescaled_bootstrap,2000,2000,1.0,17
MEC examination sample,inflammatory comparison sample,model3_inflammatory,Model 3 inflammatory,elastic_net,2011-2012,5260,550,combined_mec_weight,weighted_log_loss,0.22803466267992806,0.2280512690018362,1.6606321908141375e-05,0.01293761835130469,0.2040560165096146,0.25342585203868884,0.95,percentile,rao_wu_rescaled_bootstrap,2000,2000,1.0,17
MEC examination sample,inflammatory comparison sample,model3_inflammatory,Model 3 inflammatory,elastic_net,2011-2012,5260,550,combined_mec_weight,calibration_intercept,-0.027541230517443702,-0.025071040305441175,0.0024701902120025272,0.10796875797990776,-0.22672285272596646,0.20477328374448497,0.95,percentile,rao_wu_rescaled_bootstrap,2000,2000,1.0,17
MEC examination sample,inflammatory comparison sample,model3_inflammatory,Model 3 inflammatory,elastic_net,2011-2012,5260,550,combined_mec_weight,calibration_slope,0.9576590654564427,0.9597957528802215,0.002136687423778705,0.05586146602829898,0.856475670987955,1.0788989766817891,0.95,percentile,rao_wu_rescaled_bootstrap,2000,2000,1.0,17
MEC examination sample,inflammatory comparison sample,model3_inflammatory,Model 3 inflammatory,elastic_net,2011-2012,5260,550,combined_mec_weight,observed_expected_ratio,1.0349525973718559,1.0360333646880844,0.0010807673162285258,0.04040909139264199,0.962567488504172,1.1183098597642813,0.95,percentile,rao_wu_rescaled_bootstrap,2000,2000,1.0,17
MEC examination sample,inflammatory comparison sample,model3_inflammatory,Model 3 inflammatory,elastic_net,2011-2012,5260,550,combined_mec_weight,weighted_observed_prevalence,0.08726918830598314,0.08727157491571591,2.386609732771272e-06,0.00576641065520483,0.07619551666408263,0.09863843831366646,0.95,percentile,rao_wu_rescaled_bootstrap,2000,2000,1.0,17
MEC examination sample,inflammatory comparison sample,model3_inflammatory,Model 3 inflammatory,elastic_net,2011-2012,5260,550,combined_mec_weight,weighted_mean_predicted_probability,0.08432191824784371,0.08424628795875919,-7.563028908452729e-05,0.004685697811442928,0.07482572249961908,0.09290486181561913,0.95,percentile,rao_wu_rescaled_bootstrap,2000,2000,1.0,17
MEC examination sample,inflammatory comparison sample,model3_inflammatory,Model 3 inflammatory,elastic_net,2011-2012,5260,550,combined_mec_weight,calibration_in_the_large,0.037579492003666726,0.03795815207838868,0.00037866007472195373,0.04257429476833305,-0.04134180520433736,0.12257207696620348,0.95,percentile,rao_wu_rescaled_bootstrap,2000,2000,1.0,17
fasting subsample,combined comparison sample,model4_combined,Model 4 combined biomarkers,elastic_net,2011-2012,2294,239,combined_fasting_weight,survey_weighted_AUROC,0.8381289400294204,0.8382149154846927,8.597545527233574e-05,0.01805626934098347,0.80608932206575,0.8732443868419169,0.95,percentile,rao_wu_rescaled_bootstrap,2000,2000,1.0,17
fasting subsample,combined comparison sample,model4_combined,Model 4 combined biomarkers,elastic_net,2011-2012,2294,239,combined_fasting_weight,survey_weighted_PR_AUC,0.39861497792188394,0.4050421359016231,0.00642715797973914,0.0343136687870793,0.3421709714187309,0.4751192860276183,0.95,percentile,rao_wu_rescaled_bootstrap,2000,2000,1.0,17
fasting subsample,combined comparison sample,model4_combined,Model 4 combined biomarkers,elastic_net,2011-2012,2294,239,combined_fasting_weight,weighted_Brier,0.07063728127329372,0.07046314908224886,-0.000174132191044854,0.007247327381293886,0.056458484414440034,0.0838074559957288,0.95,percentile,rao_wu_rescaled_bootstrap,2000,2000,1.0,17
fasting subsample,combined comparison sample,model4_combined,Model 4 combined biomarkers,elastic_net,2011-2012,2294,239,combined_fasting_weight,weighted_log_loss,0.24531499857657843,0.24483627065861674,-0.000478727917961691,0.022509094745680698,0.20117250228858796,0.2868051135652093,0.95,percentile,rao_wu_rescaled_bootstrap,2000,2000,1.0,17
fasting subsample,combined comparison sample,model4_combined,Model 4 combined biomarkers,elastic_net,2011-2012,2294,239,combined_fasting_weight,calibration_intercept,-0.02002389462951555,-0.01877845436597005,0.0012454402635455018,0.13260439430294024,-0.26700805325165544,0.2501664596840181,0.95,percentile,rao_wu_rescaled_bootstrap,2000,2000,1.0,17
fasting subsample,combined comparison sample,model4_combined,Model 4 combined biomarkers,elastic_net,2011-2012,2294,239,combined_fasting_weight,calibration_slope,0.912200442024655,0.9178793003458923,0.005678858321237268,0.076969074431989,0.7875970786655434,1.0765630799468966,0.95,percentile,rao_wu_rescaled_bootstrap,2000,2000,1.0,17
fasting subsample,combined comparison sample,model4_combined,Model 4 combined biomarkers,elastic_net,2011-2012,2294,239,combined_fasting_weight,observed_expected_ratio,1.100434425224976,1.098102279389588,-0.0023321458353879887,0.07266975760410793,0.9532910732325327,1.2338578937094966,0.95,percentile,rao_wu_rescaled_bootstrap,2000,2000,1.0,17
fasting subsample,combined comparison sample,model4_combined,Model 4 combined biomarkers,elastic_net,2011-2012,2294,239,combined_fasting_weight,weighted_observed_prevalence,0.09688365543132342,0.09660745754272392,-0.00027619788859950534,0.009662678870783372,0.07694991453989987,0.11472471844764487,0.95,percentile,rao_wu_rescaled_bootstrap,2000,2000,1.0,17
fasting subsample,combined comparison sample,model4_combined,Model 4 combined biomarkers,elastic_net,2011-2012,2294,239,combined_fasting_weight,weighted_mean_predicted_probability,0.08804128007129207,0.08787892504729479,-0.0001623550239972793,0.005231723860480801,0.07792672754984675,0.09700610573167506,0.95,percentile,rao_wu_rescaled_bootstrap,2000,2000,1.0,17
fasting subsample,combined comparison sample,model4_combined,Model 4 combined biomarkers,elastic_net,2011-2012,2294,239,combined_fasting_weight,calibration_in_the_large,0.1054483722894819,0.10103232551853035,-0.0044160467709515455,0.07378744734562406,-0.052422027397964734,0.23291249010090584,0.95,percentile,rao_wu_rescaled_bootstrap,2000,2000,1.0,17
MEC examination sample,core MEC target sample,model0_core,Model 0 core clinical,elastic_net,2013-2014,5522,573,combined_mec_weight,survey_weighted_AUROC,0.844999470180486,0.8453111271926625,0.00031165701217650277,0.009861671739870058,0.8275118655848129,0.8638227453917118,0.95,percentile,rao_wu_rescaled_bootstrap,2000,2000,1.0,15
MEC examination sample,core MEC target sample,model0_core,Model 0 core clinical,elastic_net,2013-2014,5522,573,combined_mec_weight,survey_weighted_PR_AUC,0.37019056744625883,0.371940670350467,0.001750102904208184,0.01765493096815619,0.3381100995289615,0.40582019895737936,0.95,percentile,rao_wu_rescaled_bootstrap,2000,2000,1.0,15
MEC examination sample,core MEC target sample,model0_core,Model 0 core clinical,elastic_net,2013-2014,5522,573,combined_mec_weight,weighted_Brier,0.06620033553079055,0.06613305190141028,-6.728362938027144e-05,0.0036721948730672233,0.058932398635566804,0.07322806107145424,0.95,percentile,rao_wu_rescaled_bootstrap,2000,2000,1.0,15
MEC examination sample,core MEC target sample,model0_core,Model 0 core clinical,elastic_net,2013-2014,5522,573,combined_mec_weight,weighted_log_loss,0.22822476948694895,0.22798895645498538,-0.00023581303196357206,0.011254301053466241,0.20672749338958346,0.24918574693550385,0.95,percentile,rao_wu_rescaled_bootstrap,2000,2000,1.0,15
MEC examination sample,core MEC target sample,model0_core,Model 0 core clinical,elastic_net,2013-2014,5522,573,combined_mec_weight,calibration_intercept,-0.045830673565890524,-0.04345750708079577,0.002373166485094752,0.06688749839378952,-0.16949322673862072,0.08800702631182379,0.95,percentile,rao_wu_rescaled_bootstrap,2000,2000,1.0,15
MEC examination sample,core MEC target sample,model0_core,Model 0 core clinical,elastic_net,2013-2014,5522,573,combined_mec_weight,calibration_slope,0.9919471897383996,0.9955632319490162,0.0036160422106166212,0.047301467016582825,0.9128122857236818,1.0907802526778072,0.95,percentile,rao_wu_rescaled_bootstrap,2000,2000,1.0,15
MEC examination sample,core MEC target sample,model0_core,Model 0 core clinical,elastic_net,2013-2014,5522,573,combined_mec_weight,observed_expected_ratio,0.9760669682657286,0.9755563147766935,-0.0005106534890351178,0.04767907468631938,0.8880395988909733,1.0696279077441773,0.95,percentile,rao_wu_rescaled_bootstrap,2000,2000,1.0,15
MEC examination sample,core MEC target sample,model0_core,Model 0 core clinical,elastic_net,2013-2014,5522,573,combined_mec_weight,weighted_observed_prevalence,0.08814986283345702,0.08801832881068704,-0.00013153402276998294,0.0044666883294074,0.07923533566259075,0.09666317762574618,0.95,percentile,rao_wu_rescaled_bootstrap,2000,2000,1.0,15
MEC examination sample,core MEC target sample,model0_core,Model 0 core clinical,elastic_net,2013-2014,5522,573,combined_mec_weight,weighted_mean_predicted_probability,0.09031128570007989,0.09025215611240103,-5.912958767885501e-05,0.0025919916075387316,0.08544004863555271,0.09518593402464434,0.95,percentile,rao_wu_rescaled_bootstrap,2000,2000,1.0,15
MEC examination sample,core MEC target sample,model0_core,Model 0 core clinical,elastic_net,2013-2014,5522,573,combined_mec_weight,calibration_in_the_large,-0.02659726439310317,-0.028385708561960855,-0.001788444168857685,0.05361394977929018,-0.1298691674653021,0.07399373225421342,0.95,percentile,rao_wu_rescaled_bootstrap,2000,2000,1.0,15
fasting subsample,combined comparison sample,model0_paired_combined,Model 0 paired combined sample,elastic_net,2013-2014,2370,244,combined_fasting_weight,survey_weighted_AUROC,0.8674863129097505,0.866990357771645,-0.0004959551381055194,0.01731244179129887,0.8328129062686254,0.8999279568433812,0.95,percentile,rao_wu_rescaled_bootstrap,2000,2000,1.0,15
fasting subsample,combined comparison sample,model0_paired_combined,Model 0 paired combined sample,elastic_net,2013-2014,2370,244,combined_fasting_weight,survey_weighted_PR_AUC,0.40821828202260385,0.4077201866193148,-0.000498095403289045,0.039730741138940574,0.3238754497319344,0.4764877091831924,0.95,percentile,rao_wu_rescaled_bootstrap,2000,2000,1.0,15
fasting subsample,combined comparison sample,model0_paired_combined,Model 0 paired combined sample,elastic_net,2013-2014,2370,244,combined_fasting_weight,weighted_Brier,0.06427283596313305,0.06413966228126938,-0.00013317368186366307,0.006028686675323505,0.052164351258179406,0.07572327766728554,0.95,percentile,rao_wu_rescaled_bootstrap,2000,2000,1.0,15
fasting subsample,combined comparison sample,model0_paired_combined,Model 0 paired combined sample,elastic_net,2013-2014,2370,244,combined_fasting_weight,weighted_log_loss,0.21908879083441105,0.21873350670054081,-0.0003552841338702317,0.01785693496427382,0.18413910071237116,0.2522674654273394,0.95,percentile,rao_wu_rescaled_bootstrap,2000,2000,1.0,15
fasting subsample,combined comparison sample,model0_paired_combined,Model 0 paired combined sample,elastic_net,2013-2014,2370,244,combined_fasting_weight,calibration_intercept,0.1728778828919373,0.16890840744804647,-0.003969475443890841,0.174011556069418,-0.15134546371790764,0.4723651465397834,0.95,percentile,rao_wu_rescaled_bootstrap,2000,2000,1.0,15
fasting subsample,combined comparison sample,model0_paired_combined,Model 0 paired combined sample,elastic_net,2013-2014,2370,244,combined_fasting_weight,calibration_slope,1.1480926140439256,1.1534063914246868,0.00531377738076122,0.09790560531550718,0.9725018215774568,1.3573528325674937,0.95,percentile,rao_wu_rescaled_bootstrap,2000,2000,1.0,15
fasting subsample,combined comparison sample,model0_paired_combined,Model 0 paired combined sample,elastic_net,2013-2014,2370,244,combined_fasting_weight,observed_expected_ratio,0.9554129538856326,0.951649102594656,-0.003763851290976672,0.07418776413939022,0.8048689313168824,1.085140403069605,0.95,percentile,rao_wu_rescaled_bootstrap,2000,2000,1.0,15
fasting subsample,combined comparison sample,model0_paired_combined,Model 0 paired combined sample,elastic_net,2013-2014,2370,244,combined_fasting_weight,weighted_observed_prevalence,0.08899312948449874,0.08863166441097839,-0.00036146507352034785,0.009453529302601536,0.07014964278651123,0.1061117376959083,0.95,percentile,rao_wu_rescaled_bootstrap,2000,2000,1.0,15
fasting subsample,combined comparison sample,model0_paired_combined,Model 0 paired combined sample,elastic_net,2013-2014,2370,244,combined_fasting_weight,weighted_mean_predicted_probability,0.09314624542462675,0.09301785754144404,-0.0001283878831827151,0.005021995347666536,0.08416454674452971,0.10245418254759585,0.95,percentile,rao_wu_rescaled_bootstrap,2000,2000,1.0,15
fasting subsample,combined comparison sample,model0_paired_combined,Model 0 paired combined sample,elastic_net,2013-2014,2370,244,combined_fasting_weight,calibration_in_the_large,-0.05018086218651696,-0.05741788804915721,-0.007237025862640252,0.08609846401241572,-0.23710484887056035,0.09112348223701143,0.95,percentile,rao_wu_rescaled_bootstrap,2000,2000,1.0,15
fasting subsample,metabolic comparison sample,model0_paired_metabolic,Model 0 paired metabolic sample,elastic_net,2013-2014,2370,244,combined_fasting_weight,survey_weighted_AUROC,0.8674863129097505,0.866990357771645,-0.0004959551381055194,0.01731244179129887,0.8328129062686254,0.8999279568433812,0.95,percentile,rao_wu_rescaled_bootstrap,2000,2000,1.0,15
fasting subsample,metabolic comparison sample,model0_paired_metabolic,Model 0 paired metabolic sample,elastic_net,2013-2014,2370,244,combined_fasting_weight,survey_weighted_PR_AUC,0.40821828202260385,0.4077201866193148,-0.000498095403289045,0.039730741138940574,0.3238754497319344,0.4764877091831924,0.95,percentile,rao_wu_rescaled_bootstrap,2000,2000,1.0,15
fasting subsample,metabolic comparison sample,model0_paired_metabolic,Model 0 paired metabolic sample,elastic_net,2013-2014,2370,244,combined_fasting_weight,weighted_Brier,0.06427283596313305,0.06413966228126938,-0.00013317368186366307,0.006028686675323505,0.052164351258179406,0.07572327766728554,0.95,percentile,rao_wu_rescaled_bootstrap,2000,2000,1.0,15
fasting subsample,metabolic comparison sample,model0_paired_metabolic,Model 0 paired metabolic sample,elastic_net,2013-2014,2370,244,combined_fasting_weight,weighted_log_loss,0.21908879083441105,0.21873350670054081,-0.0003552841338702317,0.01785693496427382,0.18413910071237116,0.2522674654273394,0.95,percentile,rao_wu_rescaled_bootstrap,2000,2000,1.0,15
fasting subsample,metabolic comparison sample,model0_paired_metabolic,Model 0 paired metabolic sample,elastic_net,2013-2014,2370,244,combined_fasting_weight,calibration_intercept,0.1728778828919373,0.16890840744804647,-0.003969475443890841,0.174011556069418,-0.15134546371790764,0.4723651465397834,0.95,percentile,rao_wu_rescaled_bootstrap,2000,2000,1.0,15
fasting subsample,metabolic comparison sample,model0_paired_metabolic,Model 0 paired metabolic sample,elastic_net,2013-2014,2370,244,combined_fasting_weight,calibration_slope,1.1480926140439256,1.1534063914246868,0.00531377738076122,0.09790560531550718,0.9725018215774568,1.3573528325674937,0.95,percentile,rao_wu_rescaled_bootstrap,2000,2000,1.0,15
fasting subsample,metabolic comparison sample,model0_paired_metabolic,Model 0 paired metabolic sample,elastic_net,2013-2014,2370,244,combined_fasting_weight,observed_expected_ratio,0.9554129538856326,0.951649102594656,-0.003763851290976672,0.07418776413939022,0.8048689313168824,1.085140403069605,0.95,percentile,rao_wu_rescaled_bootstrap,2000,2000,1.0,15
fasting subsample,metabolic comparison sample,model0_paired_metabolic,Model 0 paired metabolic sample,elastic_net,2013-2014,2370,244,combined_fasting_weight,weighted_observed_prevalence,0.08899312948449874,0.08863166441097839,-0.00036146507352034785,0.009453529302601536,0.07014964278651123,0.1061117376959083,0.95,percentile,rao_wu_rescaled_bootstrap,2000,2000,1.0,15
fasting subsample,metabolic comparison sample,model0_paired_metabolic,Model 0 paired metabolic sample,elastic_net,2013-2014,2370,244,combined_fasting_weight,weighted_mean_predicted_probability,0.09314624542462675,0.09301785754144404,-0.0001283878831827151,0.005021995347666536,0.08416454674452971,0.10245418254759585,0.95,percentile,rao_wu_rescaled_bootstrap,2000,2000,1.0,15
fasting subsample,metabolic comparison sample,model0_paired_metabolic,Model 0 paired metabolic sample,elastic_net,2013-2014,2370,244,combined_fasting_weight,calibration_in_the_large,-0.05018086218651696,-0.05741788804915721,-0.007237025862640252,0.08609846401241572,-0.23710484887056035,0.09112348223701143,0.95,percentile,rao_wu_rescaled_bootstrap,2000,2000,1.0,15
MEC examination sample,renal comparison sample,model1_renal,Model 1 renal,elastic_net,2013-2014,5522,573,combined_mec_weight,survey_weighted_AUROC,0.8516791535858792,0.8521280377724302,0.0004488841865509796,0.010368908753257043,0.8336680829735779,0.8718615714569606,0.95,percentile,rao_wu_rescaled_bootstrap,2000,2000,1.0,15
MEC examination sample,renal comparison sample,model1_renal,Model 1 renal,elastic_net,2013-2014,5522,573,combined_mec_weight,survey_weighted_PR_AUC,0.3881070942516778,0.3903276416144202,0.002220547362742409,0.016567365218475977,0.3577290611678113,0.42098263132226743,0.95,percentile,rao_wu_rescaled_bootstrap,2000,2000,1.0,15
MEC examination sample,renal comparison sample,model1_renal,Model 1 renal,elastic_net,2013-2014,5522,573,combined_mec_weight,weighted_Brier,0.06488254350214329,0.06480863958884574,-7.390391329754886e-05,0.003621913727310055,0.05760694431999981,0.0719099083713376,0.95,percentile,rao_wu_rescaled_bootstrap,2000,2000,1.0,15
MEC examination sample,renal comparison sample,model1_renal,Model 1 renal,elastic_net,2013-2014,5522,573,combined_mec_weight,weighted_log_loss,0.2241369750870107,0.22387369121989845,-0.00026328386711224616,0.011356931354921973,0.2020142774575544,0.2455116743905309,0.95,percentile,rao_wu_rescaled_bootstrap,2000,2000,1.0,15
MEC examination sample,renal comparison sample,model1_renal,Model 1 renal,elastic_net,2013-2014,5522,573,combined_mec_weight,calibration_intercept,-0.04333135790566572,-0.04085674634088122,0.0024746115647844985,0.06310351623357344,-0.16326502944890553,0.08118376916864006,0.95,percentile,rao_wu_rescaled_bootstrap,2000,2000,1.0,15
MEC examination sample,renal comparison sample,model1_renal,Model 1 renal,elastic_net,2013-2014,5522,573,combined_mec_weight,calibration_slope,1.009175537295416,1.0130825776875778,0.00390704039216172,0.04807333413102232,0.9275067496702689,1.1056110389605986,0.95,percentile,rao_wu_rescaled_bootstrap,2000,2000,1.0,15
MEC examination sample,renal comparison sample,model1_renal,Model 1 renal,elastic_net,2013-2014,5522,573,combined_mec_weight,observed_expected_ratio,0.9583826802194327,0.957746556763276,-0.000636123456156712,0.04676115664982646,0.8701331014230823,1.0487990971942769,0.95,percentile,rao_wu_rescaled_bootstrap,2000,2000,1.0,15
MEC examination sample,renal comparison sample,model1_renal,Model 1 renal,elastic_net,2013-2014,5522,573,combined_mec_weight,weighted_observed_prevalence,0.08814986283345702,0.08801832881068704,-0.00013153402276998294,0.0044666883294074,0.07923533566259075,0.09666317762574618,0.95,percentile,rao_wu_rescaled_bootstrap,2000,2000,1.0,15
MEC examination sample,renal comparison sample,model1_renal,Model 1 renal,elastic_net,2013-2014,5522,573,combined_mec_weight,weighted_mean_predicted_probability,0.09197772941104705,0.09192872446942203,-4.900494162501934e-05,0.002584648272878066,0.08713099061165229,0.09692508935681313,0.95,percentile,rao_wu_rescaled_bootstrap,2000,2000,1.0,15
MEC examination sample,renal comparison sample,model1_renal,Model 1 renal,elastic_net,2013-2014,5522,573,combined_mec_weight,calibration_in_the_large,-0.04671487125022633,-0.048653499146406425,-0.0019386278961800937,0.05360134559918751,-0.15249828875609273,0.05232839184964697,0.95,percentile,rao_wu_rescaled_bootstrap,2000,2000,1.0,15
fasting subsample,metabolic comparison sample,model2_metabolic,Model 2 metabolic,elastic_net,2013-2014,2370,244,combined_fasting_weight,survey_weighted_AUROC,0.867345514110957,0.866847911758825,-0.0004976023521319206,0.017447833069002817,0.8326744237618274,0.8998548648925051,0.95,percentile,rao_wu_rescaled_bootstrap,2000,2000,1.0,15
fasting subsample,metabolic comparison sample,model2_metabolic,Model 2 metabolic,elastic_net,2013-2014,2370,244,combined_fasting_weight,survey_weighted_PR_AUC,0.40842731592527753,0.4085149985158156,8.768259053804073e-05,0.03811978945110077,0.32684511895575263,0.4750706956301882,0.95,percentile,rao_wu_rescaled_bootstrap,2000,2000,1.0,15
fasting subsample,metabolic comparison sample,model2_metabolic,Model 2 metabolic,elastic_net,2013-2014,2370,244,combined_fasting_weight,weighted_Brier,0.0640778047752073,0.06394649960648179,-0.0001313051687255179,0.005901953728284539,0.052307242714970906,0.07524380876150588,0.95,percentile,rao_wu_rescaled_bootstrap,2000,2000,1.0,15
fasting subsample,metabolic comparison sample,model2_metabolic,Model 2 metabolic,elastic_net,2013-2014,2370,244,combined_fasting_weight,weighted_log_loss,0.2188682131853079,0.21851371935639974,-0.0003544938289081756,0.01785114822947323,0.18396901344836267,0.2522605944449351,0.95,percentile,rao_wu_rescaled_bootstrap,2000,2000,1.0,15
fasting subsample,metabolic comparison sample,model2_metabolic,Model 2 metabolic,elastic_net,2013-2014,2370,244,combined_fasting_weight,calibration_intercept,0.16722315981190386,0.16215212541734497,-0.005071034394558888,0.1696596860096895,-0.15019669789688347,0.45405724228963473,0.95,percentile,rao_wu_rescaled_bootstrap,2000,2000,1.0,15
fasting subsample,metabolic comparison sample,model2_metabolic,Model 2 metabolic,elastic_net,2013-2014,2370,244,combined_fasting_weight,calibration_slope,1.1418382951176238,1.1465324754148358,0.004694180297212025,0.09540565467153668,0.9683361850561713,1.3463176031006951,0.95,percentile,rao_wu_rescaled_bootstrap,2000,2000,1.0,15
fasting subsample,metabolic comparison sample,model2_metabolic,Model 2 metabolic,elastic_net,2013-2014,2370,244,combined_fasting_weight,observed_expected_ratio,0.9587456102641506,0.9548094221821036,-0.0039361880820469874,0.07417506778961272,0.8066289721803908,1.0867465607047937,0.95,percentile,rao_wu_rescaled_bootstrap,2000,2000,1.0,15
fasting subsample,metabolic comparison sample,model2_metabolic,Model 2 metabolic,elastic_net,2013-2014,2370,244,combined_fasting_weight,weighted_observed_prevalence,0.08899312948449874,0.08863166441097839,-0.00036146507352034785,0.009453529302601536,0.07014964278651123,0.1061117376959083,0.95,percentile,rao_wu_rescaled_bootstrap,2000,2000,1.0,15
fasting subsample,metabolic comparison sample,model2_metabolic,Model 2 metabolic,elastic_net,2013-2014,2370,244,combined_fasting_weight,weighted_mean_predicted_probability,0.09282246357298014,0.0926979660623892,-0.00012449751059094571,0.004812757531032406,0.08411728463041619,0.10173025063407173,0.95,percentile,rao_wu_rescaled_bootstrap,2000,2000,1.0,15
fasting subsample,metabolic comparison sample,model2_metabolic,Model 2 metabolic,elastic_net,2013-2014,2370,244,combined_fasting_weight,calibration_in_the_large,-0.04634177264246775,-0.053728821017651036,-0.0073870483751832874,0.08582705843241577,-0.23314161860827834,0.09283837522945429,0.95,percentile,rao_wu_rescaled_bootstrap,2000,2000,1.0,15
MEC examination sample,inflammatory comparison sample,model3_inflammatory,Model 3 inflammatory,elastic_net,2013-2014,5522,573,combined_mec_weight,survey_weighted_AUROC,0.8459001045958868,0.8463004093241445,0.00040030472825769436,0.010757042191622242,0.8266587773437408,0.8665433918369386,0.95,percentile,rao_wu_rescaled_bootstrap,2000,2000,1.0,15
MEC examination sample,inflammatory comparison sample,model3_inflammatory,Model 3 inflammatory,elastic_net,2013-2014,5522,573,combined_mec_weight,survey_weighted_PR_AUC,0.369533353365926,0.3711642762042713,0.0016309228383452612,0.01954952920072096,0.33253864961314983,0.40761992555497556,0.95,percentile,rao_wu_rescaled_bootstrap,2000,2000,1.0,15
MEC examination sample,inflammatory comparison sample,model3_inflammatory,Model 3 inflammatory,elastic_net,2013-2014,5522,573,combined_mec_weight,weighted_Brier,0.06615594649698593,0.06609210649775281,-6.383999923312289e-05,0.003685981336922597,0.058851821099308206,0.07324770281924915,0.95,percentile,rao_wu_rescaled_bootstrap,2000,2000,1.0,15
MEC examination sample,inflammatory comparison sample,model3_inflammatory,Model 3 inflammatory,elastic_net,2013-2014,5522,573,combined_mec_weight,weighted_log_loss,0.22787106809977248,0.2276243920911986,-0.00024667600857386507,0.011479808650975584,0.2058245871047049,0.24954010695812434,0.95,percentile,rao_wu_rescaled_bootstrap,2000,2000,1.0,15
MEC examination sample,inflammatory comparison sample,model3_inflammatory,Model 3 inflammatory,elastic_net,2013-2014,5522,573,combined_mec_weight,calibration_intercept,-0.07910414047025267,-0.07698200337225418,0.0021221370979984944,0.07280836374109911,-0.21521400672084684,0.06273330739946217,0.95,percentile,rao_wu_rescaled_bootstrap,2000,2000,1.0,15
MEC examination sample,inflammatory comparison sample,model3_inflammatory,Model 3 inflammatory,elastic_net,2013-2014,5522,573,combined_mec_weight,calibration_slope,0.9838899238670372,0.9875305105119213,0.0036405866448840918,0.04983491547425443,0.9005994098398249,1.0859344967738116,0.95,percentile,rao_wu_rescaled_bootstrap,2000,2000,1.0,15
MEC examination sample,inflammatory comparison sample,model3_inflammatory,Model 3 inflammatory,elastic_net,2013-2014,5522,573,combined_mec_weight,observed_expected_ratio,0.9617517270688478,0.9610403442741026,-0.0007113827947452522,0.045941119163016075,0.8753575336515516,1.051575513675512,0.95,percentile,rao_wu_rescaled_bootstrap,2000,2000,1.0,15
MEC examination sample,inflammatory comparison sample,model3_inflammatory,Model 3 inflammatory,elastic_net,2013-2014,5522,573,combined_mec_weight,weighted_observed_prevalence,0.08814986283345702,0.08801832881068704,-0.00013153402276998294,0.0044666883294074,0.07923533566259075,0.09666317762574618,0.95,percentile,rao_wu_rescaled_bootstrap,2000,2000,1.0,15
MEC examination sample,inflammatory comparison sample,model3_inflammatory,Model 3 inflammatory,elastic_net,2013-2014,5522,573,combined_mec_weight,weighted_mean_predicted_probability,0.09165552850330025,0.0916103906644651,-4.5137838835154764e-05,0.0026204694885636945,0.08673084695263514,0.09660475778655686,0.95,percentile,rao_wu_rescaled_bootstrap,2000,2000,1.0,15
MEC examination sample,inflammatory comparison sample,model3_inflammatory,Model 3 inflammatory,elastic_net,2013-2014,5522,573,combined_mec_weight,calibration_in_the_large,-0.042850914332035916,-0.04482036383227794,-0.0019694495002420265,0.0524690114730203,-0.14607229659584736,0.055562850787737525,0.95,percentile,rao_wu_rescaled_bootstrap,2000,2000,1.0,15
fasting subsample,combined comparison sample,model4_combined,Model 4 combined biomarkers,elastic_net,2013-2014,2370,244,combined_fasting_weight,survey_weighted_AUROC,0.8712008710405713,0.8710534931618507,-0.00014737787872065589,0.01773540837287706,0.8374084777019678,0.9045543847966191,0.95,percentile,rao_wu_rescaled_bootstrap,2000,2000,1.0,15
fasting subsample,combined comparison sample,model4_combined,Model 4 combined biomarkers,elastic_net,2013-2014,2370,244,combined_fasting_weight,survey_weighted_PR_AUC,0.42670867536644647,0.4286977311371346,0.0019890557706881418,0.03462541406689533,0.3568774977799063,0.4902124453452603,0.95,percentile,rao_wu_rescaled_bootstrap,2000,2000,1.0,15
fasting subsample,combined comparison sample,model4_combined,Model 4 combined biomarkers,elastic_net,2013-2014,2370,244,combined_fasting_weight,weighted_Brier,0.06265866788573536,0.06252476163524569,-0.00013390625048967375,0.005982791645960061,0.05075724089617409,0.07401133232707639,0.95,percentile,rao_wu_rescaled_bootstrap,2000,2000,1.0,15
fasting subsample,combined comparison sample,model4_combined,Model 4 combined biomarkers,elastic_net,2013-2014,2370,244,combined_fasting_weight,weighted_log_loss,0.21573171986401837,0.2153221103148767,-0.0004096095491416818,0.018503091183623685,0.17886251354109392,0.25076962105966694,0.95,percentile,rao_wu_rescaled_bootstrap,2000,2000,1.0,15
fasting subsample,combined comparison sample,model4_combined,Model 4 combined biomarkers,elastic_net,2013-2014,2370,244,combined_fasting_weight,calibration_intercept,0.08754228889611378,0.0803985449829749,-0.007143743913138878,0.14381991486279538,-0.20205146284742945,0.3274579604168394,0.95,percentile,rao_wu_rescaled_bootstrap,2000,2000,1.0,15
fasting subsample,combined comparison sample,model4_combined,Model 4 combined biomarkers,elastic_net,2013-2014,2370,244,combined_fasting_weight,calibration_slope,1.1188491241776117,1.1224186313410518,0.0035695071634400666,0.08133977084457765,0.9727609496404748,1.2890563199889735,0.95,percentile,rao_wu_rescaled_bootstrap,2000,2000,1.0,15
fasting subsample,combined comparison sample,model4_combined,Model 4 combined biomarkers,elastic_net,2013-2014,2370,244,combined_fasting_weight,observed_expected_ratio,0.9321679336396722,0.9277855601684073,-0.004382373471264911,0.07248293582131335,0.7816281272469359,1.0585264095443554,0.95,percentile,rao_wu_rescaled_bootstrap,2000,2000,1.0,15
fasting subsample,combined comparison sample,model4_combined,Model 4 combined biomarkers,elastic_net,2013-2014,2370,244,combined_fasting_weight,weighted_observed_prevalence,0.08899312948449874,0.08863166441097839,-0.00036146507352034785,0.009453529302601536,0.07014964278651123,0.1061117376959083,0.95,percentile,rao_wu_rescaled_bootstrap,2000,2000,1.0,15
fasting subsample,combined comparison sample,model4_combined,Model 4 combined biomarkers,elastic_net,2013-2014,2370,244,combined_fasting_weight,weighted_mean_predicted_probability,0.09546898822943084,0.0953835983217159,-8.538990771493615e-05,0.004586556155686575,0.08686252093201112,0.10429737583269634,0.95,percentile,rao_wu_rescaled_bootstrap,2000,2000,1.0,15
fasting subsample,combined comparison sample,model4_combined,Model 4 combined biomarkers,elastic_net,2013-2014,2370,244,combined_fasting_weight,calibration_in_the_large,-0.07737614284043914,-0.08544427658287469,-0.008068133742435549,0.0863715933717542,-0.26791866796568814,0.06329284746017126,0.95,percentile,rao_wu_rescaled_bootstrap,2000,2000,1.0,15
MEC examination sample,core MEC target sample,model0_core,Model 0 core clinical,elastic_net,2015-2016,5404,597,combined_mec_weight,survey_weighted_AUROC,0.8610809778268649,0.8611835569789237,0.00010257915205880153,0.01093801832811393,0.8407989359676581,0.8826763166016449,0.95,percentile,rao_wu_rescaled_bootstrap,2000,2000,1.0,15
MEC examination sample,core MEC target sample,model0_core,Model 0 core clinical,elastic_net,2015-2016,5404,597,combined_mec_weight,survey_weighted_PR_AUC,0.35752066970373847,0.36045610562661773,0.0029354359228792593,0.019133940189667943,0.3263276765111846,0.3999830253140284,0.95,percentile,rao_wu_rescaled_bootstrap,2000,2000,1.0,15
MEC examination sample,core MEC target sample,model0_core,Model 0 core clinical,elastic_net,2015-2016,5404,597,combined_mec_weight,weighted_Brier,0.06538445890653606,0.0654851523640898,0.00010069345755374381,0.00415993746825641,0.05732081751904905,0.07357821900765386,0.95,percentile,rao_wu_rescaled_bootstrap,2000,2000,1.0,15
MEC examination sample,core MEC target sample,model0_core,Model 0 core clinical,elastic_net,2015-2016,5404,597,combined_mec_weight,weighted_log_loss,0.22127958271636014,0.22150730624272058,0.00022772352636044046,0.012729238093952829,0.1963860728019582,0.24602283444735823,0.95,percentile,rao_wu_rescaled_bootstrap,2000,2000,1.0,15
MEC examination sample,core MEC target sample,model0_core,Model 0 core clinical,elastic_net,2015-2016,5404,597,combined_mec_weight,calibration_intercept,0.02334687933904837,0.029637393459951533,0.006290514120903163,0.10531474527203405,-0.14690785779264598,0.23531489018419469,0.95,percentile,rao_wu_rescaled_bootstrap,2000,2000,1.0,15
MEC examination sample,core MEC target sample,model0_core,Model 0 core clinical,elastic_net,2015-2016,5404,597,combined_mec_weight,calibration_slope,1.0516499852966867,1.05472580689893,0.0030758216022432894,0.057948327910311445,0.9545218588534475,1.1738025812830881,0.95,percentile,rao_wu_rescaled_bootstrap,2000,2000,1.0,15
MEC examination sample,core MEC target sample,model0_core,Model 0 core clinical,elastic_net,2015-2016,5404,597,combined_mec_weight,observed_expected_ratio,0.9567470107101118,0.9577938999216405,0.0010468892115287343,0.03343090239658151,0.8960543906399987,1.0223674968831986,0.95,percentile,rao_wu_rescaled_bootstrap,2000,2000,1.0,15
MEC examination sample,core MEC target sample,model0_core,Model 0 core clinical,elastic_net,2015-2016,5404,597,combined_mec_weight,weighted_observed_prevalence,0.08730107214212413,0.08744325344633179,0.00014218130420766417,0.005389585046975443,0.07680942667138858,0.09825181648005074,0.95,percentile,rao_wu_rescaled_bootstrap,2000,2000,1.0,15
MEC examination sample,core MEC target sample,model0_core,Model 0 core clinical,elastic_net,2015-2016,5404,597,combined_mec_weight,weighted_mean_predicted_probability,0.0912478128124257,0.09127594858353091,2.813577110521992e-05,0.00421863901470093,0.08297592884805144,0.09918528233789342,0.95,percentile,rao_wu_rescaled_bootstrap,2000,2000,1.0,15
MEC examination sample,core MEC target sample,model0_core,Model 0 core clinical,elastic_net,2015-2016,5404,597,combined_mec_weight,calibration_in_the_large,-0.04854990827792527,-0.047933646826875544,0.0006162614510497252,0.03821796964358465,-0.11997269772088877,0.02437483600422047,0.95,percentile,rao_wu_rescaled_bootstrap,2000,2000,1.0,15
fasting subsample,combined comparison sample,model0_paired_combined,Model 0 paired combined sample,elastic_net,2015-2016,2246,266,combined_fasting_weight,survey_weighted_AUROC,0.8572657725516403,0.8576470625225049,0.0003812899708646178,0.012229212864452341,0.8342095364750381,0.8813089693899067,0.95,percentile,rao_wu_rescaled_bootstrap,2000,2000,1.0,15
fasting subsample,combined comparison sample,model0_paired_combined,Model 0 paired combined sample,elastic_net,2015-2016,2246,266,combined_fasting_weight,survey_weighted_PR_AUC,0.3687250765994023,0.37392230453054665,0.005197227931144355,0.03267880717939883,0.31256977878447767,0.4391993828119338,0.95,percentile,rao_wu_rescaled_bootstrap,2000,2000,1.0,15
fasting subsample,combined comparison sample,model0_paired_combined,Model 0 paired combined sample,elastic_net,2015-2016,2246,266,combined_fasting_weight,weighted_Brier,0.06718135851139546,0.06722685964826584,4.550113687037949e-05,0.004233814547882236,0.058997266042035965,0.07531116898990536,0.95,percentile,rao_wu_rescaled_bootstrap,2000,2000,1.0,15
fasting subsample,combined comparison sample,model0_paired_combined,Model 0 paired combined sample,elastic_net,2015-2016,2246,266,combined_fasting_weight,weighted_log_loss,0.22787769970664684,0.22789422399936904,1.6524292722197576e-05,0.013111606281749491,0.20198370979545566,0.252696211688579,0.95,percentile,rao_wu_rescaled_bootstrap,2000,2000,1.0,15
fasting subsample,combined comparison sample,model0_paired_combined,Model 0 paired combined sample,elastic_net,2015-2016,2246,266,combined_fasting_weight,calibration_intercept,0.06893065306342679,0.07426470117358074,0.005334048110153949,0.16760939941296013,-0.23966719750509236,0.4096041263993814,0.95,percentile,rao_wu_rescaled_bootstrap,2000,2000,1.0,15
fasting subsample,combined comparison sample,model0_paired_combined,Model 0 paired combined sample,elastic_net,2015-2016,2246,266,combined_fasting_weight,calibration_slope,1.0773942084573385,1.0813543001319763,0.0039600916746378445,0.06197050566136908,0.9694411199467,1.2102836839140816,0.95,percentile,rao_wu_rescaled_bootstrap,2000,2000,1.0,15
fasting subsample,combined comparison sample,model0_paired_combined,Model 0 paired combined sample,elastic_net,2015-2016,2246,266,combined_fasting_weight,observed_expected_ratio,0.9600846878893817,0.9608883853669316,0.0008036974775498251,0.06768421303249383,0.8351625829432615,1.1003521321055334,0.95,percentile,rao_wu_rescaled_bootstrap,2000,2000,1.0,15
fasting subsample,combined comparison sample,model0_paired_combined,Model 0 paired combined sample,elastic_net,2015-2016,2246,266,combined_fasting_weight,weighted_observed_prevalence,0.09057334731792417,0.09065161642982031,7.826911189613706e-05,0.007201946848645492,0.07685144971345548,0.10451609237881979,0.95,percentile,rao_wu_rescaled_bootstrap,2000,2000,1.0,15
fasting subsample,combined comparison sample,model0_paired_combined,Model 0 paired combined sample,elastic_net,2015-2016,2246,266,combined_fasting_weight,weighted_mean_predicted_probability,0.09433891453579747,0.09436756467571797,2.865013992049692e-05,0.0041538656428833825,0.08586238073084941,0.10237188696601232,0.95,percentile,rao_wu_rescaled_bootstrap,2000,2000,1.0,15
fasting subsample,combined comparison sample,model0_paired_combined,Model 0 paired combined sample,elastic_net,2015-2016,2246,266,combined_fasting_weight,calibration_in_the_large,-0.04488297260235097,-0.04645482578955384,-0.0015718531872028693,0.07757638698729075,-0.196684603179854,0.10599928421877763,0.95,percentile,rao_wu_rescaled_bootstrap,2000,2000,1.0,15
fasting subsample,metabolic comparison sample,model0_paired_metabolic,Model 0 paired metabolic sample,elastic_net,2015-2016,2246,266,combined_fasting_weight,survey_weighted_AUROC,0.8572657725516403,0.8576470625225049,0.0003812899708646178,0.012229212864452341,0.8342095364750381,0.8813089693899067,0.95,percentile,rao_wu_rescaled_bootstrap,2000,2000,1.0,15
fasting subsample,metabolic comparison sample,model0_paired_metabolic,Model 0 paired metabolic sample,elastic_net,2015-2016,2246,266,combined_fasting_weight,survey_weighted_PR_AUC,0.3687250765994023,0.37392230453054665,0.005197227931144355,0.03267880717939883,0.31256977878447767,0.4391993828119338,0.95,percentile,rao_wu_rescaled_bootstrap,2000,2000,1.0,15
fasting subsample,metabolic comparison sample,model0_paired_metabolic,Model 0 paired metabolic sample,elastic_net,2015-2016,2246,266,combined_fasting_weight,weighted_Brier,0.06718135851139546,0.06722685964826584,4.550113687037949e-05,0.004233814547882236,0.058997266042035965,0.07531116898990536,0.95,percentile,rao_wu_rescaled_bootstrap,2000,2000,1.0,15
fasting subsample,metabolic comparison sample,model0_paired_metabolic,Model 0 paired metabolic sample,elastic_net,2015-2016,2246,266,combined_fasting_weight,weighted_log_loss,0.22787769970664684,0.22789422399936904,1.6524292722197576e-05,0.013111606281749491,0.20198370979545566,0.252696211688579,0.95,percentile,rao_wu_rescaled_bootstrap,2000,2000,1.0,15
fasting subsample,metabolic comparison sample,model0_paired_metabolic,Model 0 paired metabolic sample,elastic_net,2015-2016,2246,266,combined_fasting_weight,calibration_intercept,0.06893065306342679,0.07426470117358074,0.005334048110153949,0.16760939941296013,-0.23966719750509236,0.4096041263993814,0.95,percentile,rao_wu_rescaled_bootstrap,2000,2000,1.0,15
fasting subsample,metabolic comparison sample,model0_paired_metabolic,Model 0 paired metabolic sample,elastic_net,2015-2016,2246,266,combined_fasting_weight,calibration_slope,1.0773942084573385,1.0813543001319763,0.0039600916746378445,0.06197050566136908,0.9694411199467,1.2102836839140816,0.95,percentile,rao_wu_rescaled_bootstrap,2000,2000,1.0,15
fasting subsample,metabolic comparison sample,model0_paired_metabolic,Model 0 paired metabolic sample,elastic_net,2015-2016,2246,266,combined_fasting_weight,observed_expected_ratio,0.9600846878893817,0.9608883853669316,0.0008036974775498251,0.06768421303249383,0.8351625829432615,1.1003521321055334,0.95,percentile,rao_wu_rescaled_bootstrap,2000,2000,1.0,15
fasting subsample,metabolic comparison sample,model0_paired_metabolic,Model 0 paired metabolic sample,elastic_net,2015-2016,2246,266,combined_fasting_weight,weighted_observed_prevalence,0.09057334731792417,0.09065161642982031,7.826911189613706e-05,0.007201946848645492,0.07685144971345548,0.10451609237881979,0.95,percentile,rao_wu_rescaled_bootstrap,2000,2000,1.0,15
fasting subsample,metabolic comparison sample,model0_paired_metabolic,Model 0 paired metabolic sample,elastic_net,2015-2016,2246,266,combined_fasting_weight,weighted_mean_predicted_probability,0.09433891453579747,0.09436756467571797,2.865013992049692e-05,0.0041538656428833825,0.08586238073084941,0.10237188696601232,0.95,percentile,rao_wu_rescaled_bootstrap,2000,2000,1.0,15
fasting subsample,metabolic comparison sample,model0_paired_metabolic,Model 0 paired metabolic sample,elastic_net,2015-2016,2246,266,combined_fasting_weight,calibration_in_the_large,-0.04488297260235097,-0.04645482578955384,-0.0015718531872028693,0.07757638698729075,-0.196684603179854,0.10599928421877763,0.95,percentile,rao_wu_rescaled_bootstrap,2000,2000,1.0,15
MEC examination sample,renal comparison sample,model1_renal,Model 1 renal,elastic_net,2015-2016,5404,597,combined_mec_weight,survey_weighted_AUROC,0.8662169735647764,0.8663475592376216,0.00013058567284518485,0.010446668854288186,0.8468299083301597,0.8866670049354934,0.95,percentile,rao_wu_rescaled_bootstrap,2000,2000,1.0,15
MEC examination sample,renal comparison sample,model1_renal,Model 1 renal,elastic_net,2015-2016,5404,597,combined_mec_weight,survey_weighted_PR_AUC,0.3694105870917215,0.37280382487876046,0.003393237787038983,0.019263855906610863,0.33888944715596464,0.4120984804584244,0.95,percentile,rao_wu_rescaled_bootstrap,2000,2000,1.0,15
MEC examination sample,renal comparison sample,model1_renal,Model 1 renal,elastic_net,2015-2016,5404,597,combined_mec_weight,weighted_Brier,0.06472251238887955,0.06482161182770321,9.909943882366323e-05,0.004041675452074563,0.05679409762238051,0.0727726557628264,0.95,percentile,rao_wu_rescaled_bootstrap,2000,2000,1.0,15
MEC examination sample,renal comparison sample,model1_renal,Model 1 renal,elastic_net,2015-2016,5404,597,combined_mec_weight,weighted_log_loss,0.2189197300558615,0.21913827431206295,0.0002185442562014639,0.012311978618314496,0.19455586563399815,0.24282784391512355,0.95,percentile,rao_wu_rescaled_bootstrap,2000,2000,1.0,15
MEC examination sample,renal comparison sample,model1_renal,Model 1 renal,elastic_net,2015-2016,5404,597,combined_mec_weight,calibration_intercept,0.010850448054112196,0.01605887483975681,0.005208426785644614,0.10687622150609777,-0.1601659651998242,0.21032579346582833,0.95,percentile,rao_wu_rescaled_bootstrap,2000,2000,1.0,15
MEC examination sample,renal comparison sample,model1_renal,Model 1 renal,elastic_net,2015-2016,5404,597,combined_mec_weight,calibration_slope,1.0354276245969545,1.038400565493419,0.0029729408964644932,0.056273183868575084,0.9426877853688157,1.1482840193816786,0.95,percentile,rao_wu_rescaled_bootstrap,2000,2000,1.0,15
MEC examination sample,renal comparison sample,model1_renal,Model 1 renal,elastic_net,2015-2016,5404,597,combined_mec_weight,observed_expected_ratio,0.9665555353144282,0.9672517511321023,0.0006962158176740951,0.03611685775674063,0.8994394825656853,1.0376599502843022,0.95,percentile,rao_wu_rescaled_bootstrap,2000,2000,1.0,15
MEC examination sample,renal comparison sample,model1_renal,Model 1 renal,elastic_net,2015-2016,5404,597,combined_mec_weight,weighted_observed_prevalence,0.08730107214212413,0.08744325344633179,0.00014218130420766417,0.005389585046975443,0.07680942667138858,0.09825181648005074,0.95,percentile,rao_wu_rescaled_bootstrap,2000,2000,1.0,15
MEC examination sample,renal comparison sample,model1_renal,Model 1 renal,elastic_net,2015-2016,5404,597,combined_mec_weight,weighted_mean_predicted_probability,0.0903218376518059,0.09038308846550269,6.125081369678931e-05,0.003995953342455964,0.08247987142050475,0.09810123739421646,0.95,percentile,rao_wu_rescaled_bootstrap,2000,2000,1.0,15
MEC examination sample,renal comparison sample,model1_renal,Model 1 renal,elastic_net,2015-2016,5404,597,combined_mec_weight,calibration_in_the_large,-0.03733171737518548,-0.03721275179815961,0.00011896557702587018,0.040917906434480185,-0.11603263846917274,0.04091902294219278,0.95,percentile,rao_wu_rescaled_bootstrap,2000,2000,1.0,15
fasting subsample,metabolic comparison sample,model2_metabolic,Model 2 metabolic,elastic_net,2015-2016,2246,266,combined_fasting_weight,survey_weighted_AUROC,0.8585782676445802,0.8589561233400269,0.00037785569544668274,0.012182834730813526,0.8360704632611511,0.8828409912325844,0.95,percentile,rao_wu_rescaled_bootstrap,2000,2000,1.0,15
fasting subsample,metabolic comparison sample,model2_metabolic,Model 2 metabolic,elastic_net,2015-2016,2246,266,combined_fasting_weight,survey_weighted_PR_AUC,0.3724163835691729,0.37701072979308725,0.004594346223914358,0.03281443293112411,0.3133984829526497,0.4425620145909008,0.95,percentile,rao_wu_rescaled_bootstrap,2000,2000,1.0,15
fasting subsample,metabolic comparison sample,model2_metabolic,Model 2 metabolic,elastic_net,2015-2016,2246,266,combined_fasting_weight,weighted_Brier,0.06682856069726345,0.0668847308041704,5.617010690694979e-05,0.004288687333114314,0.058457991015003506,0.0750506053414576,0.95,percentile,rao_wu_rescaled_bootstrap,2000,2000,1.0,15
fasting subsample,metabolic comparison sample,model2_metabolic,Model 2 metabolic,elastic_net,2015-2016,2246,266,combined_fasting_weight,weighted_log_loss,0.226967302425287,0.22698794901258232,2.064658729530877e-05,0.01326892288889145,0.2006887867895614,0.25212895983611844,0.95,percentile,rao_wu_rescaled_bootstrap,2000,2000,1.0,15
fasting subsample,metabolic comparison sample,model2_metabolic,Model 2 metabolic,elastic_net,2015-2016,2246,266,combined_fasting_weight,calibration_intercept,0.07769686485362919,0.08248282105040203,0.004785956196772842,0.1583387623641829,-0.21596679354989332,0.39856700011443025,0.95,percentile,rao_wu_rescaled_bootstrap,2000,2000,1.0,15
fasting subsample,metabolic comparison sample,model2_metabolic,Model 2 metabolic,elastic_net,2015-2016,2246,266,combined_fasting_weight,calibration_slope,1.0879437601908108,1.0916035929347334,0.003659832743922564,0.058823140598922796,0.9862887249487512,1.213166585910231,0.95,percentile,rao_wu_rescaled_bootstrap,2000,2000,1.0,15
fasting subsample,metabolic comparison sample,model2_metabolic,Model 2 metabolic,elastic_net,2015-2016,2246,266,combined_fasting_weight,observed_expected_ratio,0.9552389941941657,0.956015570618581,0.0007765764244153095,0.06611710733209031,0.832103929600801,1.0940605187180725,0.95,percentile,rao_wu_rescaled_bootstrap,2000,2000,1.0,15
fasting subsample,metabolic comparison sample,model2_metabolic,Model 2 metabolic,elastic_net,2015-2016,2246,266,combined_fasting_weight,weighted_observed_prevalence,0.09057334731792417,0.09065161642982031,7.826911189613706e-05,0.007201946848645492,0.07685144971345548,0.10451609237881979,0.95,percentile,rao_wu_rescaled_bootstrap,2000,2000,1.0,15
fasting subsample,metabolic comparison sample,model2_metabolic,Model 2 metabolic,elastic_net,2015-2016,2246,266,combined_fasting_weight,weighted_mean_predicted_probability,0.09481747276693969,0.09483841057548174,2.0937808542051406e-05,0.004134640384710644,0.08642042393034408,0.10278251660401666,0.95,percentile,rao_wu_rescaled_bootstrap,2000,2000,1.0,15
fasting subsample,metabolic comparison sample,model2_metabolic,Model 2 metabolic,elastic_net,2015-2016,2246,266,combined_fasting_weight,calibration_in_the_large,-0.05047145214238302,-0.05197040501697752,-0.0014989528745944988,0.07618285287912585,-0.19993962716759203,0.0995664716520075,0.95,percentile,rao_wu_rescaled_bootstrap,2000,2000,1.0,15
MEC examination sample,inflammatory comparison sample,model3_inflammatory,Model 3 inflammatory,elastic_net,2015-2016,5404,597,combined_mec_weight,survey_weighted_AUROC,0.8619553355600843,0.8619649753327733,9.639772688974091e-06,0.010844084390671433,0.8416442598156328,0.883345146685701,0.95,percentile,rao_wu_rescaled_bootstrap,2000,2000,1.0,15
MEC examination sample,inflammatory comparison sample,model3_inflammatory,Model 3 inflammatory,elastic_net,2015-2016,5404,597,combined_mec_weight,survey_weighted_PR_AUC,0.3648962149975794,0.36726486963690186,0.002368654639322454,0.019816300462823278,0.33214302772569493,0.4080876104916787,0.95,percentile,rao_wu_rescaled_bootstrap,2000,2000,1.0,15
MEC examination sample,inflammatory comparison sample,model3_inflammatory,Model 3 inflammatory,elastic_net,2015-2016,5404,597,combined_mec_weight,weighted_Brier,0.0651439263037894,0.06524715601335496,0.00010322970956555544,0.004089310513988683,0.057141784570890704,0.07315034248088144,0.95,percentile,rao_wu_rescaled_bootstrap,2000,2000,1.0,15
MEC examination sample,inflammatory comparison sample,model3_inflammatory,Model 3 inflammatory,elastic_net,2015-2016,5404,597,combined_mec_weight,weighted_log_loss,0.22065647554304854,0.22089084602347533,0.0002343704804267932,0.012568454515626805,0.19602988199005966,0.2448734696029231,0.95,percentile,rao_wu_rescaled_bootstrap,2000,2000,1.0,15
MEC examination sample,inflammatory comparison sample,model3_inflammatory,Model 3 inflammatory,elastic_net,2015-2016,5404,597,combined_mec_weight,calibration_intercept,0.008020616229784295,0.013976403477370688,0.005955787247586393,0.10634388138567522,-0.1672148598575093,0.22160606441122585,0.95,percentile,rao_wu_rescaled_bootstrap,2000,2000,1.0,15
MEC examination sample,inflammatory comparison sample,model3_inflammatory,Model 3 inflammatory,elastic_net,2015-2016,5404,597,combined_mec_weight,calibration_slope,1.0496766897241894,1.0525948591869856,0.0029181694627962163,0.05746918869041607,0.9534932383006679,1.1690598655685902,0.95,percentile,rao_wu_rescaled_bootstrap,2000,2000,1.0,15
MEC examination sample,inflammatory comparison sample,model3_inflammatory,Model 3 inflammatory,elastic_net,2015-2016,5404,597,combined_mec_weight,observed_expected_ratio,0.9488147198993659,0.9498113300778046,0.0009966101784386616,0.0335904104382403,0.887416865302746,1.0142131415475797,0.95,percentile,rao_wu_rescaled_bootstrap,2000,2000,1.0,15
MEC examination sample,inflammatory comparison sample,model3_inflammatory,Model 3 inflammatory,elastic_net,2015-2016,5404,597,combined_mec_weight,weighted_observed_prevalence,0.08730107214212413,0.08744325344633179,0.00014218130420766417,0.005389585046975443,0.07680942667138858,0.09825181648005074,0.95,percentile,rao_wu_rescaled_bootstrap,2000,2000,1.0,15
MEC examination sample,inflammatory comparison sample,model3_inflammatory,Model 3 inflammatory,elastic_net,2015-2016,5404,597,combined_mec_weight,weighted_mean_predicted_probability,0.09201066373778806,0.09204749530664397,3.683156885590788e-05,0.004316750197230383,0.08348942882851157,0.10019323912092305,0.95,percentile,rao_wu_rescaled_bootstrap,2000,2000,1.0,15
MEC examination sample,inflammatory comparison sample,model3_inflammatory,Model 3 inflammatory,elastic_net,2015-2016,5404,597,combined_mec_weight,calibration_in_the_large,-0.057715167132808,-0.057169171199903494,0.0005459959329045042,0.03873238853244168,-0.1303964333715605,0.015627088664817077,0.95,percentile,rao_wu_rescaled_bootstrap,2000,2000,1.0,15
fasting subsample,combined comparison sample,model4_combined,Model 4 combined biomarkers,elastic_net,2015-2016,2246,266,combined_fasting_weight,survey_weighted_AUROC,0.8662150928782526,0.8667188911949516,0.0005037983166990001,0.011309524682704884,0.8456462055189461,0.8890784805210197,0.95,percentile,rao_wu_rescaled_bootstrap,2000,2000,1.0,15
fasting subsample,combined comparison sample,model4_combined,Model 4 combined biomarkers,elastic_net,2015-2016,2246,266,combined_fasting_weight,survey_weighted_PR_AUC,0.4035967368820718,0.40888998423366013,0.005293247351588315,0.028266750660671826,0.35344216127706923,0.46612116707541534,0.95,percentile,rao_wu_rescaled_bootstrap,2000,2000,1.0,15
fasting subsample,combined comparison sample,model4_combined,Model 4 combined biomarkers,elastic_net,2015-2016,2246,266,combined_fasting_weight,weighted_Brier,0.06549344922441853,0.06553186320571909,3.841398130055573e-05,0.004128909392125501,0.05761009458819056,0.07325160096458927,0.95,percentile,rao_wu_rescaled_bootstrap,2000,2000,1.0,15
fasting subsample,combined comparison sample,model4_combined,Model 4 combined biomarkers,elastic_net,2015-2016,2246,266,combined_fasting_weight,weighted_log_loss,0.22233807953491314,0.22229620249134002,-4.187704357311306e-05,0.012765848783254423,0.19723740756091868,0.2463802599533592,0.95,percentile,rao_wu_rescaled_bootstrap,2000,2000,1.0,15
fasting subsample,combined comparison sample,model4_combined,Model 4 combined biomarkers,elastic_net,2015-2016,2246,266,combined_fasting_weight,calibration_intercept,0.10440412764792541,0.10787966083879623,0.003475533190870822,0.14789479498637245,-0.17002660167915837,0.3985886372521379,0.95,percentile,rao_wu_rescaled_bootstrap,2000,2000,1.0,15
fasting subsample,combined comparison sample,model4_combined,Model 4 combined biomarkers,elastic_net,2015-2016,2246,266,combined_fasting_weight,calibration_slope,1.0871372055198716,1.0905455037836291,0.0034082982637575476,0.04478375825401773,1.0105285050251411,1.18118061580781,0.95,percentile,rao_wu_rescaled_bootstrap,2000,2000,1.0,15
fasting subsample,combined comparison sample,model4_combined,Model 4 combined biomarkers,elastic_net,2015-2016,2246,266,combined_fasting_weight,observed_expected_ratio,0.9743060200985324,0.9746039943637013,0.0002979742651688655,0.06797219287696665,0.8454288317837424,1.1153545386907935,0.95,percentile,rao_wu_rescaled_bootstrap,2000,2000,1.0,15
fasting subsample,combined comparison sample,model4_combined,Model 4 combined biomarkers,elastic_net,2015-2016,2246,266,combined_fasting_weight,weighted_observed_prevalence,0.09057334731792417,0.09065161642982031,7.826911189613706e-05,0.007201946848645492,0.07685144971345548,0.10451609237881979,0.95,percentile,rao_wu_rescaled_bootstrap,2000,2000,1.0,15
fasting subsample,combined comparison sample,model4_combined,Model 4 combined biomarkers,elastic_net,2015-2016,2246,266,combined_fasting_weight,weighted_mean_predicted_probability,0.09296190873249907,0.09302964704914467,6.773831664559637e-05,0.003967158856120739,0.08489709095008452,0.10048757183876228,0.95,percentile,rao_wu_rescaled_bootstrap,2000,2000,1.0,15
fasting subsample,combined comparison sample,model4_combined,Model 4 combined biomarkers,elastic_net,2015-2016,2246,266,combined_fasting_weight,calibration_in_the_large,-0.028659738400165224,-0.03075829969310506,-0.0020985612929398344,0.07685963871423454,-0.1842961521032016,0.12135341573021029,0.95,percentile,rao_wu_rescaled_bootstrap,2000,2000,1.0,15
MEC examination sample,core MEC target sample,model0_core,Model 0 core clinical,elastic_net,2017-2018,5209,646,combined_mec_weight,survey_weighted_AUROC,0.8515487672035791,0.8514273749410542,-0.00012139226252483315,0.006511214303584852,0.8385813107762914,0.863936867192778,0.95,percentile,rao_wu_rescaled_bootstrap,2000,2000,1.0,15
MEC examination sample,core MEC target sample,model0_core,Model 0 core clinical,elastic_net,2017-2018,5209,646,combined_mec_weight,survey_weighted_PR_AUC,0.370669452703239,0.3732478887889816,0.002578436085742597,0.024669747643647637,0.3260132825760724,0.42085868665292614,0.95,percentile,rao_wu_rescaled_bootstrap,2000,2000,1.0,15
MEC examination sample,core MEC target sample,model0_core,Model 0 core clinical,elastic_net,2017-2018,5209,646,combined_mec_weight,weighted_Brier,0.07161274730510657,0.07155789907619974,-5.484822890683416e-05,0.003995913772695073,0.06381135590955854,0.07935388582197851,0.95,percentile,rao_wu_rescaled_bootstrap,2000,2000,1.0,15
MEC examination sample,core MEC target sample,model0_core,Model 0 core clinical,elastic_net,2017-2018,5209,646,combined_mec_weight,weighted_log_loss,0.24022489199762495,0.24009517393228066,-0.00012971806534428643,0.01068957448064239,0.2192767577107733,0.2605115533713836,0.95,percentile,rao_wu_rescaled_bootstrap,2000,2000,1.0,15
MEC examination sample,core MEC target sample,model0_core,Model 0 core clinical,elastic_net,2017-2018,5209,646,combined_mec_weight,calibration_intercept,0.0030521736358614694,0.004326040723790236,0.0012738670879287664,0.10114737212229731,-0.1934141210564018,0.19276887363682998,0.95,percentile,rao_wu_rescaled_bootstrap,2000,2000,1.0,15
MEC examination sample,core MEC target sample,model0_core,Model 0 core clinical,elastic_net,2017-2018,5209,646,combined_mec_weight,calibration_slope,0.9965290708848359,0.997704349020671,0.0011752781358350672,0.0337325966278608,0.9361894480619923,1.0687494405073696,0.95,percentile,rao_wu_rescaled_bootstrap,2000,2000,1.0,15
MEC examination sample,core MEC target sample,model0_core,Model 0 core clinical,elastic_net,2017-2018,5209,646,combined_mec_weight,observed_expected_ratio,1.006284666247146,1.006989209961337,0.0007045437141908195,0.05452002722705794,0.9007075142643859,1.1128830520943442,0.95,percentile,rao_wu_rescaled_bootstrap,2000,2000,1.0,15
MEC examination sample,core MEC target sample,model0_core,Model 0 core clinical,elastic_net,2017-2018,5209,646,combined_mec_weight,weighted_observed_prevalence,0.09637478593053449,0.09633383235112558,-4.095357940890609e-05,0.006693164885588429,0.0835159677837822,0.10953261262010124,0.95,percentile,rao_wu_rescaled_bootstrap,2000,2000,1.0,15
MEC examination sample,core MEC target sample,model0_core,Model 0 core clinical,elastic_net,2017-2018,5209,646,combined_mec_weight,weighted_mean_predicted_probability,0.09577288531082973,0.09563428130665518,-0.0001386040041745501,0.003390293915322972,0.0892515251129343,0.10208982168920966,0.95,percentile,rao_wu_rescaled_bootstrap,2000,2000,1.0,15
MEC examination sample,core MEC target sample,model0_core,Model 0 core clinical,elastic_net,2017-2018,5209,646,combined_mec_weight,calibration_in_the_large,0.006930873766522794,0.006287085796377515,-0.000643787970145279,0.0601130981038836,-0.11480910430646088,0.11853314232078757,0.95,percentile,rao_wu_rescaled_bootstrap,2000,2000,1.0,15
fasting subsample,combined comparison sample,model0_paired_combined,Model 0 paired combined sample,elastic_net,2017-2018,2279,287,combined_fasting_weight,survey_weighted_AUROC,0.830688402921024,0.8301952921277559,-0.0004931107932680812,0.01174969988193222,0.8066879940325297,0.8519913827488355,0.95,percentile,rao_wu_rescaled_bootstrap,2000,2000,1.0,15
fasting subsample,combined comparison sample,model0_paired_combined,Model 0 paired combined sample,elastic_net,2017-2018,2279,287,combined_fasting_weight,survey_weighted_PR_AUC,0.3372527450888974,0.3419627438412124,0.004709998752314981,0.03416338689507474,0.27380658799552643,0.405841129435018,0.95,percentile,rao_wu_rescaled_bootstrap,2000,2000,1.0,15
fasting subsample,combined comparison sample,model0_paired_combined,Model 0 paired combined sample,elastic_net,2017-2018,2279,287,combined_fasting_weight,weighted_Brier,0.07710982655138211,0.07721717643468998,0.00010734988330786399,0.00541889779624086,0.06660430775963437,0.0879678466956149,0.95,percentile,rao_wu_rescaled_bootstrap,2000,2000,1.0,15
fasting subsample,combined comparison sample,model0_paired_combined,Model 0 paired combined sample,elastic_net,2017-2018,2279,287,combined_fasting_weight,weighted_log_loss,0.2580833270640242,0.25841488654991285,0.0003315594858886439,0.014241502073356668,0.2301223861615815,0.2866569949635015,0.95,percentile,rao_wu_rescaled_bootstrap,2000,2000,1.0,15
fasting subsample,combined comparison sample,model0_paired_combined,Model 0 paired combined sample,elastic_net,2017-2018,2279,287,combined_fasting_weight,calibration_intercept,-0.1987602530811134,-0.19854682971066326,0.00021342337045013315,0.14638517273810808,-0.4948618058873006,0.071278045499148,0.95,percentile,rao_wu_rescaled_bootstrap,2000,2000,1.0,15
fasting subsample,combined comparison sample,model0_paired_combined,Model 0 paired combined sample,elastic_net,2017-2018,2279,287,combined_fasting_weight,calibration_slope,0.8858956257277609,0.8867377375079727,0.0008421117802117628,0.050114207213485265,0.7937102413222886,0.9818408673880636,0.95,percentile,rao_wu_rescaled_bootstrap,2000,2000,1.0,15
fasting subsample,combined comparison sample,model0_paired_combined,Model 0 paired combined sample,elastic_net,2017-2018,2279,287,combined_fasting_weight,observed_expected_ratio,0.986744977379129,0.9894189537171194,0.0026739763379903803,0.07785511419873431,0.840097164902896,1.1426204512923999,0.95,percentile,rao_wu_rescaled_bootstrap,2000,2000,1.0,15
fasting subsample,combined comparison sample,model0_paired_combined,Model 0 paired combined sample,elastic_net,2017-2018,2279,287,combined_fasting_weight,weighted_observed_prevalence,0.09987693393124161,0.10007577025188329,0.00019883632064167378,0.00959451388460848,0.0813977214938659,0.11860801182763164,0.95,percentile,rao_wu_rescaled_bootstrap,2000,2000,1.0,15
fasting subsample,combined comparison sample,model0_paired_combined,Model 0 paired combined sample,elastic_net,2017-2018,2279,287,combined_fasting_weight,weighted_mean_predicted_probability,0.10121858861295902,0.10112706558453616,-9.152302842285742e-05,0.0052223763795692085,0.09091625808409481,0.11131664004101409,0.95,percentile,rao_wu_rescaled_bootstrap,2000,2000,1.0,15
fasting subsample,combined comparison sample,model0_paired_combined,Model 0 paired combined sample,elastic_net,2017-2018,2279,287,combined_fasting_weight,calibration_in_the_large,-0.014835290061538942,-0.014885139402471449,-4.98493409325073e-05,0.08788693717995981,-0.19140168672551058,0.14901991216523794,0.95,percentile,rao_wu_rescaled_bootstrap,2000,2000,1.0,15
fasting subsample,metabolic comparison sample,model0_paired_metabolic,Model 0 paired metabolic sample,elastic_net,2017-2018,2279,287,combined_fasting_weight,survey_weighted_AUROC,0.830688402921024,0.8301952921277559,-0.0004931107932680812,0.01174969988193222,0.8066879940325297,0.8519913827488355,0.95,percentile,rao_wu_rescaled_bootstrap,2000,2000,1.0,15
fasting subsample,metabolic comparison sample,model0_paired_metabolic,Model 0 paired metabolic sample,elastic_net,2017-2018,2279,287,combined_fasting_weight,survey_weighted_PR_AUC,0.3372527450888974,0.3419627438412124,0.004709998752314981,0.03416338689507474,0.27380658799552643,0.405841129435018,0.95,percentile,rao_wu_rescaled_bootstrap,2000,2000,1.0,15
fasting subsample,metabolic comparison sample,model0_paired_metabolic,Model 0 paired metabolic sample,elastic_net,2017-2018,2279,287,combined_fasting_weight,weighted_Brier,0.07710982655138211,0.07721717643468998,0.00010734988330786399,0.00541889779624086,0.06660430775963437,0.0879678466956149,0.95,percentile,rao_wu_rescaled_bootstrap,2000,2000,1.0,15
fasting subsample,metabolic comparison sample,model0_paired_metabolic,Model 0 paired metabolic sample,elastic_net,2017-2018,2279,287,combined_fasting_weight,weighted_log_loss,0.2580833270640242,0.25841488654991285,0.0003315594858886439,0.014241502073356668,0.2301223861615815,0.2866569949635015,0.95,percentile,rao_wu_rescaled_bootstrap,2000,2000,1.0,15
fasting subsample,metabolic comparison sample,model0_paired_metabolic,Model 0 paired metabolic sample,elastic_net,2017-2018,2279,287,combined_fasting_weight,calibration_intercept,-0.1987602530811134,-0.19854682971066326,0.00021342337045013315,0.14638517273810808,-0.4948618058873006,0.071278045499148,0.95,percentile,rao_wu_rescaled_bootstrap,2000,2000,1.0,15
fasting subsample,metabolic comparison sample,model0_paired_metabolic,Model 0 paired metabolic sample,elastic_net,2017-2018,2279,287,combined_fasting_weight,calibration_slope,0.8858956257277609,0.8867377375079727,0.0008421117802117628,0.050114207213485265,0.7937102413222886,0.9818408673880636,0.95,percentile,rao_wu_rescaled_bootstrap,2000,2000,1.0,15
fasting subsample,metabolic comparison sample,model0_paired_metabolic,Model 0 paired metabolic sample,elastic_net,2017-2018,2279,287,combined_fasting_weight,observed_expected_ratio,0.986744977379129,0.9894189537171194,0.0026739763379903803,0.07785511419873431,0.840097164902896,1.1426204512923999,0.95,percentile,rao_wu_rescaled_bootstrap,2000,2000,1.0,15
fasting subsample,metabolic comparison sample,model0_paired_metabolic,Model 0 paired metabolic sample,elastic_net,2017-2018,2279,287,combined_fasting_weight,weighted_observed_prevalence,0.09987693393124161,0.10007577025188329,0.00019883632064167378,0.00959451388460848,0.0813977214938659,0.11860801182763164,0.95,percentile,rao_wu_rescaled_bootstrap,2000,2000,1.0,15
fasting subsample,metabolic comparison sample,model0_paired_metabolic,Model 0 paired metabolic sample,elastic_net,2017-2018,2279,287,combined_fasting_weight,weighted_mean_predicted_probability,0.10121858861295902,0.10112706558453616,-9.152302842285742e-05,0.0052223763795692085,0.09091625808409481,0.11131664004101409,0.95,percentile,rao_wu_rescaled_bootstrap,2000,2000,1.0,15
fasting subsample,metabolic comparison sample,model0_paired_metabolic,Model 0 paired metabolic sample,elastic_net,2017-2018,2279,287,combined_fasting_weight,calibration_in_the_large,-0.014835290061538942,-0.014885139402471449,-4.98493409325073e-05,0.08788693717995981,-0.19140168672551058,0.14901991216523794,0.95,percentile,rao_wu_rescaled_bootstrap,2000,2000,1.0,15
MEC examination sample,renal comparison sample,model1_renal,Model 1 renal,elastic_net,2017-2018,5209,646,combined_mec_weight,survey_weighted_AUROC,0.8537386706597315,0.8536791543227432,-5.951633698830783e-05,0.006606223044933052,0.8406306298389021,0.8664209431709127,0.95,percentile,rao_wu_rescaled_bootstrap,2000,2000,1.0,15
MEC examination sample,renal comparison sample,model1_renal,Model 1 renal,elastic_net,2017-2018,5209,646,combined_mec_weight,survey_weighted_PR_AUC,0.38246392216324476,0.3846587267076959,0.0021948045444511455,0.023372262128137433,0.33922288235619824,0.4284783363156329,0.95,percentile,rao_wu_rescaled_bootstrap,2000,2000,1.0,15
MEC examination sample,renal comparison sample,model1_renal,Model 1 renal,elastic_net,2017-2018,5209,646,combined_mec_weight,weighted_Brier,0.07139785105288358,0.07133433525586017,-6.351579702341958e-05,0.004035346556838336,0.06351305075024817,0.07933711776361758,0.95,percentile,rao_wu_rescaled_bootstrap,2000,2000,1.0,15
MEC examination sample,renal comparison sample,model1_renal,Model 1 renal,elastic_net,2017-2018,5209,646,combined_mec_weight,weighted_log_loss,0.23938337018025027,0.23923052509634737,-0.0001528450839028972,0.011002822676083018,0.21746129240522755,0.26030057598908224,0.95,percentile,rao_wu_rescaled_bootstrap,2000,2000,1.0,15
MEC examination sample,renal comparison sample,model1_renal,Model 1 renal,elastic_net,2017-2018,5209,646,combined_mec_weight,calibration_intercept,0.001697198128359693,0.0034018391478210707,0.0017046410194613778,0.09871458433082049,-0.18862947620370948,0.1910911596811739,0.95,percentile,rao_wu_rescaled_bootstrap,2000,2000,1.0,15
MEC examination sample,renal comparison sample,model1_renal,Model 1 renal,elastic_net,2017-2018,5209,646,combined_mec_weight,calibration_slope,0.984000474125755,0.9854951488076599,0.001494674681904895,0.032618545030505465,0.9250519017580207,1.052380533990616,0.95,percentile,rao_wu_rescaled_bootstrap,2000,2000,1.0,15
MEC examination sample,renal comparison sample,model1_renal,Model 1 renal,elastic_net,2017-2018,5209,646,combined_mec_weight,observed_expected_ratio,1.0201980693832784,1.0208000551212868,0.0006019857380084037,0.05475234456184358,0.9135502857141974,1.1240165073301778,0.95,percentile,rao_wu_rescaled_bootstrap,2000,2000,1.0,15
MEC examination sample,renal comparison sample,model1_renal,Model 1 renal,elastic_net,2017-2018,5209,646,combined_mec_weight,weighted_observed_prevalence,0.09637478593053449,0.09633383235112558,-4.095357940890609e-05,0.006693164885588429,0.0835159677837822,0.10953261262010124,0.95,percentile,rao_wu_rescaled_bootstrap,2000,2000,1.0,15
MEC examination sample,renal comparison sample,model1_renal,Model 1 renal,elastic_net,2017-2018,5209,646,combined_mec_weight,weighted_mean_predicted_probability,0.09446674015840292,0.09433836588610478,-0.0001283742722981429,0.0033592919893649354,0.08800036569459846,0.10082006138173277,0.95,percentile,rao_wu_rescaled_bootstrap,2000,2000,1.0,15
MEC examination sample,renal comparison sample,model1_renal,Model 1 renal,elastic_net,2017-2018,5209,646,combined_mec_weight,calibration_in_the_large,0.022106113455020004,0.021368028488016208,-0.0007380849670037964,0.05957005666856326,-0.09924219707538423,0.13002519184622954,0.95,percentile,rao_wu_rescaled_bootstrap,2000,2000,1.0,15
fasting subsample,metabolic comparison sample,model2_metabolic,Model 2 metabolic,elastic_net,2017-2018,2279,287,combined_fasting_weight,survey_weighted_AUROC,0.8310194618554974,0.8303674468676443,-0.0006520149878530557,0.012048320427474321,0.8056960428929424,0.8523782838404126,0.95,percentile,rao_wu_rescaled_bootstrap,2000,2000,1.0,15
fasting subsample,metabolic comparison sample,model2_metabolic,Model 2 metabolic,elastic_net,2017-2018,2279,287,combined_fasting_weight,survey_weighted_PR_AUC,0.3347875263677702,0.3388431880047349,0.004055661636964691,0.03244297429772259,0.2747135132841011,0.3988765569851573,0.95,percentile,rao_wu_rescaled_bootstrap,2000,2000,1.0,15
fasting subsample,metabolic comparison sample,model2_metabolic,Model 2 metabolic,elastic_net,2017-2018,2279,287,combined_fasting_weight,weighted_Brier,0.07744394789737301,0.0775577331207759,0.00011378522340289854,0.005360203752851383,0.06692208248298903,0.0881104962620615,0.95,percentile,rao_wu_rescaled_bootstrap,2000,2000,1.0,15
fasting subsample,metabolic comparison sample,model2_metabolic,Model 2 metabolic,elastic_net,2017-2018,2279,287,combined_fasting_weight,weighted_log_loss,0.2587871705923594,0.2591500145535891,0.0003628439612297085,0.014139360892249691,0.23102001439024475,0.287226147697168,0.95,percentile,rao_wu_rescaled_bootstrap,2000,2000,1.0,15
fasting subsample,metabolic comparison sample,model2_metabolic,Model 2 metabolic,elastic_net,2017-2018,2279,287,combined_fasting_weight,calibration_intercept,-0.20870589883316037,-0.20896548507391555,-0.0002595862407551719,0.14704951655568888,-0.5024135832176408,0.06214360396292661,0.95,percentile,rao_wu_rescaled_bootstrap,2000,2000,1.0,15
fasting subsample,metabolic comparison sample,model2_metabolic,Model 2 metabolic,elastic_net,2017-2018,2279,287,combined_fasting_weight,calibration_slope,0.8745640414795369,0.8749790045431537,0.00041496306361676893,0.047942194766522686,0.7841077243123126,0.9675598543701774,0.95,percentile,rao_wu_rescaled_bootstrap,2000,2000,1.0,15
fasting subsample,metabolic comparison sample,model2_metabolic,Model 2 metabolic,elastic_net,2017-2018,2279,287,combined_fasting_weight,observed_expected_ratio,0.9932480904682813,0.995807383853966,0.0025592933856847244,0.07693325549619696,0.846688408753456,1.1477172155739088,0.95,percentile,rao_wu_rescaled_bootstrap,2000,2000,1.0,15
fasting subsample,metabolic comparison sample,model2_metabolic,Model 2 metabolic,elastic_net,2017-2018,2279,287,combined_fasting_weight,weighted_observed_prevalence,0.09987693393124161,0.10007577025188329,0.00019883632064167378,0.00959451388460848,0.0813977214938659,0.11860801182763164,0.95,percentile,rao_wu_rescaled_bootstrap,2000,2000,1.0,15
fasting subsample,metabolic comparison sample,model2_metabolic,Model 2 metabolic,elastic_net,2017-2018,2279,287,combined_fasting_weight,weighted_mean_predicted_probability,0.10055587812321207,0.1004724240985075,-8.345402470456842e-05,0.00529501539432658,0.09018955756865113,0.11065909109482505,0.95,percentile,rao_wu_rescaled_bootstrap,2000,2000,1.0,15
fasting subsample,metabolic comparison sample,model2_metabolic,Model 2 metabolic,elastic_net,2017-2018,2279,287,combined_fasting_weight,calibration_in_the_large,-0.0075293707049977066,-0.007607654420936279,-7.828371593857249e-05,0.08625426453411345,-0.18352721454199306,0.1545209386996864,0.95,percentile,rao_wu_rescaled_bootstrap,2000,2000,1.0,15
MEC examination sample,inflammatory comparison sample,model3_inflammatory,Model 3 inflammatory,elastic_net,2017-2018,5209,646,combined_mec_weight,survey_weighted_AUROC,0.8523532933404812,0.8521445416390973,-0.00020875170138390242,0.006335960063939198,0.8393285049026962,0.8643793425794258,0.95,percentile,rao_wu_rescaled_bootstrap,2000,2000,1.0,15
MEC examination sample,inflammatory comparison sample,model3_inflammatory,Model 3 inflammatory,elastic_net,2017-2018,5209,646,combined_mec_weight,survey_weighted_PR_AUC,0.36586232539463887,0.3685314365367799,0.002669111142141023,0.02436961161435128,0.32222706699489756,0.4159929915074607,0.95,percentile,rao_wu_rescaled_bootstrap,2000,2000,1.0,15
MEC examination sample,inflammatory comparison sample,model3_inflammatory,Model 3 inflammatory,elastic_net,2017-2018,5209,646,combined_mec_weight,weighted_Brier,0.07184537014272005,0.07179267520410812,-5.26949386119302e-05,0.0039101002731218425,0.06409636488257962,0.07947920907122433,0.95,percentile,rao_wu_rescaled_bootstrap,2000,2000,1.0,15
MEC examination sample,inflammatory comparison sample,model3_inflammatory,Model 3 inflammatory,elastic_net,2017-2018,5209,646,combined_mec_weight,weighted_log_loss,0.24042143039060726,0.24029706579670865,-0.00012436459389861265,0.010347561561285553,0.22001146967441798,0.2602658997574304,0.95,percentile,rao_wu_rescaled_bootstrap,2000,2000,1.0,15
MEC examination sample,inflammatory comparison sample,model3_inflammatory,Model 3 inflammatory,elastic_net,2017-2018,5209,646,combined_mec_weight,calibration_intercept,-0.018198306630379614,-0.017071653238034303,0.0011266533923453108,0.10363942453745174,-0.2216607785044082,0.1776296919971581,0.95,percentile,rao_wu_rescaled_bootstrap,2000,2000,1.0,15
MEC examination sample,inflammatory comparison sample,model3_inflammatory,Model 3 inflammatory,elastic_net,2017-2018,5209,646,combined_mec_weight,calibration_slope,0.9860410184983602,0.9870928087152924,0.0010517902169321358,0.032581050167444704,0.9250880800140943,1.0539172247647335,0.95,percentile,rao_wu_rescaled_bootstrap,2000,2000,1.0,15
MEC examination sample,inflammatory comparison sample,model3_inflammatory,Model 3 inflammatory,elastic_net,2017-2018,5209,646,combined_mec_weight,observed_expected_ratio,1.0029675880160502,1.0037379413726142,0.0007703533565639464,0.05489627491469677,0.896923137925638,1.1107138220342319,0.95,percentile,rao_wu_rescaled_bootstrap,2000,2000,1.0,15
MEC examination sample,inflammatory comparison sample,model3_inflammatory,Model 3 inflammatory,elastic_net,2017-2018,5209,646,combined_mec_weight,weighted_observed_prevalence,0.09637478593053449,0.09633383235112558,-4.095357940890609e-05,0.006693164885588429,0.0835159677837822,0.10953261262010124,0.95,percentile,rao_wu_rescaled_bootstrap,2000,2000,1.0,15
MEC examination sample,inflammatory comparison sample,model3_inflammatory,Model 3 inflammatory,elastic_net,2017-2018,5209,646,combined_mec_weight,weighted_mean_predicted_probability,0.09608963149165317,0.09594919803677417,-0.00014043345487900483,0.0034656451306251503,0.08940386768761081,0.10257928441152461,0.95,percentile,rao_wu_rescaled_bootstrap,2000,2000,1.0,15
MEC examination sample,inflammatory comparison sample,model3_inflammatory,Model 3 inflammatory,elastic_net,2017-2018,5209,646,combined_mec_weight,calibration_in_the_large,0.0032787107939671323,0.002674920364319491,-0.0006037904296476411,0.06070978015727775,-0.11960823620113908,0.11640286732780437,0.95,percentile,rao_wu_rescaled_bootstrap,2000,2000,1.0,15
fasting subsample,combined comparison sample,model4_combined,Model 4 combined biomarkers,elastic_net,2017-2018,2279,287,combined_fasting_weight,survey_weighted_AUROC,0.8344310034161879,0.8338011960548626,-0.0006298073613253408,0.01085106011593389,0.8114509984358369,0.8535636720495328,0.95,percentile,rao_wu_rescaled_bootstrap,2000,2000,1.0,15
fasting subsample,combined comparison sample,model4_combined,Model 4 combined biomarkers,elastic_net,2017-2018,2279,287,combined_fasting_weight,survey_weighted_PR_AUC,0.3638205026079045,0.3666587152184085,0.0028382126105039873,0.029022128819982243,0.3061349095044452,0.4185536470230493,0.95,percentile,rao_wu_rescaled_bootstrap,2000,2000,1.0,15
fasting subsample,combined comparison sample,model4_combined,Model 4 combined biomarkers,elastic_net,2017-2018,2279,287,combined_fasting_weight,weighted_Brier,0.07652418713886014,0.07665014705319609,0.0001259599143359491,0.005493373587878515,0.06582596874213786,0.08729352535003844,0.95,percentile,rao_wu_rescaled_bootstrap,2000,2000,1.0,15
fasting subsample,combined comparison sample,model4_combined,Model 4 combined biomarkers,elastic_net,2017-2018,2279,287,combined_fasting_weight,weighted_log_loss,0.2568724771794248,0.2572862357346303,0.000413758555205479,0.0147029033697035,0.22818516265114558,0.28635351646461205,0.95,percentile,rao_wu_rescaled_bootstrap,2000,2000,1.0,15
fasting subsample,combined comparison sample,model4_combined,Model 4 combined biomarkers,elastic_net,2017-2018,2279,287,combined_fasting_weight,calibration_intercept,-0.21318941586401102,-0.2126522173278589,0.0005371985361521114,0.13037268156077916,-0.475770658571461,0.029628084782981737,0.95,percentile,rao_wu_rescaled_bootstrap,2000,2000,1.0,15
fasting subsample,combined comparison sample,model4_combined,Model 4 combined biomarkers,elastic_net,2017-2018,2279,287,combined_fasting_weight,calibration_slope,0.859898128707458,0.8604111655275204,0.0005130368200624291,0.035383141708190326,0.7923658017547031,0.928591997047016,0.95,percentile,rao_wu_rescaled_bootstrap,2000,2000,1.0,15
fasting subsample,combined comparison sample,model4_combined,Model 4 combined biomarkers,elastic_net,2017-2018,2279,287,combined_fasting_weight,observed_expected_ratio,1.0104586823809838,1.0134262113968484,0.0029675290158646117,0.07821169530124211,0.8617865270150035,1.1657353648561388,0.95,percentile,rao_wu_rescaled_bootstrap,2000,2000,1.0,15
fasting subsample,combined comparison sample,model4_combined,Model 4 combined biomarkers,elastic_net,2017-2018,2279,287,combined_fasting_weight,weighted_observed_prevalence,0.09987693393124161,0.10007577025188329,0.00019883632064167378,0.00959451388460848,0.0813977214938659,0.11860801182763164,0.95,percentile,rao_wu_rescaled_bootstrap,2000,2000,1.0,15
fasting subsample,combined comparison sample,model4_combined,Model 4 combined biomarkers,elastic_net,2017-2018,2279,287,combined_fasting_weight,weighted_mean_predicted_probability,0.0988431646664638,0.09874764919053121,-9.551547593258936e-05,0.005618277984829142,0.08793686583891898,0.10938953243759933,0.95,percentile,rao_wu_rescaled_bootstrap,2000,2000,1.0,15
fasting subsample,combined comparison sample,model4_combined,Model 4 combined biomarkers,elastic_net,2017-2018,2279,287,combined_fasting_weight,calibration_in_the_large,0.011552185213987709,0.011851840600747628,0.0002996553867599186,0.08614053731705008,-0.16395321406642127,0.1718467237216464,0.95,percentile,rao_wu_rescaled_bootstrap,2000,2000,1.0,15
MEC examination sample,core MEC target sample,model0_core,Model 0 core clinical,xgboost,2005-2006,4448,533,combined_mec_weight,survey_weighted_AUROC,0.8516758730206838,0.8510593465885734,-0.0006165264321104091,0.011227743744131307,0.8288932862686325,0.8727931646819532,0.95,percentile,rao_wu_rescaled_bootstrap,2000,2000,1.0,15
MEC examination sample,core MEC target sample,model0_core,Model 0 core clinical,xgboost,2005-2006,4448,533,combined_mec_weight,survey_weighted_PR_AUC,0.41294186406096794,0.4139877941087916,0.0010459300478236622,0.018855205550242365,0.3757392799427892,0.4483022660411792,0.95,percentile,rao_wu_rescaled_bootstrap,2000,2000,1.0,15
MEC examination sample,core MEC target sample,model0_core,Model 0 core clinical,xgboost,2005-2006,4448,533,combined_mec_weight,weighted_Brier,0.06549828573484753,0.06536654838698659,-0.00013173734786094127,0.004402756631298059,0.057133375588944796,0.0737421274362854,0.95,percentile,rao_wu_rescaled_bootstrap,2000,2000,1.0,15
MEC examination sample,core MEC target sample,model0_core,Model 0 core clinical,xgboost,2005-2006,4448,533,combined_mec_weight,weighted_log_loss,0.22661721711719426,0.2263293037947712,-0.0002879133224230612,0.012938023114917513,0.20291689897664042,0.25089158783528565,0.95,percentile,rao_wu_rescaled_bootstrap,2000,2000,1.0,15
MEC examination sample,core MEC target sample,model0_core,Model 0 core clinical,xgboost,2005-2006,4448,533,combined_mec_weight,calibration_intercept,0.3468511733231403,0.3453927918284867,-0.0014583814946536044,0.10876656226059729,0.13726534391700373,0.5504480607428505,0.95,percentile,rao_wu_rescaled_bootstrap,2000,2000,1.0,15
MEC examination sample,core MEC target sample,model0_core,Model 0 core clinical,xgboost,2005-2006,4448,533,combined_mec_weight,calibration_slope,1.0914968823179598,1.092915857972364,0.0014189756544040755,0.05437901732163427,0.9915011326811688,1.2030578804158376,0.95,percentile,rao_wu_rescaled_bootstrap,2000,2000,1.0,15
MEC examination sample,core MEC target sample,model0_core,Model 0 core clinical,xgboost,2005-2006,4448,533,combined_mec_weight,observed_expected_ratio,1.1441431173980507,1.1431779682526315,-0.0009651491454192307,0.05917954884059113,1.034905488236308,1.259961829550484,0.95,percentile,rao_wu_rescaled_bootstrap,2000,2000,1.0,15
MEC examination sample,core MEC target sample,model0_core,Model 0 core clinical,xgboost,2005-2006,4448,533,combined_mec_weight,weighted_observed_prevalence,0.08958365355321198,0.08931859423883771,-0.0002650593143742608,0.0063884241692191744,0.07687501392039414,0.10124378837346713,0.95,percentile,rao_wu_rescaled_bootstrap,2000,2000,1.0,15
MEC examination sample,core MEC target sample,model0_core,Model 0 core clinical,xgboost,2005-2006,4448,533,combined_mec_weight,weighted_mean_predicted_probability,0.07829759423535959,0.07819160815549143,-0.00010598607986815611,0.00494239945391463,0.0688642391595863,0.08750590465549378,0.95,percentile,rao_wu_rescaled_bootstrap,2000,2000,1.0,15
MEC examination sample,core MEC target sample,model0_core,Model 0 core clinical,xgboost,2005-2006,4448,533,combined_mec_weight,calibration_in_the_large,0.1469763704414948,0.14462992156090104,-0.0023464488805937656,0.056551602776227346,0.037136487168430425,0.25302667084189534,0.95,percentile,rao_wu_rescaled_bootstrap,2000,2000,1.0,15
fasting subsample,combined comparison sample,model0_paired_combined,Model 0 paired combined sample,xgboost,2005-2006,1836,216,combined_fasting_weight,survey_weighted_AUROC,0.8386534988237614,0.8384811869697085,-0.00017231185405286453,0.01664233216789322,0.8076515389519123,0.8715882331779083,0.95,percentile,rao_wu_rescaled_bootstrap,2000,2000,1.0,15
fasting subsample,combined comparison sample,model0_paired_combined,Model 0 paired combined sample,xgboost,2005-2006,1836,216,combined_fasting_weight,survey_weighted_PR_AUC,0.38592673558889967,0.3901079964767288,0.004181260887829108,0.031926078862183814,0.32577104127384765,0.45250963884532014,0.95,percentile,rao_wu_rescaled_bootstrap,2000,2000,1.0,15
fasting subsample,combined comparison sample,model0_paired_combined,Model 0 paired combined sample,xgboost,2005-2006,1836,216,combined_fasting_weight,weighted_Brier,0.0709180143521695,0.07069600309894972,-0.00022201125321978654,0.008699621675302019,0.05389767772668028,0.08714764576972646,0.95,percentile,rao_wu_rescaled_bootstrap,2000,2000,1.0,15
fasting subsample,combined comparison sample,model0_paired_combined,Model 0 paired combined sample,xgboost,2005-2006,1836,216,combined_fasting_weight,weighted_log_loss,0.24441736089973023,0.24390347841661553,-0.0005138824831147082,0.02710438949376481,0.1933207367088121,0.2950970848517075,0.95,percentile,rao_wu_rescaled_bootstrap,2000,2000,1.0,15
fasting subsample,combined comparison sample,model0_paired_combined,Model 0 paired combined sample,xgboost,2005-2006,1836,216,combined_fasting_weight,calibration_intercept,0.1921354460031956,0.19094768191538383,-0.0011877640878117657,0.13044403340592337,-0.06446275769948213,0.46057912586114835,0.95,percentile,rao_wu_rescaled_bootstrap,2000,2000,1.0,15
fasting subsample,combined comparison sample,model0_paired_combined,Model 0 paired combined sample,xgboost,2005-2006,1836,216,combined_fasting_weight,calibration_slope,1.0130147382868342,1.0183564565582166,0.005341718271382412,0.08159772132980977,0.8776452085693018,1.1907731894101683,0.95,percentile,rao_wu_rescaled_bootstrap,2000,2000,1.0,15
fasting subsample,combined comparison sample,model0_paired_combined,Model 0 paired combined sample,xgboost,2005-2006,1836,216,combined_fasting_weight,observed_expected_ratio,1.135144694275951,1.1299305749707023,-0.005214119305248843,0.09460009828122039,0.945377204503174,1.3053748272085375,0.95,percentile,rao_wu_rescaled_bootstrap,2000,2000,1.0,15
fasting subsample,combined comparison sample,model0_paired_combined,Model 0 paired combined sample,xgboost,2005-2006,1836,216,combined_fasting_weight,weighted_observed_prevalence,0.0951024285360095,0.09473108741892523,-0.0003713411170842701,0.011914601517209664,0.07189260913326141,0.11665446683946269,0.95,percentile,rao_wu_rescaled_bootstrap,2000,2000,1.0,15
fasting subsample,combined comparison sample,model0_paired_combined,Model 0 paired combined sample,xgboost,2005-2006,1836,216,combined_fasting_weight,weighted_mean_predicted_probability,0.08378000532933849,0.08368453939622028,-9.546593311821061e-05,0.0061316644773963935,0.0719380842976243,0.0956987414175954,0.95,percentile,rao_wu_rescaled_bootstrap,2000,2000,1.0,15
fasting subsample,combined comparison sample,model0_paired_combined,Model 0 paired combined sample,xgboost,2005-2006,1836,216,combined_fasting_weight,calibration_in_the_large,0.13919487485245563,0.13080468362710246,-0.008390191225353172,0.09342671676563032,-0.0609891138693535,0.2960031004846811,0.95,percentile,rao_wu_rescaled_bootstrap,2000,2000,1.0,15
fasting subsample,metabolic comparison sample,model0_paired_metabolic,Model 0 paired metabolic sample,xgboost,2005-2006,1836,216,combined_fasting_weight,survey_weighted_AUROC,0.8386534988237614,0.8384811869697085,-0.00017231185405286453,0.01664233216789322,0.8076515389519123,0.8715882331779083,0.95,percentile,rao_wu_rescaled_bootstrap,2000,2000,1.0,15
fasting subsample,metabolic comparison sample,model0_paired_metabolic,Model 0 paired metabolic sample,xgboost,2005-2006,1836,216,combined_fasting_weight,survey_weighted_PR_AUC,0.38592673558889967,0.3901079964767288,0.004181260887829108,0.031926078862183814,0.32577104127384765,0.45250963884532014,0.95,percentile,rao_wu_rescaled_bootstrap,2000,2000,1.0,15
fasting subsample,metabolic comparison sample,model0_paired_metabolic,Model 0 paired metabolic sample,xgboost,2005-2006,1836,216,combined_fasting_weight,weighted_Brier,0.0709180143521695,0.07069600309894972,-0.00022201125321978654,0.008699621675302019,0.05389767772668028,0.08714764576972646,0.95,percentile,rao_wu_rescaled_bootstrap,2000,2000,1.0,15
fasting subsample,metabolic comparison sample,model0_paired_metabolic,Model 0 paired metabolic sample,xgboost,2005-2006,1836,216,combined_fasting_weight,weighted_log_loss,0.24441736089973023,0.24390347841661553,-0.0005138824831147082,0.02710438949376481,0.1933207367088121,0.2950970848517075,0.95,percentile,rao_wu_rescaled_bootstrap,2000,2000,1.0,15
fasting subsample,metabolic comparison sample,model0_paired_metabolic,Model 0 paired metabolic sample,xgboost,2005-2006,1836,216,combined_fasting_weight,calibration_intercept,0.1921354460031956,0.19094768191538383,-0.0011877640878117657,0.13044403340592337,-0.06446275769948213,0.46057912586114835,0.95,percentile,rao_wu_rescaled_bootstrap,2000,2000,1.0,15
fasting subsample,metabolic comparison sample,model0_paired_metabolic,Model 0 paired metabolic sample,xgboost,2005-2006,1836,216,combined_fasting_weight,calibration_slope,1.0130147382868342,1.0183564565582166,0.005341718271382412,0.08159772132980977,0.8776452085693018,1.1907731894101683,0.95,percentile,rao_wu_rescaled_bootstrap,2000,2000,1.0,15
fasting subsample,metabolic comparison sample,model0_paired_metabolic,Model 0 paired metabolic sample,xgboost,2005-2006,1836,216,combined_fasting_weight,observed_expected_ratio,1.135144694275951,1.1299305749707023,-0.005214119305248843,0.09460009828122039,0.945377204503174,1.3053748272085375,0.95,percentile,rao_wu_rescaled_bootstrap,2000,2000,1.0,15
fasting subsample,metabolic comparison sample,model0_paired_metabolic,Model 0 paired metabolic sample,xgboost,2005-2006,1836,216,combined_fasting_weight,weighted_observed_prevalence,0.0951024285360095,0.09473108741892523,-0.0003713411170842701,0.011914601517209664,0.07189260913326141,0.11665446683946269,0.95,percentile,rao_wu_rescaled_bootstrap,2000,2000,1.0,15
fasting subsample,metabolic comparison sample,model0_paired_metabolic,Model 0 paired metabolic sample,xgboost,2005-2006,1836,216,combined_fasting_weight,weighted_mean_predicted_probability,0.08378000532933849,0.08368453939622028,-9.546593311821061e-05,0.0061316644773963935,0.0719380842976243,0.0956987414175954,0.95,percentile,rao_wu_rescaled_bootstrap,2000,2000,1.0,15
fasting subsample,metabolic comparison sample,model0_paired_metabolic,Model 0 paired metabolic sample,xgboost,2005-2006,1836,216,combined_fasting_weight,calibration_in_the_large,0.13919487485245563,0.13080468362710246,-0.008390191225353172,0.09342671676563032,-0.0609891138693535,0.2960031004846811,0.95,percentile,rao_wu_rescaled_bootstrap,2000,2000,1.0,15
MEC examination sample,renal comparison sample,model1_renal,Model 1 renal,xgboost,2005-2006,4448,533,combined_mec_weight,survey_weighted_AUROC,0.8545522947210282,0.8536855467299435,-0.0008667479910847709,0.011357600864152816,0.8303230960386135,0.8747244974725844,0.95,percentile,rao_wu_rescaled_bootstrap,2000,2000,1.0,15
MEC examination sample,renal comparison sample,model1_renal,Model 1 renal,xgboost,2005-2006,4448,533,combined_mec_weight,survey_weighted_PR_AUC,0.4284410548830162,0.42995976083508686,0.0015187059520706536,0.024600175137593723,0.38165128337493,0.47565122282707784,0.95,percentile,rao_wu_rescaled_bootstrap,2000,2000,1.0,15
MEC examination sample,renal comparison sample,model1_renal,Model 1 renal,xgboost,2005-2006,4448,533,combined_mec_weight,weighted_Brier,0.06391578179117423,0.06381107434859463,-0.00010470744257959352,0.004356871687591184,0.055555136439005434,0.07214967645505851,0.95,percentile,rao_wu_rescaled_bootstrap,2000,2000,1.0,15
MEC examination sample,renal comparison sample,model1_renal,Model 1 renal,xgboost,2005-2006,4448,533,combined_mec_weight,weighted_log_loss,0.22330008286989161,0.2231083147975952,-0.00019176807229642767,0.012688324414139042,0.19969997296292766,0.24767255358879758,0.95,percentile,rao_wu_rescaled_bootstrap,2000,2000,1.0,15
MEC examination sample,renal comparison sample,model1_renal,Model 1 renal,xgboost,2005-2006,4448,533,combined_mec_weight,calibration_intercept,0.14200625520695054,0.14018535154711673,-0.0018209036598338113,0.11168188092244102,-0.07078416867150103,0.34788607914572617,0.95,percentile,rao_wu_rescaled_bootstrap,2000,2000,1.0,15
MEC examination sample,renal comparison sample,model1_renal,Model 1 renal,xgboost,2005-2006,4448,533,combined_mec_weight,calibration_slope,1.00158780653088,1.0025464481673416,0.0009586416364615324,0.05412688820321,0.9018281245007364,1.1102799855952452,0.95,percentile,rao_wu_rescaled_bootstrap,2000,2000,1.0,15
MEC examination sample,renal comparison sample,model1_renal,Model 1 renal,xgboost,2005-2006,4448,533,combined_mec_weight,observed_expected_ratio,1.1064738969373638,1.106261307976707,-0.0002125889606567899,0.05641538678495721,1.003384161352535,1.2181293917856775,0.95,percentile,rao_wu_rescaled_bootstrap,2000,2000,1.0,15
MEC examination sample,renal comparison sample,model1_renal,Model 1 renal,xgboost,2005-2006,4448,533,combined_mec_weight,weighted_observed_prevalence,0.08958365355321198,0.08931859423883771,-0.0002650593143742608,0.0063884241692191744,0.07687501392039414,0.10124378837346713,0.95,percentile,rao_wu_rescaled_bootstrap,2000,2000,1.0,15
MEC examination sample,renal comparison sample,model1_renal,Model 1 renal,xgboost,2005-2006,4448,533,combined_mec_weight,weighted_mean_predicted_probability,0.0809631874743478,0.08083151048923783,-0.00013167698510997694,0.005614655167276966,0.07018295690520875,0.09156837267815177,0.95,percentile,rao_wu_rescaled_bootstrap,2000,2000,1.0,15
MEC examination sample,renal comparison sample,model1_renal,Model 1 renal,xgboost,2005-2006,4448,533,combined_mec_weight,calibration_in_the_large,0.11060244983494716,0.10897191143578495,-0.0016305383991622041,0.05565703777757728,0.0036853116236771027,0.21547794505212883,0.95,percentile,rao_wu_rescaled_bootstrap,2000,2000,1.0,15
fasting subsample,metabolic comparison sample,model2_metabolic,Model 2 metabolic,xgboost,2005-2006,1836,216,combined_fasting_weight,survey_weighted_AUROC,0.843134997999221,0.8429636600716085,-0.00017133792761248046,0.016085373583784774,0.8132072523615317,0.8743429559171664,0.95,percentile,rao_wu_rescaled_bootstrap,2000,2000,1.0,15
fasting subsample,metabolic comparison sample,model2_metabolic,Model 2 metabolic,xgboost,2005-2006,1836,216,combined_fasting_weight,survey_weighted_PR_AUC,0.3980301390397289,0.4014969016407169,0.0034667626009879937,0.031133395643241562,0.3389763228728124,0.4645227235075143,0.95,percentile,rao_wu_rescaled_bootstrap,2000,2000,1.0,15
fasting subsample,metabolic comparison sample,model2_metabolic,Model 2 metabolic,xgboost,2005-2006,1836,216,combined_fasting_weight,weighted_Brier,0.07052771618301551,0.07030114737724923,-0.00022656880576628347,0.008753064637154402,0.05339778497827648,0.0868620144944897,0.95,percentile,rao_wu_rescaled_bootstrap,2000,2000,1.0,15
fasting subsample,metabolic comparison sample,model2_metabolic,Model 2 metabolic,xgboost,2005-2006,1836,216,combined_fasting_weight,weighted_log_loss,0.24210581193806163,0.24157995931589407,-0.0005258526221675608,0.027064234311994274,0.19093920318747806,0.2932383809308599,0.95,percentile,rao_wu_rescaled_bootstrap,2000,2000,1.0,15
fasting subsample,metabolic comparison sample,model2_metabolic,Model 2 metabolic,xgboost,2005-2006,1836,216,combined_fasting_weight,calibration_intercept,0.13704993102813415,0.13569903954589135,-0.0013508914822427942,0.13289001981028295,-0.13354661457007438,0.39891431491419593,0.95,percentile,rao_wu_rescaled_bootstrap,2000,2000,1.0,15
fasting subsample,metabolic comparison sample,model2_metabolic,Model 2 metabolic,xgboost,2005-2006,1836,216,combined_fasting_weight,calibration_slope,0.9832916066142243,0.9889631099958108,0.005671503381586507,0.08171227904467929,0.8487459000301958,1.1567964864114575,0.95,percentile,rao_wu_rescaled_bootstrap,2000,2000,1.0,15
fasting subsample,metabolic comparison sample,model2_metabolic,Model 2 metabolic,xgboost,2005-2006,1836,216,combined_fasting_weight,observed_expected_ratio,1.131919356495209,1.1265113270744327,-0.005408029420776339,0.0934807952470686,0.9458496315822748,1.2995709088793512,0.95,percentile,rao_wu_rescaled_bootstrap,2000,2000,1.0,15
fasting subsample,metabolic comparison sample,model2_metabolic,Model 2 metabolic,xgboost,2005-2006,1836,216,combined_fasting_weight,weighted_observed_prevalence,0.0951024285360095,0.09473108741892523,-0.0003713411170842701,0.011914601517209664,0.07189260913326141,0.11665446683946269,0.95,percentile,rao_wu_rescaled_bootstrap,2000,2000,1.0,15
fasting subsample,metabolic comparison sample,model2_metabolic,Model 2 metabolic,xgboost,2005-2006,1836,216,combined_fasting_weight,weighted_mean_predicted_probability,0.08401873153797598,0.08393437610724774,-8.435543072823903e-05,0.006162886238788092,0.07223090580060491,0.09578739233840698,0.95,percentile,rao_wu_rescaled_bootstrap,2000,2000,1.0,15
fasting subsample,metabolic comparison sample,model2_metabolic,Model 2 metabolic,xgboost,2005-2006,1836,216,combined_fasting_weight,calibration_in_the_large,0.13608889599413176,0.12756087003396416,-0.008528025960167607,0.09264805093887703,-0.060042344890022185,0.29052011345524337,0.95,percentile,rao_wu_rescaled_bootstrap,2000,2000,1.0,15
MEC examination sample,inflammatory comparison sample,model3_inflammatory,Model 3 inflammatory,xgboost,2005-2006,4448,533,combined_mec_weight,survey_weighted_AUROC,0.8535838581441078,0.8529564244107956,-0.0006274337333121993,0.011048333359161628,0.8313903273166535,0.8741505782035182,0.95,percentile,rao_wu_rescaled_bootstrap,2000,2000,1.0,15
MEC examination sample,inflammatory comparison sample,model3_inflammatory,Model 3 inflammatory,xgboost,2005-2006,4448,533,combined_mec_weight,survey_weighted_PR_AUC,0.41404936556212035,0.41592031964446907,0.0018709540823487192,0.020427045661838117,0.37518947147887677,0.4540429025737863,0.95,percentile,rao_wu_rescaled_bootstrap,2000,2000,1.0,15
MEC examination sample,inflammatory comparison sample,model3_inflammatory,Model 3 inflammatory,xgboost,2005-2006,4448,533,combined_mec_weight,weighted_Brier,0.06530349155597415,0.06517364611998297,-0.00012984543599117715,0.00439837499952835,0.056921482647169036,0.07352694549493081,0.95,percentile,rao_wu_rescaled_bootstrap,2000,2000,1.0,15
MEC examination sample,inflammatory comparison sample,model3_inflammatory,Model 3 inflammatory,xgboost,2005-2006,4448,533,combined_mec_weight,weighted_log_loss,0.22584034513949472,0.22555791216530008,-0.00028243297419464075,0.012801832682567089,0.20230379314314348,0.24998289141901517,0.95,percentile,rao_wu_rescaled_bootstrap,2000,2000,1.0,15
MEC examination sample,inflammatory comparison sample,model3_inflammatory,Model 3 inflammatory,xgboost,2005-2006,4448,533,combined_mec_weight,calibration_intercept,0.37306823170858183,0.37181056398243434,-0.0012576677261474933,0.1124333334854065,0.15662448983068433,0.5828353640895695,0.95,percentile,rao_wu_rescaled_bootstrap,2000,2000,1.0,15
MEC examination sample,inflammatory comparison sample,model3_inflammatory,Model 3 inflammatory,xgboost,2005-2006,4448,533,combined_mec_weight,calibration_slope,1.1028834044043352,1.1042820270029057,0.001398622598570487,0.05540801096488356,1.000099073162545,1.2142833118565177,0.95,percentile,rao_wu_rescaled_bootstrap,2000,2000,1.0,15
MEC examination sample,inflammatory comparison sample,model3_inflammatory,Model 3 inflammatory,xgboost,2005-2006,4448,533,combined_mec_weight,observed_expected_ratio,1.1476660888244576,1.1467944762510025,-0.0008716125734551383,0.058818876350275544,1.0402768567170353,1.2627710598420432,0.95,percentile,rao_wu_rescaled_bootstrap,2000,2000,1.0,15
MEC examination sample,inflammatory comparison sample,model3_inflammatory,Model 3 inflammatory,xgboost,2005-2006,4448,533,combined_mec_weight,weighted_observed_prevalence,0.08958365355321198,0.08931859423883771,-0.0002650593143742608,0.0063884241692191744,0.07687501392039414,0.10124378837346713,0.95,percentile,rao_wu_rescaled_bootstrap,2000,2000,1.0,15
MEC examination sample,inflammatory comparison sample,model3_inflammatory,Model 3 inflammatory,xgboost,2005-2006,4448,533,combined_mec_weight,weighted_mean_predicted_probability,0.07805724541793474,0.07794388784079055,-0.00011335757714418804,0.004938775449440053,0.06865697400745581,0.08729954805846406,0.95,percentile,rao_wu_rescaled_bootstrap,2000,2000,1.0,15
MEC examination sample,inflammatory comparison sample,model3_inflammatory,Model 3 inflammatory,xgboost,2005-2006,4448,533,combined_mec_weight,calibration_in_the_large,0.15031150707153262,0.14808165143850754,-0.0022298556330250796,0.05602993537178331,0.042929147399826326,0.2539262613092328,0.95,percentile,rao_wu_rescaled_bootstrap,2000,2000,1.0,15
fasting subsample,combined comparison sample,model4_combined,Model 4 combined biomarkers,xgboost,2005-2006,1836,216,combined_fasting_weight,survey_weighted_AUROC,0.8496826741029517,0.8491425905823436,-0.0005400835206080812,0.01651667772671984,0.817320423877071,0.882069486397159,0.95,percentile,rao_wu_rescaled_bootstrap,2000,2000,1.0,15
fasting subsample,combined comparison sample,model4_combined,Model 4 combined biomarkers,xgboost,2005-2006,1836,216,combined_fasting_weight,survey_weighted_PR_AUC,0.44421297459477205,0.4479189713761921,0.003705996781420029,0.037278464110980396,0.37447326290642263,0.5167026002660455,0.95,percentile,rao_wu_rescaled_bootstrap,2000,2000,1.0,15
fasting subsample,combined comparison sample,model4_combined,Model 4 combined biomarkers,xgboost,2005-2006,1836,216,combined_fasting_weight,weighted_Brier,0.06808584418938235,0.06787335707311926,-0.0002124871162630937,0.008675602459314306,0.05072792685212449,0.08455953083391449,0.95,percentile,rao_wu_rescaled_bootstrap,2000,2000,1.0,15
fasting subsample,combined comparison sample,model4_combined,Model 4 combined biomarkers,xgboost,2005-2006,1836,216,combined_fasting_weight,weighted_log_loss,0.23576989833115117,0.23529627690232757,-0.00047362142882359515,0.026114875062291654,0.1854000641238906,0.2861239993952295,0.95,percentile,rao_wu_rescaled_bootstrap,2000,2000,1.0,15
fasting subsample,combined comparison sample,model4_combined,Model 4 combined biomarkers,xgboost,2005-2006,1836,216,combined_fasting_weight,calibration_intercept,0.21813272428590447,0.21662855771954462,-0.0015041665663598491,0.14486060155970554,-0.06419779333055911,0.49716653031342045,0.95,percentile,rao_wu_rescaled_bootstrap,2000,2000,1.0,15
fasting subsample,combined comparison sample,model4_combined,Model 4 combined biomarkers,xgboost,2005-2006,1836,216,combined_fasting_weight,calibration_slope,1.0448695087750284,1.0496862525815227,0.004816743806494328,0.08196486513244461,0.9047233637392655,1.221463200668021,0.95,percentile,rao_wu_rescaled_bootstrap,2000,2000,1.0,15
fasting subsample,combined comparison sample,model4_combined,Model 4 combined biomarkers,xgboost,2005-2006,1836,216,combined_fasting_weight,observed_expected_ratio,1.1061511087081783,1.1012119782344985,-0.004939130473679887,0.08916211653304339,0.928341000717025,1.2692378154296637,0.95,percentile,rao_wu_rescaled_bootstrap,2000,2000,1.0,15
fasting subsample,combined comparison sample,model4_combined,Model 4 combined biomarkers,xgboost,2005-2006,1836,216,combined_fasting_weight,weighted_observed_prevalence,0.0951024285360095,0.09473108741892523,-0.0003713411170842701,0.011914601517209664,0.07189260913326141,0.11665446683946269,0.95,percentile,rao_wu_rescaled_bootstrap,2000,2000,1.0,15
fasting subsample,combined comparison sample,model4_combined,Model 4 combined biomarkers,xgboost,2005-2006,1836,216,combined_fasting_weight,weighted_mean_predicted_probability,0.08597598265491516,0.08584462323612416,-0.00013135941879099944,0.006251228894450104,0.07416846923949262,0.09794222639694142,0.95,percentile,rao_wu_rescaled_bootstrap,2000,2000,1.0,15
fasting subsample,combined comparison sample,model4_combined,Model 4 combined biomarkers,xgboost,2005-2006,1836,216,combined_fasting_weight,calibration_in_the_large,0.11092161178602611,0.10292581964148269,-0.00799579214454342,0.09038335532443398,-0.08087120748820055,0.26499073349942803,0.95,percentile,rao_wu_rescaled_bootstrap,2000,2000,1.0,15
MEC examination sample,core MEC target sample,model0_core,Model 0 core clinical,xgboost,2007-2008,5649,677,combined_mec_weight,survey_weighted_AUROC,0.8613864692584586,0.8613455163703343,-4.095288812433484e-05,0.010511009653622044,0.8412491995522386,0.8801196457405571,0.95,percentile,rao_wu_rescaled_bootstrap,2000,2000,1.0,16
MEC examination sample,core MEC target sample,model0_core,Model 0 core clinical,xgboost,2007-2008,5649,677,combined_mec_weight,survey_weighted_PR_AUC,0.4040370238704779,0.405545764776376,0.0015087409058980872,0.024425376074688865,0.3590211131225055,0.45236968467868516,0.95,percentile,rao_wu_rescaled_bootstrap,2000,2000,1.0,16
MEC examination sample,core MEC target sample,model0_core,Model 0 core clinical,xgboost,2007-2008,5649,677,combined_mec_weight,weighted_Brier,0.06285368747218537,0.06283433264411564,-1.9354828069723107e-05,0.003927452281588075,0.05538777042926365,0.07065111914736893,0.95,percentile,rao_wu_rescaled_bootstrap,2000,2000,1.0,16
MEC examination sample,core MEC target sample,model0_core,Model 0 core clinical,xgboost,2007-2008,5649,677,combined_mec_weight,weighted_log_loss,0.21665275929209973,0.216518245776262,-0.0001345135158377364,0.010868125055846502,0.19621823464745058,0.2378252045335004,0.95,percentile,rao_wu_rescaled_bootstrap,2000,2000,1.0,16
MEC examination sample,core MEC target sample,model0_core,Model 0 core clinical,xgboost,2007-2008,5649,677,combined_mec_weight,calibration_intercept,0.221208351089792,0.2203500114445778,-0.0008583396452142011,0.09250141365257293,0.04242702135195014,0.38623396769634927,0.95,percentile,rao_wu_rescaled_bootstrap,2000,2000,1.0,16
MEC examination sample,core MEC target sample,model0_core,Model 0 core clinical,xgboost,2007-2008,5649,677,combined_mec_weight,calibration_slope,1.1048125532757327,1.1059755566462353,0.0011630033705025689,0.043133355554804825,1.0273592189335534,1.1894589867050251,0.95,percentile,rao_wu_rescaled_bootstrap,2000,2000,1.0,16
MEC examination sample,core MEC target sample,model0_core,Model 0 core clinical,xgboost,2007-2008,5649,677,combined_mec_weight,observed_expected_ratio,1.0312421764092656,1.030789296895608,-0.00045287951365757806,0.05210230103557586,0.9330642652003444,1.1327547430618057,0.95,percentile,rao_wu_rescaled_bootstrap,2000,2000,1.0,16
MEC examination sample,core MEC target sample,model0_core,Model 0 core clinical,xgboost,2007-2008,5649,677,combined_mec_weight,weighted_observed_prevalence,0.08628613626099399,0.08630637308156242,2.0236820568425573e-05,0.006538733782434596,0.07394607865081212,0.09872876983422232,0.95,percentile,rao_wu_rescaled_bootstrap,2000,2000,1.0,16
MEC examination sample,core MEC target sample,model0_core,Model 0 core clinical,xgboost,2007-2008,5649,677,combined_mec_weight,weighted_mean_predicted_probability,0.08367203963809748,0.08365922490670548,-1.2814731392002399e-05,0.0033039592193055507,0.07735105236559014,0.09015731989728264,0.95,percentile,rao_wu_rescaled_bootstrap,2000,2000,1.0,16
MEC examination sample,core MEC target sample,model0_core,Model 0 core clinical,xgboost,2007-2008,5649,677,combined_mec_weight,calibration_in_the_large,0.033620944975790046,0.03195475884360538,-0.001666186132184666,0.05551634400756019,-0.07527056950845279,0.1368169620182386,0.95,percentile,rao_wu_rescaled_bootstrap,2000,2000,1.0,16
fasting subsample,combined comparison sample,model0_paired_combined,Model 0 paired combined sample,xgboost,2007-2008,2337,288,combined_fasting_weight,survey_weighted_AUROC,0.865223082101591,0.8654064864524441,0.00018340435085306694,0.015332184712243117,0.8345706961451388,0.8935510755866137,0.95,percentile,rao_wu_rescaled_bootstrap,2000,2000,1.0,16
fasting subsample,combined comparison sample,model0_paired_combined,Model 0 paired combined sample,xgboost,2007-2008,2337,288,combined_fasting_weight,survey_weighted_PR_AUC,0.4046427314965532,0.40783226520314086,0.003189533706587644,0.03745156015468026,0.3364551451082143,0.47899468541803375,0.95,percentile,rao_wu_rescaled_bootstrap,2000,2000,1.0,16
fasting subsample,combined comparison sample,model0_paired_combined,Model 0 paired combined sample,xgboost,2007-2008,2337,288,combined_fasting_weight,weighted_Brier,0.0647036719511072,0.06472800543844906,2.4333487341862692e-05,0.005168088244205711,0.05467736409067272,0.07455989523161234,0.95,percentile,rao_wu_rescaled_bootstrap,2000,2000,1.0,16
fasting subsample,combined comparison sample,model0_paired_combined,Model 0 paired combined sample,xgboost,2007-2008,2337,288,combined_fasting_weight,weighted_log_loss,0.22111962929276546,0.22107168313297104,-4.794615979442085e-05,0.01457774061831236,0.19265893655366917,0.24934398797310303,0.95,percentile,rao_wu_rescaled_bootstrap,2000,2000,1.0,16
fasting subsample,combined comparison sample,model0_paired_combined,Model 0 paired combined sample,xgboost,2007-2008,2337,288,combined_fasting_weight,calibration_intercept,0.19575978196880822,0.201053364642406,0.00529358267359778,0.14949100487019132,-0.08103032490489884,0.483677894750729,0.95,percentile,rao_wu_rescaled_bootstrap,2000,2000,1.0,16
fasting subsample,combined comparison sample,model0_paired_combined,Model 0 paired combined sample,xgboost,2007-2008,2337,288,combined_fasting_weight,calibration_slope,1.0888872184926521,1.0936411742450896,0.004753955752437422,0.05943742775407751,0.9835725330596504,1.210853572852066,0.95,percentile,rao_wu_rescaled_bootstrap,2000,2000,1.0,16
fasting subsample,combined comparison sample,model0_paired_combined,Model 0 paired combined sample,xgboost,2007-2008,2337,288,combined_fasting_weight,observed_expected_ratio,1.032751346504233,1.034601654515561,0.0018503080113279058,0.0803382249575568,0.881656143527589,1.1876420815790625,0.95,percentile,rao_wu_rescaled_bootstrap,2000,2000,1.0,16
fasting subsample,combined comparison sample,model0_paired_combined,Model 0 paired combined sample,xgboost,2007-2008,2337,288,combined_fasting_weight,weighted_observed_prevalence,0.08956343919074475,0.08979173493075729,0.00022829574001254072,0.008880771691328318,0.07336885522450454,0.10630162695767582,0.95,percentile,rao_wu_rescaled_bootstrap,2000,2000,1.0,16
fasting subsample,combined comparison sample,model0_paired_combined,Model 0 paired combined sample,xgboost,2007-2008,2337,288,combined_fasting_weight,weighted_mean_predicted_probability,0.08672313959590432,0.0867654725741703,4.233297826598814e-05,0.004966646430410737,0.07713805770021524,0.0965863620688633,0.95,percentile,rao_wu_rescaled_bootstrap,2000,2000,1.0,16
fasting subsample,combined comparison sample,model0_paired_combined,Model 0 paired combined sample,xgboost,2007-2008,2337,288,combined_fasting_weight,calibration_in_the_large,0.03534130659967438,0.03434159590119738,-0.0009997106984769993,0.08557174346909827,-0.13712112036260657,0.19019130207064014,0.95,percentile,rao_wu_rescaled_bootstrap,2000,2000,1.0,16
fasting subsample,metabolic comparison sample,model0_paired_metabolic,Model 0 paired metabolic sample,xgboost,2007-2008,2337,288,combined_fasting_weight,survey_weighted_AUROC,0.865223082101591,0.8654064864524441,0.00018340435085306694,0.015332184712243117,0.8345706961451388,0.8935510755866137,0.95,percentile,rao_wu_rescaled_bootstrap,2000,2000,1.0,16
fasting subsample,metabolic comparison sample,model0_paired_metabolic,Model 0 paired metabolic sample,xgboost,2007-2008,2337,288,combined_fasting_weight,survey_weighted_PR_AUC,0.4046427314965532,0.40783226520314086,0.003189533706587644,0.03745156015468026,0.3364551451082143,0.47899468541803375,0.95,percentile,rao_wu_rescaled_bootstrap,2000,2000,1.0,16
fasting subsample,metabolic comparison sample,model0_paired_metabolic,Model 0 paired metabolic sample,xgboost,2007-2008,2337,288,combined_fasting_weight,weighted_Brier,0.0647036719511072,0.06472800543844906,2.4333487341862692e-05,0.005168088244205711,0.05467736409067272,0.07455989523161234,0.95,percentile,rao_wu_rescaled_bootstrap,2000,2000,1.0,16
fasting subsample,metabolic comparison sample,model0_paired_metabolic,Model 0 paired metabolic sample,xgboost,2007-2008,2337,288,combined_fasting_weight,weighted_log_loss,0.22111962929276546,0.22107168313297104,-4.794615979442085e-05,0.01457774061831236,0.19265893655366917,0.24934398797310303,0.95,percentile,rao_wu_rescaled_bootstrap,2000,2000,1.0,16
fasting subsample,metabolic comparison sample,model0_paired_metabolic,Model 0 paired metabolic sample,xgboost,2007-2008,2337,288,combined_fasting_weight,calibration_intercept,0.19575978196880822,0.201053364642406,0.00529358267359778,0.14949100487019132,-0.08103032490489884,0.483677894750729,0.95,percentile,rao_wu_rescaled_bootstrap,2000,2000,1.0,16
fasting subsample,metabolic comparison sample,model0_paired_metabolic,Model 0 paired metabolic sample,xgboost,2007-2008,2337,288,combined_fasting_weight,calibration_slope,1.0888872184926521,1.0936411742450896,0.004753955752437422,0.05943742775407751,0.9835725330596504,1.210853572852066,0.95,percentile,rao_wu_rescaled_bootstrap,2000,2000,1.0,16
fasting subsample,metabolic comparison sample,model0_paired_metabolic,Model 0 paired metabolic sample,xgboost,2007-2008,2337,288,combined_fasting_weight,observed_expected_ratio,1.032751346504233,1.034601654515561,0.0018503080113279058,0.0803382249575568,0.881656143527589,1.1876420815790625,0.95,percentile,rao_wu_rescaled_bootstrap,2000,2000,1.0,16
fasting subsample,metabolic comparison sample,model0_paired_metabolic,Model 0 paired metabolic sample,xgboost,2007-2008,2337,288,combined_fasting_weight,weighted_observed_prevalence,0.08956343919074475,0.08979173493075729,0.00022829574001254072,0.008880771691328318,0.07336885522450454,0.10630162695767582,0.95,percentile,rao_wu_rescaled_bootstrap,2000,2000,1.0,16
fasting subsample,metabolic comparison sample,model0_paired_metabolic,Model 0 paired metabolic sample,xgboost,2007-2008,2337,288,combined_fasting_weight,weighted_mean_predicted_probability,0.08672313959590432,0.0867654725741703,4.233297826598814e-05,0.004966646430410737,0.07713805770021524,0.0965863620688633,0.95,percentile,rao_wu_rescaled_bootstrap,2000,2000,1.0,16
fasting subsample,metabolic comparison sample,model0_paired_metabolic,Model 0 paired metabolic sample,xgboost,2007-2008,2337,288,combined_fasting_weight,calibration_in_the_large,0.03534130659967438,0.03434159590119738,-0.0009997106984769993,0.08557174346909827,-0.13712112036260657,0.19019130207064014,0.95,percentile,rao_wu_rescaled_bootstrap,2000,2000,1.0,16
MEC examination sample,renal comparison sample,model1_renal,Model 1 renal,xgboost,2007-2008,5649,677,combined_mec_weight,survey_weighted_AUROC,0.8630897335726683,0.8631773639746071,8.763040193882077e-05,0.010362469121224235,0.8430951645478324,0.8816064925284148,0.95,percentile,rao_wu_rescaled_bootstrap,2000,2000,1.0,16
MEC examination sample,renal comparison sample,model1_renal,Model 1 renal,xgboost,2007-2008,5649,677,combined_mec_weight,survey_weighted_PR_AUC,0.4246328299297537,0.4259719620540924,0.0013391321243386711,0.022040416268888786,0.38278280680268045,0.4668896965835702,0.95,percentile,rao_wu_rescaled_bootstrap,2000,2000,1.0,16
MEC examination sample,renal comparison sample,model1_renal,Model 1 renal,xgboost,2007-2008,5649,677,combined_mec_weight,weighted_Brier,0.06197057025953101,0.061930355526174596,-4.021473335641401e-05,0.004065678228350439,0.054229952651076344,0.06993507849492699,0.95,percentile,rao_wu_rescaled_bootstrap,2000,2000,1.0,16
MEC examination sample,renal comparison sample,model1_renal,Model 1 renal,xgboost,2007-2008,5649,677,combined_mec_weight,weighted_log_loss,0.21470765991597052,0.214534682832918,-0.0001729770830525279,0.011465055068880159,0.19288775015239806,0.2370156470434417,0.95,percentile,rao_wu_rescaled_bootstrap,2000,2000,1.0,16
MEC examination sample,renal comparison sample,model1_renal,Model 1 renal,xgboost,2007-2008,5649,677,combined_mec_weight,calibration_intercept,0.22549470716651135,0.22702781943884617,0.0015331122723348245,0.0873986568481282,0.05950128740664751,0.380683017619893,0.95,percentile,rao_wu_rescaled_bootstrap,2000,2000,1.0,16
MEC examination sample,renal comparison sample,model1_renal,Model 1 renal,xgboost,2007-2008,5649,677,combined_mec_weight,calibration_slope,1.1037839752213279,1.1063642201167896,0.002580244895461714,0.04552999899798634,1.0250766541377823,1.193335302388633,0.95,percentile,rao_wu_rescaled_bootstrap,2000,2000,1.0,16
MEC examination sample,renal comparison sample,model1_renal,Model 1 renal,xgboost,2007-2008,5649,677,combined_mec_weight,observed_expected_ratio,1.034656134331949,1.03424370752522,-0.0004124268067289272,0.05467590103579739,0.9303428316636174,1.141720423577886,0.95,percentile,rao_wu_rescaled_bootstrap,2000,2000,1.0,16
MEC examination sample,renal comparison sample,model1_renal,Model 1 renal,xgboost,2007-2008,5649,677,combined_mec_weight,weighted_observed_prevalence,0.08628613626099399,0.08630637308156242,2.0236820568425573e-05,0.006538733782434596,0.07394607865081212,0.09872876983422232,0.95,percentile,rao_wu_rescaled_bootstrap,2000,2000,1.0,16
MEC examination sample,renal comparison sample,model1_renal,Model 1 renal,xgboost,2007-2008,5649,677,combined_mec_weight,weighted_mean_predicted_probability,0.08339595484707268,0.08338523242253962,-1.0722424533066155e-05,0.0031753190055954015,0.07742682084729048,0.08960100119094594,0.95,percentile,rao_wu_rescaled_bootstrap,2000,2000,1.0,16
MEC examination sample,renal comparison sample,model1_renal,Model 1 renal,xgboost,2007-2008,5649,677,combined_mec_weight,calibration_in_the_large,0.037227256359864125,0.03547941401089659,-0.0017478423489675349,0.058063424688925426,-0.07814484087758392,0.14633168275186054,0.95,percentile,rao_wu_rescaled_bootstrap,2000,2000,1.0,16
fasting subsample,metabolic comparison sample,model2_metabolic,Model 2 metabolic,xgboost,2007-2008,2337,288,combined_fasting_weight,survey_weighted_AUROC,0.8696837566122138,0.8697053990657116,2.1642453497894287e-05,0.015007622040459193,0.8400180806751048,0.8971428595260762,0.95,percentile,rao_wu_rescaled_bootstrap,2000,2000,1.0,16
fasting subsample,metabolic comparison sample,model2_metabolic,Model 2 metabolic,xgboost,2007-2008,2337,288,combined_fasting_weight,survey_weighted_PR_AUC,0.4022899250940815,0.4074223083642977,0.005132383270216201,0.03715389088557664,0.3363846420785779,0.47889249920188,0.95,percentile,rao_wu_rescaled_bootstrap,2000,2000,1.0,16
fasting subsample,metabolic comparison sample,model2_metabolic,Model 2 metabolic,xgboost,2007-2008,2337,288,combined_fasting_weight,weighted_Brier,0.06461000736289718,0.0646264550967838,1.6447733886620908e-05,0.005097391121251495,0.054777479906529515,0.07432589914539997,0.95,percentile,rao_wu_rescaled_bootstrap,2000,2000,1.0,16
fasting subsample,metabolic comparison sample,model2_metabolic,Model 2 metabolic,xgboost,2007-2008,2337,288,combined_fasting_weight,weighted_log_loss,0.21964594773990115,0.21959346565629626,-5.248208360489337e-05,0.01420952142256275,0.1919616773167457,0.2470438963340795,0.95,percentile,rao_wu_rescaled_bootstrap,2000,2000,1.0,16
fasting subsample,metabolic comparison sample,model2_metabolic,Model 2 metabolic,xgboost,2007-2008,2337,288,combined_fasting_weight,calibration_intercept,0.23579598924094888,0.24120502374129393,0.00540903450034505,0.15249748009627503,-0.04321120668980085,0.5226292759602397,0.95,percentile,rao_wu_rescaled_bootstrap,2000,2000,1.0,16
fasting subsample,metabolic comparison sample,model2_metabolic,Model 2 metabolic,xgboost,2007-2008,2337,288,combined_fasting_weight,calibration_slope,1.1096677934023786,1.1145423679171673,0.0048745745147886765,0.059731579421360564,1.0045776365484334,1.2281606482270118,0.95,percentile,rao_wu_rescaled_bootstrap,2000,2000,1.0,16
fasting subsample,metabolic comparison sample,model2_metabolic,Model 2 metabolic,xgboost,2007-2008,2337,288,combined_fasting_weight,observed_expected_ratio,1.0362610978305615,1.038137262869228,0.0018761650386664996,0.08007513931248925,0.8857333271260643,1.1887356227099917,0.95,percentile,rao_wu_rescaled_bootstrap,2000,2000,1.0,16
fasting subsample,metabolic comparison sample,model2_metabolic,Model 2 metabolic,xgboost,2007-2008,2337,288,combined_fasting_weight,weighted_observed_prevalence,0.08956343919074475,0.08979173493075729,0.00022829574001254072,0.008880771691328318,0.07336885522450454,0.10630162695767582,0.95,percentile,rao_wu_rescaled_bootstrap,2000,2000,1.0,16
fasting subsample,metabolic comparison sample,model2_metabolic,Model 2 metabolic,xgboost,2007-2008,2337,288,combined_fasting_weight,weighted_mean_predicted_probability,0.0864294137628519,0.08646372640346014,3.4312640608241685e-05,0.0048976209409634,0.07706878012123841,0.09594481642492374,0.95,percentile,rao_wu_rescaled_bootstrap,2000,2000,1.0,16
fasting subsample,metabolic comparison sample,model2_metabolic,Model 2 metabolic,xgboost,2007-2008,2337,288,combined_fasting_weight,calibration_in_the_large,0.03905555832422625,0.03812177842607552,-0.00093377989815073,0.08505454371087323,-0.13202646656790493,0.19074041222625923,0.95,percentile,rao_wu_rescaled_bootstrap,2000,2000,1.0,16
MEC examination sample,inflammatory comparison sample,model3_inflammatory,Model 3 inflammatory,xgboost,2007-2008,5649,677,combined_mec_weight,survey_weighted_AUROC,0.8611452532260515,0.8611557988413836,1.0545615332091529e-05,0.010803003657336028,0.840751709660037,0.8804348393379644,0.95,percentile,rao_wu_rescaled_bootstrap,2000,2000,1.0,16
MEC examination sample,inflammatory comparison sample,model3_inflammatory,Model 3 inflammatory,xgboost,2007-2008,5649,677,combined_mec_weight,survey_weighted_PR_AUC,0.4129318151573702,0.4141129203400403,0.0011811051826701169,0.02448748260894595,0.3673784877287847,0.45933720331906414,0.95,percentile,rao_wu_rescaled_bootstrap,2000,2000,1.0,16
MEC examination sample,inflammatory comparison sample,model3_inflammatory,Model 3 inflammatory,xgboost,2007-2008,5649,677,combined_mec_weight,weighted_Brier,0.06267696262074492,0.06265269060658046,-2.4272014164453126e-05,0.003929358637233288,0.05529973826217412,0.07044547234514928,0.95,percentile,rao_wu_rescaled_bootstrap,2000,2000,1.0,16
MEC examination sample,inflammatory comparison sample,model3_inflammatory,Model 3 inflammatory,xgboost,2007-2008,5649,677,combined_mec_weight,weighted_log_loss,0.2164657462206581,0.21630933371339356,-0.0001564125072645306,0.010870075352113161,0.1958514832731334,0.23751594165761547,0.95,percentile,rao_wu_rescaled_bootstrap,2000,2000,1.0,16
MEC examination sample,inflammatory comparison sample,model3_inflammatory,Model 3 inflammatory,xgboost,2007-2008,5649,677,combined_mec_weight,calibration_intercept,0.24338811980647787,0.24299934248331742,-0.00038877732316044966,0.09666662042523838,0.05503244448106552,0.4131117983603559,0.95,percentile,rao_wu_rescaled_bootstrap,2000,2000,1.0,16
MEC examination sample,inflammatory comparison sample,model3_inflammatory,Model 3 inflammatory,xgboost,2007-2008,5649,677,combined_mec_weight,calibration_slope,1.109888576701425,1.111296721988442,0.0014081452870169375,0.04419000451072715,1.031987109718035,1.1994159093429637,0.95,percentile,rao_wu_rescaled_bootstrap,2000,2000,1.0,16
MEC examination sample,inflammatory comparison sample,model3_inflammatory,Model 3 inflammatory,xgboost,2007-2008,5649,677,combined_mec_weight,observed_expected_ratio,1.0400719525507438,1.0397022662050266,-0.0003696863457172128,0.052700357175257374,0.9398405116500977,1.1440869960512963,0.95,percentile,rao_wu_rescaled_bootstrap,2000,2000,1.0,16
MEC examination sample,inflammatory comparison sample,model3_inflammatory,Model 3 inflammatory,xgboost,2007-2008,5649,677,combined_mec_weight,weighted_observed_prevalence,0.08628613626099399,0.08630637308156242,2.0236820568425573e-05,0.006538733782434596,0.07394607865081212,0.09872876983422232,0.95,percentile,rao_wu_rescaled_bootstrap,2000,2000,1.0,16
MEC examination sample,inflammatory comparison sample,model3_inflammatory,Model 3 inflammatory,xgboost,2007-2008,5649,677,combined_mec_weight,weighted_mean_predicted_probability,0.08296169899532427,0.0829436757411724,-1.8023254151872115e-05,0.00330190751030942,0.07668414218699525,0.08934774867032685,0.95,percentile,rao_wu_rescaled_bootstrap,2000,2000,1.0,16
MEC examination sample,inflammatory comparison sample,model3_inflammatory,Model 3 inflammatory,xgboost,2007-2008,5649,677,combined_mec_weight,calibration_in_the_large,0.042921671940868045,0.04133795047174347,-0.0015837214691245757,0.0556767872615525,-0.06730081973829996,0.1483970945433095,0.95,percentile,rao_wu_rescaled_bootstrap,2000,2000,1.0,16
fasting subsample,combined comparison sample,model4_combined,Model 4 combined biomarkers,xgboost,2007-2008,2337,288,combined_fasting_weight,survey_weighted_AUROC,0.8726525292995276,0.8737951203210856,0.0011425910215580037,0.013770912933263567,0.8468755213980528,0.8999302301030296,0.95,percentile,rao_wu_rescaled_bootstrap,2000,2000,1.0,16
fasting subsample,combined comparison sample,model4_combined,Model 4 combined biomarkers,xgboost,2007-2008,2337,288,combined_fasting_weight,survey_weighted_PR_AUC,0.4294802535897606,0.4365037775889633,0.0070235239992026965,0.03635145796554142,0.3677401170511528,0.5069851254393908,0.95,percentile,rao_wu_rescaled_bootstrap,2000,2000,1.0,16
fasting subsample,combined comparison sample,model4_combined,Model 4 combined biomarkers,xgboost,2007-2008,2337,288,combined_fasting_weight,weighted_Brier,0.06330316452922506,0.0632884120912476,-1.4752437977466615e-05,0.005772734029707103,0.05227841576471192,0.07432659353017702,0.95,percentile,rao_wu_rescaled_bootstrap,2000,2000,1.0,16
fasting subsample,combined comparison sample,model4_combined,Model 4 combined biomarkers,xgboost,2007-2008,2337,288,combined_fasting_weight,weighted_log_loss,0.2163044154231374,0.21614009251707592,-0.00016432290606149813,0.01652253494885233,0.18384401541247483,0.24756224278289796,0.95,percentile,rao_wu_rescaled_bootstrap,2000,2000,1.0,16
fasting subsample,combined comparison sample,model4_combined,Model 4 combined biomarkers,xgboost,2007-2008,2337,288,combined_fasting_weight,calibration_intercept,0.25275110669628537,0.2674158215566639,0.014664714860378514,0.1379830188420752,0.0017687713979154176,0.538041237290837,0.95,percentile,rao_wu_rescaled_bootstrap,2000,2000,1.0,16
fasting subsample,combined comparison sample,model4_combined,Model 4 combined biomarkers,xgboost,2007-2008,2337,288,combined_fasting_weight,calibration_slope,1.1068823233672442,1.1172294135396286,0.010347090172384332,0.07392945159700196,0.9917439528970173,1.280527297854166,0.95,percentile,rao_wu_rescaled_bootstrap,2000,2000,1.0,16
fasting subsample,combined comparison sample,model4_combined,Model 4 combined biomarkers,xgboost,2007-2008,2337,288,combined_fasting_weight,observed_expected_ratio,1.051467333897291,1.053983455255,0.002516121357708956,0.08637084539899012,0.8912147994724066,1.2216123316330363,0.95,percentile,rao_wu_rescaled_bootstrap,2000,2000,1.0,16
fasting subsample,combined comparison sample,model4_combined,Model 4 combined biomarkers,xgboost,2007-2008,2337,288,combined_fasting_weight,weighted_observed_prevalence,0.08956343919074475,0.08979173493075729,0.00022829574001254072,0.008880771691328318,0.07336885522450454,0.10630162695767582,0.95,percentile,rao_wu_rescaled_bootstrap,2000,2000,1.0,16
fasting subsample,combined comparison sample,model4_combined,Model 4 combined biomarkers,xgboost,2007-2008,2337,288,combined_fasting_weight,weighted_mean_predicted_probability,0.08517947852813984,0.08517575920603285,-3.719322106993106e-06,0.004451078309524242,0.07660283205305748,0.0937689471571729,0.95,percentile,rao_wu_rescaled_bootstrap,2000,2000,1.0,16
fasting subsample,combined comparison sample,model4_combined,Model 4 combined biomarkers,xgboost,2007-2008,2337,288,combined_fasting_weight,calibration_in_the_large,0.05499032249592162,0.05430143741461106,-0.0006888850813105557,0.0902853668705366,-0.12512270616567991,0.22110486227284248,0.95,percentile,rao_wu_rescaled_bootstrap,2000,2000,1.0,16
MEC examination sample,core MEC target sample,model0_core,Model 0 core clinical,xgboost,2009-2010,5990,646,combined_mec_weight,survey_weighted_AUROC,0.8498723289696876,0.849667867951548,-0.00020446101813953454,0.004064481405611661,0.8417604359590404,0.8574537138353076,0.95,percentile,rao_wu_rescaled_bootstrap,2000,2000,1.0,16
MEC examination sample,core MEC target sample,model0_core,Model 0 core clinical,xgboost,2009-2010,5990,646,combined_mec_weight,survey_weighted_PR_AUC,0.35437512387999015,0.3567307652609387,0.00235564138094857,0.0201164318675663,0.31603575589265887,0.39425560409677063,0.95,percentile,rao_wu_rescaled_bootstrap,2000,2000,1.0,16
MEC examination sample,core MEC target sample,model0_core,Model 0 core clinical,xgboost,2009-2010,5990,646,combined_mec_weight,weighted_Brier,0.061670588002342396,0.061713625214614626,4.3037212272230285e-05,0.003580256182553435,0.05491348605892508,0.06848590494102519,0.95,percentile,rao_wu_rescaled_bootstrap,2000,2000,1.0,16
MEC examination sample,core MEC target sample,model0_core,Model 0 core clinical,xgboost,2009-2010,5990,646,combined_mec_weight,weighted_log_loss,0.21459219559243364,0.21470876850087198,0.00011657290843833379,0.010186940040781153,0.19527839375836728,0.2339979681825148,0.95,percentile,rao_wu_rescaled_bootstrap,2000,2000,1.0,16
MEC examination sample,core MEC target sample,model0_core,Model 0 core clinical,xgboost,2009-2010,5990,646,combined_mec_weight,calibration_intercept,-0.043858445971230654,-0.0463457157542022,-0.002487269782971549,0.0743887772495841,-0.19840521247250048,0.08953996253123932,0.95,percentile,rao_wu_rescaled_bootstrap,2000,2000,1.0,16
MEC examination sample,core MEC target sample,model0_core,Model 0 core clinical,xgboost,2009-2010,5990,646,combined_mec_weight,calibration_slope,1.0171474202076225,1.016780580760196,-0.00036683944742654795,0.01909164628751209,0.9806435811435723,1.0535605885949466,0.95,percentile,rao_wu_rescaled_bootstrap,2000,2000,1.0,16
MEC examination sample,core MEC target sample,model0_core,Model 0 core clinical,xgboost,2009-2010,5990,646,combined_mec_weight,observed_expected_ratio,0.9466312870782138,0.9463812777594466,-0.0002500093187671748,0.04722596696631844,0.85277208256197,1.0367303904458736,0.95,percentile,rao_wu_rescaled_bootstrap,2000,2000,1.0,16
MEC examination sample,core MEC target sample,model0_core,Model 0 core clinical,xgboost,2009-2010,5990,646,combined_mec_weight,weighted_observed_prevalence,0.08107495355801893,0.08112836676057841,5.341320255948523e-05,0.006063727875346155,0.06989922250619192,0.09234681563241956,0.95,percentile,rao_wu_rescaled_bootstrap,2000,2000,1.0,16
MEC examination sample,core MEC target sample,model0_core,Model 0 core clinical,xgboost,2009-2010,5990,646,combined_mec_weight,weighted_mean_predicted_probability,0.08564575739753703,0.0856510059190796,5.248521542572382e-06,0.003203811609344071,0.07944551810773869,0.09139474697282773,0.95,percentile,rao_wu_rescaled_bootstrap,2000,2000,1.0,16
MEC examination sample,core MEC target sample,model0_core,Model 0 core clinical,xgboost,2009-2010,5990,646,combined_mec_weight,calibration_in_the_large,-0.05983209878671314,-0.061278108005511686,-0.0014460092187985468,0.054368324526132064,-0.17263239289007357,0.03971570071312962,0.95,percentile,rao_wu_rescaled_bootstrap,2000,2000,1.0,16
fasting subsample,combined comparison sample,model0_paired_combined,Model 0 paired combined sample,xgboost,2009-2010,2594,273,combined_fasting_weight,survey_weighted_AUROC,0.836571286629658,0.8366393791408715,6.809251121353554e-05,0.005831739900732359,0.8250540873835968,0.8475415858990398,0.95,percentile,rao_wu_rescaled_bootstrap,2000,2000,1.0,16
fasting subsample,combined comparison sample,model0_paired_combined,Model 0 paired combined sample,xgboost,2009-2010,2594,273,combined_fasting_weight,survey_weighted_PR_AUC,0.37785759010759007,0.3792113339245774,0.0013537438169873295,0.02778302319363165,0.3275629967946812,0.42805056136481023,0.95,percentile,rao_wu_rescaled_bootstrap,2000,2000,1.0,16
fasting subsample,combined comparison sample,model0_paired_combined,Model 0 paired combined sample,xgboost,2009-2010,2594,273,combined_fasting_weight,weighted_Brier,0.061627965223677035,0.06157496808150981,-5.299714216722845e-05,0.003351109411609788,0.05497936408552951,0.06801735897208325,0.95,percentile,rao_wu_rescaled_bootstrap,2000,2000,1.0,16
fasting subsample,combined comparison sample,model0_paired_combined,Model 0 paired combined sample,xgboost,2009-2010,2594,273,combined_fasting_weight,weighted_log_loss,0.21850326794533567,0.2183355369049454,-0.00016773104039027875,0.009499801757001464,0.1997625390332584,0.23662331322183427,0.95,percentile,rao_wu_rescaled_bootstrap,2000,2000,1.0,16
fasting subsample,combined comparison sample,model0_paired_combined,Model 0 paired combined sample,xgboost,2009-2010,2594,273,combined_fasting_weight,calibration_intercept,-0.07402577699473324,-0.07636706682596917,-0.0023412898312359237,0.09239188903322157,-0.2633741541788099,0.09602006310824707,0.95,percentile,rao_wu_rescaled_bootstrap,2000,2000,1.0,16
fasting subsample,combined comparison sample,model0_paired_combined,Model 0 paired combined sample,xgboost,2009-2010,2594,273,combined_fasting_weight,calibration_slope,1.005044232841052,1.006132583587597,0.0010883507465448972,0.03090393002081232,0.9453751979363173,1.0655540188769694,0.95,percentile,rao_wu_rescaled_bootstrap,2000,2000,1.0,16
fasting subsample,combined comparison sample,model0_paired_combined,Model 0 paired combined sample,xgboost,2009-2010,2594,273,combined_fasting_weight,observed_expected_ratio,0.9394274063096976,0.937712710456195,-0.0017146958535025902,0.05017660861320434,0.8404873850833032,1.0315313926984664,0.95,percentile,rao_wu_rescaled_bootstrap,2000,2000,1.0,16
fasting subsample,combined comparison sample,model0_paired_combined,Model 0 paired combined sample,xgboost,2009-2010,2594,273,combined_fasting_weight,weighted_observed_prevalence,0.08151876177433258,0.08143830200953316,-8.045976479942318e-05,0.005277163837074895,0.07079854094797224,0.09136099678550182,0.95,percentile,rao_wu_rescaled_bootstrap,2000,2000,1.0,16
fasting subsample,combined comparison sample,model0_paired_combined,Model 0 paired combined sample,xgboost,2009-2010,2594,273,combined_fasting_weight,weighted_mean_predicted_probability,0.08677494527710063,0.08684503481165202,7.008953455139855e-05,0.0031045654323132027,0.08053322474466118,0.09252351461816223,0.95,percentile,rao_wu_rescaled_bootstrap,2000,2000,1.0,16
fasting subsample,combined comparison sample,model0_paired_combined,Model 0 paired combined sample,xgboost,2009-2010,2594,273,combined_fasting_weight,calibration_in_the_large,-0.06822385899084837,-0.07164736905127281,-0.003423510060424434,0.058588561314409704,-0.18838318706910612,0.03411360435373594,0.95,percentile,rao_wu_rescaled_bootstrap,2000,2000,1.0,16
fasting subsample,metabolic comparison sample,model0_paired_metabolic,Model 0 paired metabolic sample,xgboost,2009-2010,2594,273,combined_fasting_weight,survey_weighted_AUROC,0.836571286629658,0.8366393791408715,6.809251121353554e-05,0.005831739900732359,0.8250540873835968,0.8475415858990398,0.95,percentile,rao_wu_rescaled_bootstrap,2000,2000,1.0,16
fasting subsample,metabolic comparison sample,model0_paired_metabolic,Model 0 paired metabolic sample,xgboost,2009-2010,2594,273,combined_fasting_weight,survey_weighted_PR_AUC,0.37785759010759007,0.3792113339245774,0.0013537438169873295,0.02778302319363165,0.3275629967946812,0.42805056136481023,0.95,percentile,rao_wu_rescaled_bootstrap,2000,2000,1.0,16
fasting subsample,metabolic comparison sample,model0_paired_metabolic,Model 0 paired metabolic sample,xgboost,2009-2010,2594,273,combined_fasting_weight,weighted_Brier,0.061627965223677035,0.06157496808150981,-5.299714216722845e-05,0.003351109411609788,0.05497936408552951,0.06801735897208325,0.95,percentile,rao_wu_rescaled_bootstrap,2000,2000,1.0,16
fasting subsample,metabolic comparison sample,model0_paired_metabolic,Model 0 paired metabolic sample,xgboost,2009-2010,2594,273,combined_fasting_weight,weighted_log_loss,0.21850326794533567,0.2183355369049454,-0.00016773104039027875,0.009499801757001464,0.1997625390332584,0.23662331322183427,0.95,percentile,rao_wu_rescaled_bootstrap,2000,2000,1.0,16
fasting subsample,metabolic comparison sample,model0_paired_metabolic,Model 0 paired metabolic sample,xgboost,2009-2010,2594,273,combined_fasting_weight,calibration_intercept,-0.07402577699473324,-0.07636706682596917,-0.0023412898312359237,0.09239188903322157,-0.2633741541788099,0.09602006310824707,0.95,percentile,rao_wu_rescaled_bootstrap,2000,2000,1.0,16
fasting subsample,metabolic comparison sample,model0_paired_metabolic,Model 0 paired metabolic sample,xgboost,2009-2010,2594,273,combined_fasting_weight,calibration_slope,1.005044232841052,1.006132583587597,0.0010883507465448972,0.03090393002081232,0.9453751979363173,1.0655540188769694,0.95,percentile,rao_wu_rescaled_bootstrap,2000,2000,1.0,16
fasting subsample,metabolic comparison sample,model0_paired_metabolic,Model 0 paired metabolic sample,xgboost,2009-2010,2594,273,combined_fasting_weight,observed_expected_ratio,0.9394274063096976,0.937712710456195,-0.0017146958535025902,0.05017660861320434,0.8404873850833032,1.0315313926984664,0.95,percentile,rao_wu_rescaled_bootstrap,2000,2000,1.0,16
fasting subsample,metabolic comparison sample,model0_paired_metabolic,Model 0 paired metabolic sample,xgboost,2009-2010,2594,273,combined_fasting_weight,weighted_observed_prevalence,0.08151876177433258,0.08143830200953316,-8.045976479942318e-05,0.005277163837074895,0.07079854094797224,0.09136099678550182,0.95,percentile,rao_wu_rescaled_bootstrap,2000,2000,1.0,16
fasting subsample,metabolic comparison sample,model0_paired_metabolic,Model 0 paired metabolic sample,xgboost,2009-2010,2594,273,combined_fasting_weight,weighted_mean_predicted_probability,0.08677494527710063,0.08684503481165202,7.008953455139855e-05,0.0031045654323132027,0.08053322474466118,0.09252351461816223,0.95,percentile,rao_wu_rescaled_bootstrap,2000,2000,1.0,16
fasting subsample,metabolic comparison sample,model0_paired_metabolic,Model 0 paired metabolic sample,xgboost,2009-2010,2594,273,combined_fasting_weight,calibration_in_the_large,-0.06822385899084837,-0.07164736905127281,-0.003423510060424434,0.058588561314409704,-0.18838318706910612,0.03411360435373594,0.95,percentile,rao_wu_rescaled_bootstrap,2000,2000,1.0,16
MEC examination sample,renal comparison sample,model1_renal,Model 1 renal,xgboost,2009-2010,5990,646,combined_mec_weight,survey_weighted_AUROC,0.8517118675866009,0.8513933737866596,-0.00031849379994131066,0.003835008353243104,0.8437659410206002,0.858750421027635,0.95,percentile,rao_wu_rescaled_bootstrap,2000,2000,1.0,16
MEC examination sample,renal comparison sample,model1_renal,Model 1 renal,xgboost,2009-2010,5990,646,combined_mec_weight,survey_weighted_PR_AUC,0.3503896487174982,0.3516497137970217,0.0012600650795234758,0.017130821171546653,0.3173303654194057,0.38341516461467817,0.95,percentile,rao_wu_rescaled_bootstrap,2000,2000,1.0,16
MEC examination sample,renal comparison sample,model1_renal,Model 1 renal,xgboost,2009-2010,5990,646,combined_mec_weight,weighted_Brier,0.06158031883925387,0.061628653953895676,4.833511464180651e-05,0.0036766362892011236,0.0545962233249124,0.06844147492029781,0.95,percentile,rao_wu_rescaled_bootstrap,2000,2000,1.0,16
MEC examination sample,renal comparison sample,model1_renal,Model 1 renal,xgboost,2009-2010,5990,646,combined_mec_weight,weighted_log_loss,0.21401740211097034,0.2141451773971867,0.0001277752862163528,0.010304931763731737,0.1946012247263492,0.23329286948991534,0.95,percentile,rao_wu_rescaled_bootstrap,2000,2000,1.0,16
MEC examination sample,renal comparison sample,model1_renal,Model 1 renal,xgboost,2009-2010,5990,646,combined_mec_weight,calibration_intercept,-0.06554829089549324,-0.06822966094038793,-0.0026813700448946876,0.07838566570575249,-0.22617022732081793,0.07635044692185852,0.95,percentile,rao_wu_rescaled_bootstrap,2000,2000,1.0,16
MEC examination sample,renal comparison sample,model1_renal,Model 1 renal,xgboost,2009-2010,5990,646,combined_mec_weight,calibration_slope,0.9911562778110755,0.9907622419489096,-0.000394035862165909,0.01797665734034425,0.9572643119361666,1.0266627086222033,0.95,percentile,rao_wu_rescaled_bootstrap,2000,2000,1.0,16
MEC examination sample,renal comparison sample,model1_renal,Model 1 renal,xgboost,2009-2010,5990,646,combined_mec_weight,observed_expected_ratio,0.9633822957772549,0.9629027460121103,-0.00047954976514452685,0.048636855592157906,0.8673210948005075,1.0541510812702286,0.95,percentile,rao_wu_rescaled_bootstrap,2000,2000,1.0,16
MEC examination sample,renal comparison sample,model1_renal,Model 1 renal,xgboost,2009-2010,5990,646,combined_mec_weight,weighted_observed_prevalence,0.08107495355801893,0.08112836676057841,5.341320255948523e-05,0.006063727875346155,0.06989922250619192,0.09234681563241956,0.95,percentile,rao_wu_rescaled_bootstrap,2000,2000,1.0,16
MEC examination sample,renal comparison sample,model1_renal,Model 1 renal,xgboost,2009-2010,5990,646,combined_mec_weight,weighted_mean_predicted_probability,0.0841565740966911,0.08417528929145382,1.871519476272232e-05,0.002906699871645275,0.07847992639448383,0.08932057865511445,0.95,percentile,rao_wu_rescaled_bootstrap,2000,2000,1.0,16
MEC examination sample,renal comparison sample,model1_renal,Model 1 renal,xgboost,2009-2010,5990,646,combined_mec_weight,calibration_in_the_large,-0.040664103244167915,-0.042389156450649355,-0.0017250532064814403,0.05508792166367119,-0.15381942649436273,0.05793348292903592,0.95,percentile,rao_wu_rescaled_bootstrap,2000,2000,1.0,16
fasting subsample,metabolic comparison sample,model2_metabolic,Model 2 metabolic,xgboost,2009-2010,2594,273,combined_fasting_weight,survey_weighted_AUROC,0.8346319214584741,0.8346420400812135,1.0118622739363481e-05,0.006361641161739427,0.8218745649483616,0.8467553165773763,0.95,percentile,rao_wu_rescaled_bootstrap,2000,2000,1.0,16
fasting subsample,metabolic comparison sample,model2_metabolic,Model 2 metabolic,xgboost,2009-2010,2594,273,combined_fasting_weight,survey_weighted_PR_AUC,0.36693610261600507,0.370823841783909,0.003887739167903914,0.026528537503612254,0.32296586382190207,0.416909426543756,0.95,percentile,rao_wu_rescaled_bootstrap,2000,2000,1.0,16
fasting subsample,metabolic comparison sample,model2_metabolic,Model 2 metabolic,xgboost,2009-2010,2594,273,combined_fasting_weight,weighted_Brier,0.061923598285941975,0.061875566654609915,-4.803163133206001e-05,0.0035823016421659116,0.05487601225682611,0.06867541688506307,0.95,percentile,rao_wu_rescaled_bootstrap,2000,2000,1.0,16
fasting subsample,metabolic comparison sample,model2_metabolic,Model 2 metabolic,xgboost,2009-2010,2594,273,combined_fasting_weight,weighted_log_loss,0.21948264857414698,0.21931978580997924,-0.0001628627641677427,0.01017040108235778,0.1990508539585265,0.23853393507768364,0.95,percentile,rao_wu_rescaled_bootstrap,2000,2000,1.0,16
fasting subsample,metabolic comparison sample,model2_metabolic,Model 2 metabolic,xgboost,2009-2010,2594,273,combined_fasting_weight,calibration_intercept,-0.16443352434447062,-0.16672651730577645,-0.002292992961305834,0.08159072652324849,-0.33239094196127167,-0.010323622348540227,0.95,percentile,rao_wu_rescaled_bootstrap,2000,2000,1.0,16
fasting subsample,metabolic comparison sample,model2_metabolic,Model 2 metabolic,xgboost,2009-2010,2594,273,combined_fasting_weight,calibration_slope,0.9529148615664339,0.9540698263600648,0.0011549647936308638,0.030146027130404776,0.8970216167357221,1.0157720043498446,0.95,percentile,rao_wu_rescaled_bootstrap,2000,2000,1.0,16
fasting subsample,metabolic comparison sample,model2_metabolic,Model 2 metabolic,xgboost,2009-2010,2594,273,combined_fasting_weight,observed_expected_ratio,0.9383884894055585,0.9366053736345172,-0.0017831157710412882,0.04882222188809396,0.8413572141019445,1.0280940401638652,0.95,percentile,rao_wu_rescaled_bootstrap,2000,2000,1.0,16
fasting subsample,metabolic comparison sample,model2_metabolic,Model 2 metabolic,xgboost,2009-2010,2594,273,combined_fasting_weight,weighted_observed_prevalence,0.08151876177433258,0.08143830200953316,-8.045976479942318e-05,0.005277163837074895,0.07079854094797224,0.09136099678550182,0.95,percentile,rao_wu_rescaled_bootstrap,2000,2000,1.0,16
fasting subsample,metabolic comparison sample,model2_metabolic,Model 2 metabolic,xgboost,2009-2010,2594,273,combined_fasting_weight,weighted_mean_predicted_probability,0.08687101631646432,0.08694486693931247,7.385062284814836e-05,0.0032061151874512904,0.08045222012394358,0.0928667151765762,0.95,percentile,rao_wu_rescaled_bootstrap,2000,2000,1.0,16
fasting subsample,metabolic comparison sample,model2_metabolic,Model 2 metabolic,xgboost,2009-2010,2594,273,combined_fasting_weight,calibration_in_the_large,-0.06943558063152189,-0.0728647445228992,-0.003429163891377318,0.05705848129132998,-0.18737924271404688,0.030352671111863728,0.95,percentile,rao_wu_rescaled_bootstrap,2000,2000,1.0,16
MEC examination sample,inflammatory comparison sample,model3_inflammatory,Model 3 inflammatory,xgboost,2009-2010,5990,646,combined_mec_weight,survey_weighted_AUROC,0.8490635931459232,0.848766765382298,-0.0002968277636251626,0.004580164418098118,0.8397226291580342,0.8576514667496132,0.95,percentile,rao_wu_rescaled_bootstrap,2000,2000,1.0,16
MEC examination sample,inflammatory comparison sample,model3_inflammatory,Model 3 inflammatory,xgboost,2009-2010,5990,646,combined_mec_weight,survey_weighted_PR_AUC,0.3568708135875908,0.35837117912595196,0.001500365538361137,0.020139437001208023,0.3188375367794694,0.39426904366269244,0.95,percentile,rao_wu_rescaled_bootstrap,2000,2000,1.0,16
MEC examination sample,inflammatory comparison sample,model3_inflammatory,Model 3 inflammatory,xgboost,2009-2010,5990,646,combined_mec_weight,weighted_Brier,0.06165551124007466,0.061702750143453854,4.7238903379195896e-05,0.0036034013292054654,0.05484958829426518,0.06853184403355911,0.95,percentile,rao_wu_rescaled_bootstrap,2000,2000,1.0,16
MEC examination sample,inflammatory comparison sample,model3_inflammatory,Model 3 inflammatory,xgboost,2009-2010,5990,646,combined_mec_weight,weighted_log_loss,0.21474468428080631,0.21487056571396698,0.00012588143316066835,0.01033145106566904,0.19530985298384687,0.23431723396497223,0.95,percentile,rao_wu_rescaled_bootstrap,2000,2000,1.0,16
MEC examination sample,inflammatory comparison sample,model3_inflammatory,Model 3 inflammatory,xgboost,2009-2010,5990,646,combined_mec_weight,calibration_intercept,-0.12989322952337093,-0.1323779610326766,-0.002484731509305671,0.06807712109855289,-0.2725922622220924,-0.006597980479844124,0.95,percentile,rao_wu_rescaled_bootstrap,2000,2000,1.0,16
MEC examination sample,inflammatory comparison sample,model3_inflammatory,Model 3 inflammatory,xgboost,2009-2010,5990,646,combined_mec_weight,calibration_slope,0.9647157571889132,0.9642315230167712,-0.00048423417214205067,0.01806453780307933,0.9299224306814666,0.9997370583010422,0.95,percentile,rao_wu_rescaled_bootstrap,2000,2000,1.0,16
MEC examination sample,inflammatory comparison sample,model3_inflammatory,Model 3 inflammatory,xgboost,2009-2010,5990,646,combined_mec_weight,observed_expected_ratio,0.949373541296617,0.949185430729663,-0.00018811056695400286,0.045012402489945494,0.8604367653754286,1.0361956003498012,0.95,percentile,rao_wu_rescaled_bootstrap,2000,2000,1.0,16
MEC examination sample,inflammatory comparison sample,model3_inflammatory,Model 3 inflammatory,xgboost,2009-2010,5990,646,combined_mec_weight,weighted_observed_prevalence,0.08107495355801893,0.08112836676057841,5.341320255948523e-05,0.006063727875346155,0.06989922250619192,0.09234681563241956,0.95,percentile,rao_wu_rescaled_bootstrap,2000,2000,1.0,16
MEC examination sample,inflammatory comparison sample,model3_inflammatory,Model 3 inflammatory,xgboost,2009-2010,5990,646,combined_mec_weight,weighted_mean_predicted_probability,0.08539837064269766,0.08539774940555023,-6.212371474328959e-07,0.0034536892404064402,0.07879048431003988,0.09146567947118636,0.95,percentile,rao_wu_rescaled_bootstrap,2000,2000,1.0,16
MEC examination sample,inflammatory comparison sample,model3_inflammatory,Model 3 inflammatory,xgboost,2009-2010,5990,646,combined_mec_weight,calibration_in_the_large,-0.05666890852054873,-0.05792183657393076,-0.0012529280533820283,0.05164312881391041,-0.16308255036158992,0.03913027605825625,0.95,percentile,rao_wu_rescaled_bootstrap,2000,2000,1.0,16
fasting subsample,combined comparison sample,model4_combined,Model 4 combined biomarkers,xgboost,2009-2010,2594,273,combined_fasting_weight,survey_weighted_AUROC,0.8402730996734803,0.840212762229775,-6.033744370526062e-05,0.007736659037248024,0.8245007575754942,0.8550295405841934,0.95,percentile,rao_wu_rescaled_bootstrap,2000,2000,1.0,16
fasting subsample,combined comparison sample,model4_combined,Model 4 combined biomarkers,xgboost,2009-2010,2594,273,combined_fasting_weight,survey_weighted_PR_AUC,0.3590887372135076,0.3633496369977395,0.004260899784231886,0.02223923601822378,0.3191749029435681,0.4054554128055102,0.95,percentile,rao_wu_rescaled_bootstrap,2000,2000,1.0,16
fasting subsample,combined comparison sample,model4_combined,Model 4 combined biomarkers,xgboost,2009-2010,2594,273,combined_fasting_weight,weighted_Brier,0.06196442089151672,0.06191990953866618,-4.451135285053753e-05,0.0032841593703935197,0.05545101976759548,0.06812743148034307,0.95,percentile,rao_wu_rescaled_bootstrap,2000,2000,1.0,16
fasting subsample,combined comparison sample,model4_combined,Model 4 combined biomarkers,xgboost,2009-2010,2594,273,combined_fasting_weight,weighted_log_loss,0.2178786812398698,0.21776007926101834,-0.00011860197885146806,0.00962373428164655,0.19841037177940318,0.23574517212091325,0.95,percentile,rao_wu_rescaled_bootstrap,2000,2000,1.0,16
fasting subsample,combined comparison sample,model4_combined,Model 4 combined biomarkers,xgboost,2009-2010,2594,273,combined_fasting_weight,calibration_intercept,-0.1691194595100671,-0.17250825680884843,-0.003388797298781332,0.10513494575878175,-0.38146076374783394,0.029248195612108587,0.95,percentile,rao_wu_rescaled_bootstrap,2000,2000,1.0,16
fasting subsample,combined comparison sample,model4_combined,Model 4 combined biomarkers,xgboost,2009-2010,2594,273,combined_fasting_weight,calibration_slope,0.936065424673493,0.9365693971306471,0.000503972457154167,0.03132705605554222,0.8757128413421277,0.9986358838451065,0.95,percentile,rao_wu_rescaled_bootstrap,2000,2000,1.0,16
fasting subsample,combined comparison sample,model4_combined,Model 4 combined biomarkers,xgboost,2009-2010,2594,273,combined_fasting_weight,observed_expected_ratio,0.9571456549974404,0.9549976754668463,-0.0021479795305940907,0.05163065211082543,0.852318024753696,1.0521266809613923,0.95,percentile,rao_wu_rescaled_bootstrap,2000,2000,1.0,16
fasting subsample,combined comparison sample,model4_combined,Model 4 combined biomarkers,xgboost,2009-2010,2594,273,combined_fasting_weight,weighted_observed_prevalence,0.08151876177433258,0.08143830200953316,-8.045976479942318e-05,0.005277163837074895,0.07079854094797224,0.09136099678550182,0.95,percentile,rao_wu_rescaled_bootstrap,2000,2000,1.0,16
fasting subsample,combined comparison sample,model4_combined,Model 4 combined biomarkers,xgboost,2009-2010,2594,273,combined_fasting_weight,weighted_mean_predicted_probability,0.08516860662607362,0.08526753222199131,9.89255959176899e-05,0.0028127798891957223,0.07971327993227566,0.09031706759620955,0.95,percentile,rao_wu_rescaled_bootstrap,2000,2000,1.0,16
fasting subsample,combined comparison sample,model4_combined,Model 4 combined biomarkers,xgboost,2009-2010,2594,273,combined_fasting_weight,calibration_in_the_large,-0.04778139868134845,-0.05168514189770241,-0.0039037432163539568,0.0591928903093512,-0.1734002076252836,0.055772690175812274,0.95,percentile,rao_wu_rescaled_bootstrap,2000,2000,1.0,16
MEC examination sample,core MEC target sample,model0_core,Model 0 core clinical,xgboost,2011-2012,5260,550,combined_mec_weight,survey_weighted_AUROC,0.8430492669243582,0.8429430870945369,-0.0001061798298213068,0.013238150947820047,0.8181814773019304,0.8681635694529364,0.95,percentile,rao_wu_rescaled_bootstrap,2000,2000,1.0,17
MEC examination sample,core MEC target sample,model0_core,Model 0 core clinical,xgboost,2011-2012,5260,550,combined_mec_weight,survey_weighted_PR_AUC,0.3708964902234727,0.3734404791992846,0.0025439889758118728,0.023297472803192165,0.32690891337451555,0.42035833899604225,0.95,percentile,rao_wu_rescaled_bootstrap,2000,2000,1.0,17
MEC examination sample,core MEC target sample,model0_core,Model 0 core clinical,xgboost,2011-2012,5260,550,combined_mec_weight,weighted_Brier,0.06527894588344922,0.06528603095367855,7.085070229326251e-06,0.003950866931536882,0.05769717744073732,0.07297229173025399,0.95,percentile,rao_wu_rescaled_bootstrap,2000,2000,1.0,17
MEC examination sample,core MEC target sample,model0_core,Model 0 core clinical,xgboost,2011-2012,5260,550,combined_mec_weight,weighted_log_loss,0.22737899166477188,0.2274177553111018,3.8763646329931234e-05,0.013329491033605992,0.2021829256233178,0.25302218910720464,0.95,percentile,rao_wu_rescaled_bootstrap,2000,2000,1.0,17
MEC examination sample,core MEC target sample,model0_core,Model 0 core clinical,xgboost,2011-2012,5260,550,combined_mec_weight,calibration_intercept,-0.03199788500966368,-0.02875493809414329,0.003242946915520392,0.11844776700571612,-0.24303012418301906,0.21416993799730313,0.95,percentile,rao_wu_rescaled_bootstrap,2000,2000,1.0,17
MEC examination sample,core MEC target sample,model0_core,Model 0 core clinical,xgboost,2011-2012,5260,550,combined_mec_weight,calibration_slope,0.9461705156422068,0.9486083128837579,0.0024377972415511318,0.05765919134050288,0.8447451227325821,1.0666222606194569,0.95,percentile,rao_wu_rescaled_bootstrap,2000,2000,1.0,17
MEC examination sample,core MEC target sample,model0_core,Model 0 core clinical,xgboost,2011-2012,5260,550,combined_mec_weight,observed_expected_ratio,1.046667313548781,1.0473410292271532,0.0006737156783722664,0.04037048119844333,0.9725876355428794,1.129431847626233,0.95,percentile,rao_wu_rescaled_bootstrap,2000,2000,1.0,17
MEC examination sample,core MEC target sample,model0_core,Model 0 core clinical,xgboost,2011-2012,5260,550,combined_mec_weight,weighted_observed_prevalence,0.08726918830598314,0.08727157491571591,2.386609732771272e-06,0.00576641065520483,0.07619551666408263,0.09863843831366646,0.95,percentile,rao_wu_rescaled_bootstrap,2000,2000,1.0,17
MEC examination sample,core MEC target sample,model0_core,Model 0 core clinical,xgboost,2011-2012,5260,550,combined_mec_weight,weighted_mean_predicted_probability,0.08337815385682805,0.08332516398603847,-5.2989870789582616e-05,0.00445345807369749,0.07448858469320946,0.09159575376316206,0.95,percentile,rao_wu_rescaled_bootstrap,2000,2000,1.0,17
MEC examination sample,core MEC target sample,model0_core,Model 0 core clinical,xgboost,2011-2012,5260,550,combined_mec_weight,calibration_in_the_large,0.04986513717882479,0.049837098709463845,-2.8038469360947005e-05,0.042113704069439706,-0.03038744418067104,0.13332369164819421,0.95,percentile,rao_wu_rescaled_bootstrap,2000,2000,1.0,17
fasting subsample,combined comparison sample,model0_paired_combined,Model 0 paired combined sample,xgboost,2011-2012,2294,239,combined_fasting_weight,survey_weighted_AUROC,0.8263237320790023,0.8262382807335722,-8.54513454301431e-05,0.02026885762455843,0.7898443097831719,0.8676139931234738,0.95,percentile,rao_wu_rescaled_bootstrap,2000,2000,1.0,17
fasting subsample,combined comparison sample,model0_paired_combined,Model 0 paired combined sample,xgboost,2011-2012,2294,239,combined_fasting_weight,survey_weighted_PR_AUC,0.38202652076103,0.3868566488168205,0.004830128055790528,0.03109852652565599,0.32957758001818377,0.4489406402880694,0.95,percentile,rao_wu_rescaled_bootstrap,2000,2000,1.0,17
fasting subsample,combined comparison sample,model0_paired_combined,Model 0 paired combined sample,xgboost,2011-2012,2294,239,combined_fasting_weight,weighted_Brier,0.07247357005147714,0.07230590979099707,-0.0001676602604800681,0.007588157507557121,0.05754992742812043,0.08634171604756583,0.95,percentile,rao_wu_rescaled_bootstrap,2000,2000,1.0,17
fasting subsample,combined comparison sample,model0_paired_combined,Model 0 paired combined sample,xgboost,2011-2012,2294,239,combined_fasting_weight,weighted_log_loss,0.2514535221495564,0.25096523838858953,-0.0004882837609668789,0.023712664799658282,0.20588654034158976,0.294373692332418,0.95,percentile,rao_wu_rescaled_bootstrap,2000,2000,1.0,17
fasting subsample,combined comparison sample,model0_paired_combined,Model 0 paired combined sample,xgboost,2011-2012,2294,239,combined_fasting_weight,calibration_intercept,0.025677557352851394,0.029251071400327285,0.003573514047475891,0.1347559508578568,-0.21330225380032267,0.31809444422228755,0.95,percentile,rao_wu_rescaled_bootstrap,2000,2000,1.0,17
fasting subsample,combined comparison sample,model0_paired_combined,Model 0 paired combined sample,xgboost,2011-2012,2294,239,combined_fasting_weight,calibration_slope,0.9296720861332384,0.9371492227355943,0.007477136602355938,0.08869943635336218,0.7885480874613182,1.1237937265411486,0.95,percentile,rao_wu_rescaled_bootstrap,2000,2000,1.0,17
fasting subsample,combined comparison sample,model0_paired_combined,Model 0 paired combined sample,xgboost,2011-2012,2294,239,combined_fasting_weight,observed_expected_ratio,1.119521764383012,1.1167200986308319,-0.0028016657521801047,0.07577582794574578,0.9649215003890695,1.2575526521266467,0.95,percentile,rao_wu_rescaled_bootstrap,2000,2000,1.0,17
fasting subsample,combined comparison sample,model0_paired_combined,Model 0 paired combined sample,xgboost,2011-2012,2294,239,combined_fasting_weight,weighted_observed_prevalence,0.09688365543132342,0.09660745754272392,-0.00027619788859950534,0.009662678870783372,0.07694991453989987,0.11472471844764487,0.95,percentile,rao_wu_rescaled_bootstrap,2000,2000,1.0,17
fasting subsample,combined comparison sample,model0_paired_combined,Model 0 paired combined sample,xgboost,2011-2012,2294,239,combined_fasting_weight,weighted_mean_predicted_probability,0.08654021611158019,0.086405268703408,-0.00013494740817218687,0.004820039039093845,0.07704471720995244,0.0947292363053845,0.95,percentile,rao_wu_rescaled_bootstrap,2000,2000,1.0,17
fasting subsample,combined comparison sample,model0_paired_combined,Model 0 paired combined sample,xgboost,2011-2012,2294,239,combined_fasting_weight,calibration_in_the_large,0.12428956128896607,0.11933973178959685,-0.0049498294993692155,0.07589026090256683,-0.038846805899043754,0.25368239537778364,0.95,percentile,rao_wu_rescaled_bootstrap,2000,2000,1.0,17
fasting subsample,metabolic comparison sample,model0_paired_metabolic,Model 0 paired metabolic sample,xgboost,2011-2012,2294,239,combined_fasting_weight,survey_weighted_AUROC,0.8263237320790023,0.8262382807335722,-8.54513454301431e-05,0.02026885762455843,0.7898443097831719,0.8676139931234738,0.95,percentile,rao_wu_rescaled_bootstrap,2000,2000,1.0,17
fasting subsample,metabolic comparison sample,model0_paired_metabolic,Model 0 paired metabolic sample,xgboost,2011-2012,2294,239,combined_fasting_weight,survey_weighted_PR_AUC,0.38202652076103,0.3868566488168205,0.004830128055790528,0.03109852652565599,0.32957758001818377,0.4489406402880694,0.95,percentile,rao_wu_rescaled_bootstrap,2000,2000,1.0,17
fasting subsample,metabolic comparison sample,model0_paired_metabolic,Model 0 paired metabolic sample,xgboost,2011-2012,2294,239,combined_fasting_weight,weighted_Brier,0.07247357005147714,0.07230590979099707,-0.0001676602604800681,0.007588157507557121,0.05754992742812043,0.08634171604756583,0.95,percentile,rao_wu_rescaled_bootstrap,2000,2000,1.0,17
fasting subsample,metabolic comparison sample,model0_paired_metabolic,Model 0 paired metabolic sample,xgboost,2011-2012,2294,239,combined_fasting_weight,weighted_log_loss,0.2514535221495564,0.25096523838858953,-0.0004882837609668789,0.023712664799658282,0.20588654034158976,0.294373692332418,0.95,percentile,rao_wu_rescaled_bootstrap,2000,2000,1.0,17
fasting subsample,metabolic comparison sample,model0_paired_metabolic,Model 0 paired metabolic sample,xgboost,2011-2012,2294,239,combined_fasting_weight,calibration_intercept,0.025677557352851394,0.029251071400327285,0.003573514047475891,0.1347559508578568,-0.21330225380032267,0.31809444422228755,0.95,percentile,rao_wu_rescaled_bootstrap,2000,2000,1.0,17
fasting subsample,metabolic comparison sample,model0_paired_metabolic,Model 0 paired metabolic sample,xgboost,2011-2012,2294,239,combined_fasting_weight,calibration_slope,0.9296720861332384,0.9371492227355943,0.007477136602355938,0.08869943635336218,0.7885480874613182,1.1237937265411486,0.95,percentile,rao_wu_rescaled_bootstrap,2000,2000,1.0,17
fasting subsample,metabolic comparison sample,model0_paired_metabolic,Model 0 paired metabolic sample,xgboost,2011-2012,2294,239,combined_fasting_weight,observed_expected_ratio,1.119521764383012,1.1167200986308319,-0.0028016657521801047,0.07577582794574578,0.9649215003890695,1.2575526521266467,0.95,percentile,rao_wu_rescaled_bootstrap,2000,2000,1.0,17
fasting subsample,metabolic comparison sample,model0_paired_metabolic,Model 0 paired metabolic sample,xgboost,2011-2012,2294,239,combined_fasting_weight,weighted_observed_prevalence,0.09688365543132342,0.09660745754272392,-0.00027619788859950534,0.009662678870783372,0.07694991453989987,0.11472471844764487,0.95,percentile,rao_wu_rescaled_bootstrap,2000,2000,1.0,17
fasting subsample,metabolic comparison sample,model0_paired_metabolic,Model 0 paired metabolic sample,xgboost,2011-2012,2294,239,combined_fasting_weight,weighted_mean_predicted_probability,0.08654021611158019,0.086405268703408,-0.00013494740817218687,0.004820039039093845,0.07704471720995244,0.0947292363053845,0.95,percentile,rao_wu_rescaled_bootstrap,2000,2000,1.0,17
fasting subsample,metabolic comparison sample,model0_paired_metabolic,Model 0 paired metabolic sample,xgboost,2011-2012,2294,239,combined_fasting_weight,calibration_in_the_large,0.12428956128896607,0.11933973178959685,-0.0049498294993692155,0.07589026090256683,-0.038846805899043754,0.25368239537778364,0.95,percentile,rao_wu_rescaled_bootstrap,2000,2000,1.0,17
MEC examination sample,renal comparison sample,model1_renal,Model 1 renal,xgboost,2011-2012,5260,550,combined_mec_weight,survey_weighted_AUROC,0.8464236377653901,0.8462994401983903,-0.00012419756699977302,0.01316110762070266,0.8219472057103738,0.8721603303070529,0.95,percentile,rao_wu_rescaled_bootstrap,2000,2000,1.0,17
MEC examination sample,renal comparison sample,model1_renal,Model 1 renal,xgboost,2011-2012,5260,550,combined_mec_weight,survey_weighted_PR_AUC,0.391438789944339,0.39481853751382023,0.0033797475694812285,0.029157748460939444,0.33996558336405996,0.45264427529695583,0.95,percentile,rao_wu_rescaled_bootstrap,2000,2000,1.0,17
MEC examination sample,renal comparison sample,model1_renal,Model 1 renal,xgboost,2011-2012,5260,550,combined_mec_weight,weighted_Brier,0.06454097995185498,0.06453444317890483,-6.536772950149761e-06,0.004099660210619016,0.05671062697506675,0.0724952060187571,0.95,percentile,rao_wu_rescaled_bootstrap,2000,2000,1.0,17
MEC examination sample,renal comparison sample,model1_renal,Model 1 renal,xgboost,2011-2012,5260,550,combined_mec_weight,weighted_log_loss,0.22492600939628357,0.22493279626456297,6.786868279401448e-06,0.013342068139133002,0.19973587355335778,0.25064155616135925,0.95,percentile,rao_wu_rescaled_bootstrap,2000,2000,1.0,17
MEC examination sample,renal comparison sample,model1_renal,Model 1 renal,xgboost,2011-2012,5260,550,combined_mec_weight,calibration_intercept,-0.023391302301430814,-0.01781130340660057,0.005579998894830244,0.1341645844332549,-0.256091151898454,0.2538832842899673,0.95,percentile,rao_wu_rescaled_bootstrap,2000,2000,1.0,17
MEC examination sample,renal comparison sample,model1_renal,Model 1 renal,xgboost,2011-2012,5260,550,combined_mec_weight,calibration_slope,0.9556868178578828,0.9592170770820555,0.003530259224172716,0.06515557091050031,0.8445805487008822,1.0929895998817116,0.95,percentile,rao_wu_rescaled_bootstrap,2000,2000,1.0,17
MEC examination sample,renal comparison sample,model1_renal,Model 1 renal,xgboost,2011-2012,5260,550,combined_mec_weight,observed_expected_ratio,1.0401502504129063,1.0409367189518057,0.0007864685388994097,0.03938138898366852,0.9683589302573281,1.1212235812815736,0.95,percentile,rao_wu_rescaled_bootstrap,2000,2000,1.0,17
MEC examination sample,renal comparison sample,model1_renal,Model 1 renal,xgboost,2011-2012,5260,550,combined_mec_weight,weighted_observed_prevalence,0.08726918830598314,0.08727157491571591,2.386609732771272e-06,0.00576641065520483,0.07619551666408263,0.09863843831366646,0.95,percentile,rao_wu_rescaled_bootstrap,2000,2000,1.0,17
MEC examination sample,renal comparison sample,model1_renal,Model 1 renal,xgboost,2011-2012,5260,550,combined_mec_weight,weighted_mean_predicted_probability,0.08390055981944923,0.08383631384682291,-6.424597262631726e-05,0.004495600769368664,0.0749879753417556,0.0922294862093453,0.95,percentile,rao_wu_rescaled_bootstrap,2000,2000,1.0,17
MEC examination sample,renal comparison sample,model1_renal,Model 1 renal,xgboost,2011-2012,5260,550,combined_mec_weight,calibration_in_the_large,0.04304909440639282,0.0431726425642396,0.00012354815784677842,0.04133449875094992,-0.03491001525330431,0.125769662526091,0.95,percentile,rao_wu_rescaled_bootstrap,2000,2000,1.0,17
fasting subsample,metabolic comparison sample,model2_metabolic,Model 2 metabolic,xgboost,2011-2012,2294,239,combined_fasting_weight,survey_weighted_AUROC,0.8274226902519393,0.8273224676871871,-0.00010022256475217262,0.01981390999886753,0.7924238665825802,0.8675160033347716,0.95,percentile,rao_wu_rescaled_bootstrap,2000,2000,1.0,17
fasting subsample,metabolic comparison sample,model2_metabolic,Model 2 metabolic,xgboost,2011-2012,2294,239,combined_fasting_weight,survey_weighted_PR_AUC,0.37590577735873054,0.38082926854830285,0.004923491189572304,0.027342434773342448,0.33114940079226673,0.4367092878390357,0.95,percentile,rao_wu_rescaled_bootstrap,2000,2000,1.0,17
fasting subsample,metabolic comparison sample,model2_metabolic,Model 2 metabolic,xgboost,2011-2012,2294,239,combined_fasting_weight,weighted_Brier,0.07286177401410239,0.0726884587909479,-0.00017331522315448822,0.007698473424202206,0.057412258988523236,0.08705016088405325,0.95,percentile,rao_wu_rescaled_bootstrap,2000,2000,1.0,17
fasting subsample,metabolic comparison sample,model2_metabolic,Model 2 metabolic,xgboost,2011-2012,2294,239,combined_fasting_weight,weighted_log_loss,0.2518719409182592,0.2513575394450014,-0.0005144014732578195,0.023647914496368185,0.20646841839984112,0.294511184843158,0.95,percentile,rao_wu_rescaled_bootstrap,2000,2000,1.0,17
fasting subsample,metabolic comparison sample,model2_metabolic,Model 2 metabolic,xgboost,2011-2012,2294,239,combined_fasting_weight,calibration_intercept,0.022888886400574397,0.028471110990543502,0.005582224589969105,0.13872488340138978,-0.2143453856225332,0.32330564136359713,0.95,percentile,rao_wu_rescaled_bootstrap,2000,2000,1.0,17
fasting subsample,metabolic comparison sample,model2_metabolic,Model 2 metabolic,xgboost,2011-2012,2294,239,combined_fasting_weight,calibration_slope,0.9295951941340684,0.9377075519060349,0.008112357771966505,0.08876579851456116,0.7937756093883427,1.133588007615422,0.95,percentile,rao_wu_rescaled_bootstrap,2000,2000,1.0,17
fasting subsample,metabolic comparison sample,model2_metabolic,Model 2 metabolic,xgboost,2011-2012,2294,239,combined_fasting_weight,observed_expected_ratio,1.1174975442297486,1.114817695555915,-0.002679848673833529,0.07427471988154064,0.9647511740956966,1.2538948643672743,0.95,percentile,rao_wu_rescaled_bootstrap,2000,2000,1.0,17
fasting subsample,metabolic comparison sample,model2_metabolic,Model 2 metabolic,xgboost,2011-2012,2294,239,combined_fasting_weight,weighted_observed_prevalence,0.09688365543132342,0.09660745754272392,-0.00027619788859950534,0.009662678870783372,0.07694991453989987,0.11472471844764487,0.95,percentile,rao_wu_rescaled_bootstrap,2000,2000,1.0,17
fasting subsample,metabolic comparison sample,model2_metabolic,Model 2 metabolic,xgboost,2011-2012,2294,239,combined_fasting_weight,weighted_mean_predicted_probability,0.08669697390530007,0.08655152166897631,-0.00014545223632375648,0.004935640743203932,0.07697245115813971,0.09495262035044724,0.95,percentile,rao_wu_rescaled_bootstrap,2000,2000,1.0,17
fasting subsample,metabolic comparison sample,model2_metabolic,Model 2 metabolic,xgboost,2011-2012,2294,239,combined_fasting_weight,calibration_in_the_large,0.1223081896150644,0.11755861484250678,-0.0047495747725576215,0.07449781661503041,-0.03930338187914751,0.25068867294831526,0.95,percentile,rao_wu_rescaled_bootstrap,2000,2000,1.0,17
MEC examination sample,inflammatory comparison sample,model3_inflammatory,Model 3 inflammatory,xgboost,2011-2012,5260,550,combined_mec_weight,survey_weighted_AUROC,0.8425557333753829,0.8423836301888875,-0.00017210318649540923,0.013491967677588411,0.8176507431159894,0.8690936381330197,0.95,percentile,rao_wu_rescaled_bootstrap,2000,2000,1.0,17
MEC examination sample,inflammatory comparison sample,model3_inflammatory,Model 3 inflammatory,xgboost,2011-2012,5260,550,combined_mec_weight,survey_weighted_PR_AUC,0.38161884871519747,0.38426122599906637,0.002642377283868902,0.02522881846059358,0.3342505988977066,0.43398298585076794,0.95,percentile,rao_wu_rescaled_bootstrap,2000,2000,1.0,17
MEC examination sample,inflammatory comparison sample,model3_inflammatory,Model 3 inflammatory,xgboost,2011-2012,5260,550,combined_mec_weight,weighted_Brier,0.0648738445138717,0.06488141067839365,7.5661645219521345e-06,0.004019602886384996,0.057353354207466914,0.0727153279632518,0.95,percentile,rao_wu_rescaled_bootstrap,2000,2000,1.0,17
MEC examination sample,inflammatory comparison sample,model3_inflammatory,Model 3 inflammatory,xgboost,2011-2012,5260,550,combined_mec_weight,weighted_log_loss,0.22697631163926413,0.22703152917265115,5.5217533387025286e-05,0.013525270164629687,0.20157723785108222,0.25290073828869497,0.95,percentile,rao_wu_rescaled_bootstrap,2000,2000,1.0,17
MEC examination sample,inflammatory comparison sample,model3_inflammatory,Model 3 inflammatory,xgboost,2011-2012,5260,550,combined_mec_weight,calibration_intercept,-0.043867882807502576,-0.03988459578984597,0.003983287017656607,0.12385264527095095,-0.25649450391643774,0.2179377074784697,0.95,percentile,rao_wu_rescaled_bootstrap,2000,2000,1.0,17
MEC examination sample,inflammatory comparison sample,model3_inflammatory,Model 3 inflammatory,xgboost,2011-2012,5260,550,combined_mec_weight,calibration_slope,0.9313839795052203,0.9340602465953632,0.002676267090142903,0.06031700609629556,0.8280105554738062,1.0630591295697713,0.95,percentile,rao_wu_rescaled_bootstrap,2000,2000,1.0,17
MEC examination sample,inflammatory comparison sample,model3_inflammatory,Model 3 inflammatory,xgboost,2011-2012,5260,550,combined_mec_weight,observed_expected_ratio,1.0571962757385915,1.0581361324278498,0.0009398566892582227,0.039839921501588875,0.9863290648378741,1.1388819432457777,0.95,percentile,rao_wu_rescaled_bootstrap,2000,2000,1.0,17
MEC examination sample,inflammatory comparison sample,model3_inflammatory,Model 3 inflammatory,xgboost,2011-2012,5260,550,combined_mec_weight,weighted_observed_prevalence,0.08726918830598314,0.08727157491571591,2.386609732771272e-06,0.00576641065520483,0.07619551666408263,0.09863843831366646,0.95,percentile,rao_wu_rescaled_bootstrap,2000,2000,1.0,17
MEC examination sample,inflammatory comparison sample,model3_inflammatory,Model 3 inflammatory,xgboost,2011-2012,5260,550,combined_mec_weight,weighted_mean_predicted_probability,0.08254776365440188,0.08248593672353839,-6.182693086348445e-05,0.004655039324149582,0.07326629727813863,0.09115738996545147,0.95,percentile,rao_wu_rescaled_bootstrap,2000,2000,1.0,17
MEC examination sample,inflammatory comparison sample,model3_inflammatory,Model 3 inflammatory,xgboost,2011-2012,5260,550,combined_mec_weight,calibration_in_the_large,0.060779903283118664,0.06104030565928133,0.0002604023761626634,0.04108137079894852,-0.015007545374454964,0.1430524012588251,0.95,percentile,rao_wu_rescaled_bootstrap,2000,2000,1.0,17
fasting subsample,combined comparison sample,model4_combined,Model 4 combined biomarkers,xgboost,2011-2012,2294,239,combined_fasting_weight,survey_weighted_AUROC,0.832187790316524,0.8320707086894863,-0.0001170816270377184,0.019267783212530584,0.7978503595719746,0.8698505388468388,0.95,percentile,rao_wu_rescaled_bootstrap,2000,2000,1.0,17
fasting subsample,combined comparison sample,model4_combined,Model 4 combined biomarkers,xgboost,2011-2012,2294,239,combined_fasting_weight,survey_weighted_PR_AUC,0.39917509019093067,0.40530518742141214,0.006130097230481468,0.03371692373203933,0.3448804819212069,0.471535200063498,0.95,percentile,rao_wu_rescaled_bootstrap,2000,2000,1.0,17
fasting subsample,combined comparison sample,model4_combined,Model 4 combined biomarkers,xgboost,2011-2012,2294,239,combined_fasting_weight,weighted_Brier,0.07143952499488006,0.0712541808775034,-0.00018534411737665402,0.007776272595876833,0.05605651159057867,0.08548177694892298,0.95,percentile,rao_wu_rescaled_bootstrap,2000,2000,1.0,17
fasting subsample,combined comparison sample,model4_combined,Model 4 combined biomarkers,xgboost,2011-2012,2294,239,combined_fasting_weight,weighted_log_loss,0.24788810585275353,0.24736275599729673,-0.000525349855456797,0.023895694243831526,0.20198132239193678,0.29147804985882764,0.95,percentile,rao_wu_rescaled_bootstrap,2000,2000,1.0,17
fasting subsample,combined comparison sample,model4_combined,Model 4 combined biomarkers,xgboost,2011-2012,2294,239,combined_fasting_weight,calibration_intercept,0.061942753241164626,0.06876287606628219,0.0068201228251175625,0.15410681977808321,-0.20744260527263897,0.38423664541224584,0.95,percentile,rao_wu_rescaled_bootstrap,2000,2000,1.0,17
fasting subsample,combined comparison sample,model4_combined,Model 4 combined biomarkers,xgboost,2011-2012,2294,239,combined_fasting_weight,calibration_slope,0.9442606412169443,0.952985735419155,0.008725094202210681,0.09328760698033058,0.802615162776998,1.1416355004039953,0.95,percentile,rao_wu_rescaled_bootstrap,2000,2000,1.0,17
fasting subsample,combined comparison sample,model4_combined,Model 4 combined biomarkers,xgboost,2011-2012,2294,239,combined_fasting_weight,observed_expected_ratio,1.126081464286403,1.1231467919043612,-0.002934672382041814,0.07120197534790729,0.9758444889609658,1.2530770448257245,0.95,percentile,rao_wu_rescaled_bootstrap,2000,2000,1.0,17
fasting subsample,combined comparison sample,model4_combined,Model 4 combined biomarkers,xgboost,2011-2012,2294,239,combined_fasting_weight,weighted_observed_prevalence,0.09688365543132342,0.09660745754272392,-0.00027619788859950534,0.009662678870783372,0.07694991453989987,0.11472471844764487,0.95,percentile,rao_wu_rescaled_bootstrap,2000,2000,1.0,17
fasting subsample,combined comparison sample,model4_combined,Model 4 combined biomarkers,xgboost,2011-2012,2294,239,combined_fasting_weight,weighted_mean_predicted_probability,0.08603609819003505,0.08588218748576178,-0.0001539107042732718,0.0047313645309464206,0.07658717813767858,0.09433129765565472,0.95,percentile,rao_wu_rescaled_bootstrap,2000,2000,1.0,17
fasting subsample,combined comparison sample,model4_combined,Model 4 combined biomarkers,xgboost,2011-2012,2294,239,combined_fasting_weight,calibration_in_the_large,0.13068356404030412,0.1259471031722965,-0.004736460868007636,0.07100517010160635,-0.026440734461901344,0.25132794832425814,0.95,percentile,rao_wu_rescaled_bootstrap,2000,2000,1.0,17
MEC examination sample,core MEC target sample,model0_core,Model 0 core clinical,xgboost,2013-2014,5522,573,combined_mec_weight,survey_weighted_AUROC,0.846693226539742,0.847073217427145,0.00037999088740303666,0.009974990396550027,0.8291984420357742,0.8663829080758418,0.95,percentile,rao_wu_rescaled_bootstrap,2000,2000,1.0,15
MEC examination sample,core MEC target sample,model0_core,Model 0 core clinical,xgboost,2013-2014,5522,573,combined_mec_weight,survey_weighted_PR_AUC,0.3860683828891802,0.3895678163166846,0.0034994334275043615,0.018966271394601386,0.35409059911920426,0.4273995211964497,0.95,percentile,rao_wu_rescaled_bootstrap,2000,2000,1.0,15
MEC examination sample,core MEC target sample,model0_core,Model 0 core clinical,xgboost,2013-2014,5522,573,combined_mec_weight,weighted_Brier,0.06575446799709725,0.06566648680366761,-8.798119342963429e-05,0.0035768216741263645,0.0586526814314358,0.07260579315524403,0.95,percentile,rao_wu_rescaled_bootstrap,2000,2000,1.0,15
MEC examination sample,core MEC target sample,model0_core,Model 0 core clinical,xgboost,2013-2014,5522,573,combined_mec_weight,weighted_log_loss,0.2269813971824804,0.22669618290836296,-0.00028521427411742906,0.011107260780300313,0.20490324801492216,0.24746213167285164,0.95,percentile,rao_wu_rescaled_bootstrap,2000,2000,1.0,15
MEC examination sample,core MEC target sample,model0_core,Model 0 core clinical,xgboost,2013-2014,5522,573,combined_mec_weight,calibration_intercept,-0.15639975697187156,-0.15296352976433997,0.003436227207531589,0.06120512209941377,-0.2719384583920764,-0.0296776223591295,0.95,percentile,rao_wu_rescaled_bootstrap,2000,2000,1.0,15
MEC examination sample,core MEC target sample,model0_core,Model 0 core clinical,xgboost,2013-2014,5522,573,combined_mec_weight,calibration_slope,0.9440151005637388,0.9485682068953419,0.004553106331603107,0.0454506064765063,0.8719124358169976,1.0410734429690702,0.95,percentile,rao_wu_rescaled_bootstrap,2000,2000,1.0,15
MEC examination sample,core MEC target sample,model0_core,Model 0 core clinical,xgboost,2013-2014,5522,573,combined_mec_weight,observed_expected_ratio,0.9513141931188345,0.9510472845327966,-0.0002669085860378395,0.0482450268232193,0.8602120983633453,1.0452085761537113,0.95,percentile,rao_wu_rescaled_bootstrap,2000,2000,1.0,15
MEC examination sample,core MEC target sample,model0_core,Model 0 core clinical,xgboost,2013-2014,5522,573,combined_mec_weight,weighted_observed_prevalence,0.08814986283345702,0.08801832881068704,-0.00013153402276998294,0.0044666883294074,0.07923533566259075,0.09666317762574618,0.95,percentile,rao_wu_rescaled_bootstrap,2000,2000,1.0,15
MEC examination sample,core MEC target sample,model0_core,Model 0 core clinical,xgboost,2013-2014,5522,573,combined_mec_weight,weighted_mean_predicted_probability,0.09266114546705358,0.09258535977901909,-7.578568803448538e-05,0.002614808774934236,0.0875734854574474,0.09771188757460192,0.95,percentile,rao_wu_rescaled_bootstrap,2000,2000,1.0,15
MEC examination sample,core MEC target sample,model0_core,Model 0 core clinical,xgboost,2013-2014,5522,573,combined_mec_weight,calibration_in_the_large,-0.054870562853002625,-0.05649046072853747,-0.001619897875534848,0.05568120866811839,-0.16479019090397787,0.048902409172246725,0.95,percentile,rao_wu_rescaled_bootstrap,2000,2000,1.0,15
fasting subsample,combined comparison sample,model0_paired_combined,Model 0 paired combined sample,xgboost,2013-2014,2370,244,combined_fasting_weight,survey_weighted_AUROC,0.8670491900949718,0.86682892007326,-0.00022027002171187693,0.017463445782928015,0.8315658178555656,0.8996176077785747,0.95,percentile,rao_wu_rescaled_bootstrap,2000,2000,1.0,15
fasting subsample,combined comparison sample,model0_paired_combined,Model 0 paired combined sample,xgboost,2013-2014,2370,244,combined_fasting_weight,survey_weighted_PR_AUC,0.414251247978065,0.4168136682855424,0.0025624203074773866,0.033541195221637385,0.3459475576969185,0.47624731793356856,0.95,percentile,rao_wu_rescaled_bootstrap,2000,2000,1.0,15
fasting subsample,combined comparison sample,model0_paired_combined,Model 0 paired combined sample,xgboost,2013-2014,2370,244,combined_fasting_weight,weighted_Brier,0.06403930860066849,0.06387991608377717,-0.00015939251689131573,0.00610545680110372,0.051845780258578535,0.07531325705012196,0.95,percentile,rao_wu_rescaled_bootstrap,2000,2000,1.0,15
fasting subsample,combined comparison sample,model0_paired_combined,Model 0 paired combined sample,xgboost,2013-2014,2370,244,combined_fasting_weight,weighted_log_loss,0.21906411889590172,0.2186438292972378,-0.00042028959866391435,0.017953333893768294,0.18362837025407916,0.2521183902579058,0.95,percentile,rao_wu_rescaled_bootstrap,2000,2000,1.0,15
fasting subsample,combined comparison sample,model0_paired_combined,Model 0 paired combined sample,xgboost,2013-2014,2370,244,combined_fasting_weight,calibration_intercept,0.08018304716911702,0.07700122088694215,-0.0031818262821748655,0.14561498358754962,-0.20166479500664913,0.3319235055856802,0.95,percentile,rao_wu_rescaled_bootstrap,2000,2000,1.0,15
fasting subsample,combined comparison sample,model0_paired_combined,Model 0 paired combined sample,xgboost,2013-2014,2370,244,combined_fasting_weight,calibration_slope,1.1170008469740702,1.1234685474042683,0.0064677004301980645,0.09304170917317978,0.9574819722712874,1.317397091305336,0.95,percentile,rao_wu_rescaled_bootstrap,2000,2000,1.0,15
fasting subsample,combined comparison sample,model0_paired_combined,Model 0 paired combined sample,xgboost,2013-2014,2370,244,combined_fasting_weight,observed_expected_ratio,0.9293937884027228,0.9256937700736722,-0.003700018329050647,0.07313794766914755,0.777951351910872,1.0600875724700622,0.95,percentile,rao_wu_rescaled_bootstrap,2000,2000,1.0,15
fasting subsample,combined comparison sample,model0_paired_combined,Model 0 paired combined sample,xgboost,2013-2014,2370,244,combined_fasting_weight,weighted_observed_prevalence,0.08899312948449874,0.08863166441097839,-0.00036146507352034785,0.009453529302601536,0.07014964278651123,0.1061117376959083,0.95,percentile,rao_wu_rescaled_bootstrap,2000,2000,1.0,15
fasting subsample,combined comparison sample,model0_paired_combined,Model 0 paired combined sample,xgboost,2013-2014,2370,244,combined_fasting_weight,weighted_mean_predicted_probability,0.09575395337798022,0.09560597827968696,-0.00014797509829325706,0.004600843474373726,0.0869145003959416,0.10426943596276128,0.95,percentile,rao_wu_rescaled_bootstrap,2000,2000,1.0,15
fasting subsample,combined comparison sample,model0_paired_combined,Model 0 paired combined sample,xgboost,2013-2014,2370,244,combined_fasting_weight,calibration_in_the_large,-0.08067168593730267,-0.08801574411201744,-0.007344058174714771,0.08732210160894732,-0.27234493759282713,0.06542818757663334,0.95,percentile,rao_wu_rescaled_bootstrap,2000,2000,1.0,15
fasting subsample,metabolic comparison sample,model0_paired_metabolic,Model 0 paired metabolic sample,xgboost,2013-2014,2370,244,combined_fasting_weight,survey_weighted_AUROC,0.8670491900949718,0.86682892007326,-0.00022027002171187693,0.017463445782928015,0.8315658178555656,0.8996176077785747,0.95,percentile,rao_wu_rescaled_bootstrap,2000,2000,1.0,15
fasting subsample,metabolic comparison sample,model0_paired_metabolic,Model 0 paired metabolic sample,xgboost,2013-2014,2370,244,combined_fasting_weight,survey_weighted_PR_AUC,0.414251247978065,0.4168136682855424,0.0025624203074773866,0.033541195221637385,0.3459475576969185,0.47624731793356856,0.95,percentile,rao_wu_rescaled_bootstrap,2000,2000,1.0,15
fasting subsample,metabolic comparison sample,model0_paired_metabolic,Model 0 paired metabolic sample,xgboost,2013-2014,2370,244,combined_fasting_weight,weighted_Brier,0.06403930860066849,0.06387991608377717,-0.00015939251689131573,0.00610545680110372,0.051845780258578535,0.07531325705012196,0.95,percentile,rao_wu_rescaled_bootstrap,2000,2000,1.0,15
fasting subsample,metabolic comparison sample,model0_paired_metabolic,Model 0 paired metabolic sample,xgboost,2013-2014,2370,244,combined_fasting_weight,weighted_log_loss,0.21906411889590172,0.2186438292972378,-0.00042028959866391435,0.017953333893768294,0.18362837025407916,0.2521183902579058,0.95,percentile,rao_wu_rescaled_bootstrap,2000,2000,1.0,15
fasting subsample,metabolic comparison sample,model0_paired_metabolic,Model 0 paired metabolic sample,xgboost,2013-2014,2370,244,combined_fasting_weight,calibration_intercept,0.08018304716911702,0.07700122088694215,-0.0031818262821748655,0.14561498358754962,-0.20166479500664913,0.3319235055856802,0.95,percentile,rao_wu_rescaled_bootstrap,2000,2000,1.0,15
fasting subsample,metabolic comparison sample,model0_paired_metabolic,Model 0 paired metabolic sample,xgboost,2013-2014,2370,244,combined_fasting_weight,calibration_slope,1.1170008469740702,1.1234685474042683,0.0064677004301980645,0.09304170917317978,0.9574819722712874,1.317397091305336,0.95,percentile,rao_wu_rescaled_bootstrap,2000,2000,1.0,15
fasting subsample,metabolic comparison sample,model0_paired_metabolic,Model 0 paired metabolic sample,xgboost,2013-2014,2370,244,combined_fasting_weight,observed_expected_ratio,0.9293937884027228,0.9256937700736722,-0.003700018329050647,0.07313794766914755,0.777951351910872,1.0600875724700622,0.95,percentile,rao_wu_rescaled_bootstrap,2000,2000,1.0,15
fasting subsample,metabolic comparison sample,model0_paired_metabolic,Model 0 paired metabolic sample,xgboost,2013-2014,2370,244,combined_fasting_weight,weighted_observed_prevalence,0.08899312948449874,0.08863166441097839,-0.00036146507352034785,0.009453529302601536,0.07014964278651123,0.1061117376959083,0.95,percentile,rao_wu_rescaled_bootstrap,2000,2000,1.0,15
fasting subsample,metabolic comparison sample,model0_paired_metabolic,Model 0 paired metabolic sample,xgboost,2013-2014,2370,244,combined_fasting_weight,weighted_mean_predicted_probability,0.09575395337798022,0.09560597827968696,-0.00014797509829325706,0.004600843474373726,0.0869145003959416,0.10426943596276128,0.95,percentile,rao_wu_rescaled_bootstrap,2000,2000,1.0,15
fasting subsample,metabolic comparison sample,model0_paired_metabolic,Model 0 paired metabolic sample,xgboost,2013-2014,2370,244,combined_fasting_weight,calibration_in_the_large,-0.08067168593730267,-0.08801574411201744,-0.007344058174714771,0.08732210160894732,-0.27234493759282713,0.06542818757663334,0.95,percentile,rao_wu_rescaled_bootstrap,2000,2000,1.0,15
MEC examination sample,renal comparison sample,model1_renal,Model 1 renal,xgboost,2013-2014,5522,573,combined_mec_weight,survey_weighted_AUROC,0.8516520808669218,0.8520815359586836,0.0004294550917618434,0.010786072978178815,0.8326633908423174,0.873048580203362,0.95,percentile,rao_wu_rescaled_bootstrap,2000,2000,1.0,15
MEC examination sample,renal comparison sample,model1_renal,Model 1 renal,xgboost,2013-2014,5522,573,combined_mec_weight,survey_weighted_PR_AUC,0.3892862079023441,0.3921174969759151,0.0028312890735709972,0.018133555370578834,0.3578238798073138,0.4282647688249997,0.95,percentile,rao_wu_rescaled_bootstrap,2000,2000,1.0,15
MEC examination sample,renal comparison sample,model1_renal,Model 1 renal,xgboost,2013-2014,5522,573,combined_mec_weight,weighted_Brier,0.06498276088853748,0.06488438247642028,-9.837841211719767e-05,0.003603272377165659,0.05778586698220488,0.07177255595588583,0.95,percentile,rao_wu_rescaled_bootstrap,2000,2000,1.0,15
MEC examination sample,renal comparison sample,model1_renal,Model 1 renal,xgboost,2013-2014,5522,573,combined_mec_weight,weighted_log_loss,0.22430752480359772,0.22400755442262693,-0.0002999703809707932,0.011338399840563318,0.20130405114966268,0.2454727159470637,0.95,percentile,rao_wu_rescaled_bootstrap,2000,2000,1.0,15
MEC examination sample,renal comparison sample,model1_renal,Model 1 renal,xgboost,2013-2014,5522,573,combined_mec_weight,calibration_intercept,-0.16422312233618894,-0.1605745185313982,0.0036486038047907343,0.06824535968884887,-0.28924094774203335,-0.025807724729071717,0.95,percentile,rao_wu_rescaled_bootstrap,2000,2000,1.0,15
MEC examination sample,renal comparison sample,model1_renal,Model 1 renal,xgboost,2013-2014,5522,573,combined_mec_weight,calibration_slope,0.9568848380000458,0.9618583667370368,0.004973528736991084,0.050766662896145946,0.8754009970386988,1.0668573099257537,0.95,percentile,rao_wu_rescaled_bootstrap,2000,2000,1.0,15
MEC examination sample,renal comparison sample,model1_renal,Model 1 renal,xgboost,2013-2014,5522,573,combined_mec_weight,observed_expected_ratio,0.9321773491837112,0.9317617261475944,-0.00041562303611675233,0.04719368610362327,0.8422223611760287,1.023185462367518,0.95,percentile,rao_wu_rescaled_bootstrap,2000,2000,1.0,15
MEC examination sample,renal comparison sample,model1_renal,Model 1 renal,xgboost,2013-2014,5522,573,combined_mec_weight,weighted_observed_prevalence,0.08814986283345702,0.08801832881068704,-0.00013153402276998294,0.0044666883294074,0.07923533566259075,0.09666317762574618,0.95,percentile,rao_wu_rescaled_bootstrap,2000,2000,1.0,15
MEC examination sample,renal comparison sample,model1_renal,Model 1 renal,xgboost,2013-2014,5522,573,combined_mec_weight,weighted_mean_predicted_probability,0.09456340353115002,0.09449967227317485,-6.373125797516643e-05,0.002605233982708072,0.08928541741718696,0.09969837293386972,0.95,percentile,rao_wu_rescaled_bootstrap,2000,2000,1.0,15
MEC examination sample,renal comparison sample,model1_renal,Model 1 renal,xgboost,2013-2014,5522,573,combined_mec_weight,calibration_in_the_large,-0.07729059245810666,-0.07908626377566327,-0.0017956713175566186,0.05565010845446116,-0.18801051049584436,0.02522148129850379,0.95,percentile,rao_wu_rescaled_bootstrap,2000,2000,1.0,15
fasting subsample,metabolic comparison sample,model2_metabolic,Model 2 metabolic,xgboost,2013-2014,2370,244,combined_fasting_weight,survey_weighted_AUROC,0.8664310600843392,0.8661357865816937,-0.0002952735026455766,0.016678495206736775,0.8334268398586818,0.8974179590661525,0.95,percentile,rao_wu_rescaled_bootstrap,2000,2000,1.0,15
fasting subsample,metabolic comparison sample,model2_metabolic,Model 2 metabolic,xgboost,2013-2014,2370,244,combined_fasting_weight,survey_weighted_PR_AUC,0.41868423609474487,0.4212459559683563,0.0025617198736114233,0.03311741716788686,0.3510810959156525,0.47776819553227867,0.95,percentile,rao_wu_rescaled_bootstrap,2000,2000,1.0,15
fasting subsample,metabolic comparison sample,model2_metabolic,Model 2 metabolic,xgboost,2013-2014,2370,244,combined_fasting_weight,weighted_Brier,0.06399531540704587,0.06384276403104544,-0.000152551376000426,0.00613097921504837,0.05187247277302362,0.0753550382973886,0.95,percentile,rao_wu_rescaled_bootstrap,2000,2000,1.0,15
fasting subsample,metabolic comparison sample,model2_metabolic,Model 2 metabolic,xgboost,2013-2014,2370,244,combined_fasting_weight,weighted_log_loss,0.21915600777538885,0.21873933070653248,-0.00041667706885636924,0.017891225831435757,0.18408852079673893,0.25160979892307966,0.95,percentile,rao_wu_rescaled_bootstrap,2000,2000,1.0,15
fasting subsample,metabolic comparison sample,model2_metabolic,Model 2 metabolic,xgboost,2013-2014,2370,244,combined_fasting_weight,calibration_intercept,0.07039990472590282,0.06608418111474001,-0.004315723611162808,0.13380879683646824,-0.1857435104595306,0.2926114503019585,0.95,percentile,rao_wu_rescaled_bootstrap,2000,2000,1.0,15
fasting subsample,metabolic comparison sample,model2_metabolic,Model 2 metabolic,xgboost,2013-2014,2370,244,combined_fasting_weight,calibration_slope,1.1093429685620104,1.1144556948906965,0.00511272632868609,0.08299868363778799,0.9653413976043932,1.2886727088611178,0.95,percentile,rao_wu_rescaled_bootstrap,2000,2000,1.0,15
fasting subsample,metabolic comparison sample,model2_metabolic,Model 2 metabolic,xgboost,2013-2014,2370,244,combined_fasting_weight,observed_expected_ratio,0.9305849356630789,0.926978027625687,-0.0036069080373918316,0.07355008814422076,0.7792458053780238,1.0635403047871914,0.95,percentile,rao_wu_rescaled_bootstrap,2000,2000,1.0,15
fasting subsample,metabolic comparison sample,model2_metabolic,Model 2 metabolic,xgboost,2013-2014,2370,244,combined_fasting_weight,weighted_observed_prevalence,0.08899312948449874,0.08863166441097839,-0.00036146507352034785,0.009453529302601536,0.07014964278651123,0.1061117376959083,0.95,percentile,rao_wu_rescaled_bootstrap,2000,2000,1.0,15
fasting subsample,metabolic comparison sample,model2_metabolic,Model 2 metabolic,xgboost,2013-2014,2370,244,combined_fasting_weight,weighted_mean_predicted_probability,0.09563138846760676,0.09546327177716883,-0.000168116690437925,0.004321298355241088,0.0873524213441482,0.10351972000935926,0.95,percentile,rao_wu_rescaled_bootstrap,2000,2000,1.0,15
fasting subsample,metabolic comparison sample,model2_metabolic,Model 2 metabolic,xgboost,2013-2014,2370,244,combined_fasting_weight,calibration_in_the_large,-0.07925533302942789,-0.08649640824923183,-0.0072410752198039385,0.08767524730510459,-0.2723368488151198,0.06842953055492075,0.95,percentile,rao_wu_rescaled_bootstrap,2000,2000,1.0,15
MEC examination sample,inflammatory comparison sample,model3_inflammatory,Model 3 inflammatory,xgboost,2013-2014,5522,573,combined_mec_weight,survey_weighted_AUROC,0.8479982787889156,0.8484410711668103,0.0004427923778946852,0.010735778961184526,0.8290569805625052,0.8695859414483913,0.95,percentile,rao_wu_rescaled_bootstrap,2000,2000,1.0,15
MEC examination sample,inflammatory comparison sample,model3_inflammatory,Model 3 inflammatory,xgboost,2013-2014,5522,573,combined_mec_weight,survey_weighted_PR_AUC,0.3817507467171412,0.38534713599386955,0.00359638927672834,0.02031518399116432,0.3467198450562625,0.42550752545196396,0.95,percentile,rao_wu_rescaled_bootstrap,2000,2000,1.0,15
MEC examination sample,inflammatory comparison sample,model3_inflammatory,Model 3 inflammatory,xgboost,2013-2014,5522,573,combined_mec_weight,weighted_Brier,0.06559928009010915,0.06552060671620592,-7.867337390322915e-05,0.0036246226911214124,0.05833561151753761,0.0725503760888574,0.95,percentile,rao_wu_rescaled_bootstrap,2000,2000,1.0,15
MEC examination sample,inflammatory comparison sample,model3_inflammatory,Model 3 inflammatory,xgboost,2013-2014,5522,573,combined_mec_weight,weighted_log_loss,0.22658030108991173,0.2263034742987143,-0.00027682679119742093,0.011132002981865128,0.20474306706843753,0.24732516014973197,0.95,percentile,rao_wu_rescaled_bootstrap,2000,2000,1.0,15
MEC examination sample,inflammatory comparison sample,model3_inflammatory,Model 3 inflammatory,xgboost,2013-2014,5522,573,combined_mec_weight,calibration_intercept,-0.06402166937319868,-0.06066412049254941,0.0033575488806492707,0.06040742415043346,-0.17600447749574752,0.059125767966455245,0.95,percentile,rao_wu_rescaled_bootstrap,2000,2000,1.0,15
MEC examination sample,inflammatory comparison sample,model3_inflammatory,Model 3 inflammatory,xgboost,2013-2014,5522,573,combined_mec_weight,calibration_slope,1.0172064187108678,1.0219202936607694,0.004713874949901609,0.05000390564419518,0.9357846121781658,1.124579353852076,0.95,percentile,rao_wu_rescaled_bootstrap,2000,2000,1.0,15
MEC examination sample,inflammatory comparison sample,model3_inflammatory,Model 3 inflammatory,xgboost,2013-2014,5522,573,combined_mec_weight,observed_expected_ratio,0.9347090238746899,0.9342217488871696,-0.0004872749875203253,0.04604565398332722,0.8466506766834879,1.0252647604615284,0.95,percentile,rao_wu_rescaled_bootstrap,2000,2000,1.0,15
MEC examination sample,inflammatory comparison sample,model3_inflammatory,Model 3 inflammatory,xgboost,2013-2014,5522,573,combined_mec_weight,weighted_observed_prevalence,0.08814986283345702,0.08801832881068704,-0.00013153402276998294,0.0044666883294074,0.07923533566259075,0.09666317762574618,0.95,percentile,rao_wu_rescaled_bootstrap,2000,2000,1.0,15
MEC examination sample,inflammatory comparison sample,model3_inflammatory,Model 3 inflammatory,xgboost,2013-2014,5522,573,combined_mec_weight,weighted_mean_predicted_probability,0.09430727700482185,0.0942420824840298,-6.51945207920529e-05,0.002514028329145545,0.08936619803474181,0.09927014521249063,0.95,percentile,rao_wu_rescaled_bootstrap,2000,2000,1.0,15
MEC examination sample,inflammatory comparison sample,model3_inflammatory,Model 3 inflammatory,xgboost,2013-2014,5522,573,combined_mec_weight,calibration_in_the_large,-0.07429556515518643,-0.07609630899096043,-0.001800743835773999,0.054126373277297565,-0.18240202817539655,0.02759908978045852,0.95,percentile,rao_wu_rescaled_bootstrap,2000,2000,1.0,15
fasting subsample,combined comparison sample,model4_combined,Model 4 combined biomarkers,xgboost,2013-2014,2370,244,combined_fasting_weight,survey_weighted_AUROC,0.8659280122143553,0.8658082483695795,-0.00011976384477585533,0.018874092183168614,0.8300315371021507,0.9020356015081648,0.95,percentile,rao_wu_rescaled_bootstrap,2000,2000,1.0,15
fasting subsample,combined comparison sample,model4_combined,Model 4 combined biomarkers,xgboost,2013-2014,2370,244,combined_fasting_weight,survey_weighted_PR_AUC,0.4439184237678893,0.4471996404969849,0.003281216729095593,0.026193948350558136,0.3933756196424896,0.4939120429177283,0.95,percentile,rao_wu_rescaled_bootstrap,2000,2000,1.0,15
fasting subsample,combined comparison sample,model4_combined,Model 4 combined biomarkers,xgboost,2013-2014,2370,244,combined_fasting_weight,weighted_Brier,0.06267794134444407,0.06248910750161662,-0.00018883384282745302,0.006229014264226149,0.050124835319774935,0.07420259143391096,0.95,percentile,rao_wu_rescaled_bootstrap,2000,2000,1.0,15
fasting subsample,combined comparison sample,model4_combined,Model 4 combined biomarkers,xgboost,2013-2014,2370,244,combined_fasting_weight,weighted_log_loss,0.2171443476974691,0.21660783883793266,-0.0005365088595364331,0.018848246827244758,0.17967070596685822,0.2526445843010082,0.95,percentile,rao_wu_rescaled_bootstrap,2000,2000,1.0,15
fasting subsample,combined comparison sample,model4_combined,Model 4 combined biomarkers,xgboost,2013-2014,2370,244,combined_fasting_weight,calibration_intercept,0.003995451488280998,-0.0009212746728423118,-0.00491672616112331,0.12191870855201448,-0.23597447227517596,0.21413335843283968,0.95,percentile,rao_wu_rescaled_bootstrap,2000,2000,1.0,15
fasting subsample,combined comparison sample,model4_combined,Model 4 combined biomarkers,xgboost,2013-2014,2370,244,combined_fasting_weight,calibration_slope,1.0889461193840155,1.0950336632081266,0.00608754382411103,0.08180515026412369,0.9533627547021497,1.2733655608278722,0.95,percentile,rao_wu_rescaled_bootstrap,2000,2000,1.0,15
fasting subsample,combined comparison sample,model4_combined,Model 4 combined biomarkers,xgboost,2013-2014,2370,244,combined_fasting_weight,observed_expected_ratio,0.910678523218223,0.9065123340454185,-0.004166189172804424,0.07480553197114337,0.7551671546657746,1.0449343909157944,0.95,percentile,rao_wu_rescaled_bootstrap,2000,2000,1.0,15
fasting subsample,combined comparison sample,model4_combined,Model 4 combined biomarkers,xgboost,2013-2014,2370,244,combined_fasting_weight,weighted_observed_prevalence,0.08899312948449874,0.08863166441097839,-0.00036146507352034785,0.009453529302601536,0.07014964278651123,0.1061117376959083,0.95,percentile,rao_wu_rescaled_bootstrap,2000,2000,1.0,15
fasting subsample,combined comparison sample,model4_combined,Model 4 combined biomarkers,xgboost,2013-2014,2370,244,combined_fasting_weight,weighted_mean_predicted_probability,0.09772178350051372,0.09761970109031452,-0.00010208241019919739,0.0038293158567598634,0.0900978237062421,0.10502832454881247,0.95,percentile,rao_wu_rescaled_bootstrap,2000,2000,1.0,15
fasting subsample,combined comparison sample,model4_combined,Model 4 combined biomarkers,xgboost,2013-2014,2370,244,combined_fasting_weight,calibration_in_the_large,-0.10319284984964039,-0.11147467744409861,-0.008281827594458224,0.09131113477597352,-0.3063063859566977,0.04916748735111149,0.95,percentile,rao_wu_rescaled_bootstrap,2000,2000,1.0,15
MEC examination sample,core MEC target sample,model0_core,Model 0 core clinical,xgboost,2015-2016,5404,597,combined_mec_weight,survey_weighted_AUROC,0.8655147015741899,0.8656380265591703,0.0001233249849804663,0.009878374554555132,0.8473948325033394,0.8847194092210217,0.95,percentile,rao_wu_rescaled_bootstrap,2000,2000,1.0,15
MEC examination sample,core MEC target sample,model0_core,Model 0 core clinical,xgboost,2015-2016,5404,597,combined_mec_weight,survey_weighted_PR_AUC,0.37622613252303155,0.3802704330888517,0.004044300565820169,0.017925461355933873,0.34658990701689496,0.4162173806056171,0.95,percentile,rao_wu_rescaled_bootstrap,2000,2000,1.0,15
MEC examination sample,core MEC target sample,model0_core,Model 0 core clinical,xgboost,2015-2016,5404,597,combined_mec_weight,weighted_Brier,0.06428748106142629,0.06435962348335929,7.214242193299969e-05,0.003804166276590395,0.057008278558270314,0.07177139693951329,0.95,percentile,rao_wu_rescaled_bootstrap,2000,2000,1.0,15
MEC examination sample,core MEC target sample,model0_core,Model 0 core clinical,xgboost,2015-2016,5404,597,combined_mec_weight,weighted_log_loss,0.21859857711752476,0.2187749377116292,0.0001763605941044466,0.011800294880490305,0.19562795381164982,0.24176778714677813,0.95,percentile,rao_wu_rescaled_bootstrap,2000,2000,1.0,15
MEC examination sample,core MEC target sample,model0_core,Model 0 core clinical,xgboost,2015-2016,5404,597,combined_mec_weight,calibration_intercept,0.0141481790484985,0.019029710530413472,0.004881531481914971,0.08608159198812355,-0.13517381358440894,0.18543591071045018,0.95,percentile,rao_wu_rescaled_bootstrap,2000,2000,1.0,15
MEC examination sample,core MEC target sample,model0_core,Model 0 core clinical,xgboost,2015-2016,5404,597,combined_mec_weight,calibration_slope,1.061405147115536,1.0639849412522804,0.0025797941367444732,0.04561486040671237,0.986803426185724,1.1525893374711302,0.95,percentile,rao_wu_rescaled_bootstrap,2000,2000,1.0,15
MEC examination sample,core MEC target sample,model0_core,Model 0 core clinical,xgboost,2015-2016,5404,597,combined_mec_weight,observed_expected_ratio,0.9410932316815042,0.9419704641866802,0.0008772325051760177,0.032104552033634354,0.8793580475417085,1.0038633212991634,0.95,percentile,rao_wu_rescaled_bootstrap,2000,2000,1.0,15
MEC examination sample,core MEC target sample,model0_core,Model 0 core clinical,xgboost,2015-2016,5404,597,combined_mec_weight,weighted_observed_prevalence,0.08730107214212413,0.08744325344633179,0.00014218130420766417,0.005389585046975443,0.07680942667138858,0.09825181648005074,0.95,percentile,rao_wu_rescaled_bootstrap,2000,2000,1.0,15
MEC examination sample,core MEC target sample,model0_core,Model 0 core clinical,xgboost,2015-2016,5404,597,combined_mec_weight,weighted_mean_predicted_probability,0.0927655934642505,0.09279694131200597,3.1347847755464064e-05,0.004074749311083518,0.08478933426725628,0.10062718548228307,0.95,percentile,rao_wu_rescaled_bootstrap,2000,2000,1.0,15
MEC examination sample,core MEC target sample,model0_core,Model 0 core clinical,xgboost,2015-2016,5404,597,combined_mec_weight,calibration_in_the_large,-0.06671827356546434,-0.06623892914561841,0.00047934441984592846,0.0372983070286551,-0.1400336314390866,0.004283474422463121,0.95,percentile,rao_wu_rescaled_bootstrap,2000,2000,1.0,15
fasting subsample,combined comparison sample,model0_paired_combined,Model 0 paired combined sample,xgboost,2015-2016,2246,266,combined_fasting_weight,survey_weighted_AUROC,0.858945525499689,0.8594831599573085,0.0005376344576194514,0.013658909360226781,0.8332125239507351,0.885669190451331,0.95,percentile,rao_wu_rescaled_bootstrap,2000,2000,1.0,15
fasting subsample,combined comparison sample,model0_paired_combined,Model 0 paired combined sample,xgboost,2015-2016,2246,266,combined_fasting_weight,survey_weighted_PR_AUC,0.394007489041139,0.40273511120436534,0.008727622163226312,0.04739202535910602,0.31199073981607944,0.4969273665536262,0.95,percentile,rao_wu_rescaled_bootstrap,2000,2000,1.0,15
fasting subsample,combined comparison sample,model0_paired_combined,Model 0 paired combined sample,xgboost,2015-2016,2246,266,combined_fasting_weight,weighted_Brier,0.0657442022564251,0.06566568245722375,-7.851979920135699e-05,0.003921655485629264,0.05806979217834987,0.07309897514072784,0.95,percentile,rao_wu_rescaled_bootstrap,2000,2000,1.0,15
fasting subsample,combined comparison sample,model0_paired_combined,Model 0 paired combined sample,xgboost,2015-2016,2246,266,combined_fasting_weight,weighted_log_loss,0.22601069668827453,0.22571762382016766,-0.0002930728681068695,0.012727907149156842,0.20131239106798104,0.24952411679136038,0.95,percentile,rao_wu_rescaled_bootstrap,2000,2000,1.0,15
fasting subsample,combined comparison sample,model0_paired_combined,Model 0 paired combined sample,xgboost,2015-2016,2246,266,combined_fasting_weight,calibration_intercept,0.029384713397857528,0.04062509038545532,0.011240376987597795,0.18214202298635312,-0.3062472729532664,0.4062910989945399,0.95,percentile,rao_wu_rescaled_bootstrap,2000,2000,1.0,15
fasting subsample,combined comparison sample,model0_paired_combined,Model 0 paired combined sample,xgboost,2015-2016,2246,266,combined_fasting_weight,calibration_slope,1.1004014630029793,1.1090107589814715,0.008609295978492248,0.07978413957884721,0.9668336798826836,1.2747165040559172,0.95,percentile,rao_wu_rescaled_bootstrap,2000,2000,1.0,15
fasting subsample,combined comparison sample,model0_paired_combined,Model 0 paired combined sample,xgboost,2015-2016,2246,266,combined_fasting_weight,observed_expected_ratio,0.9127753265258122,0.9135859214172167,0.0008105948914045591,0.06148134903946159,0.7983671722561767,1.0376372714051985,0.95,percentile,rao_wu_rescaled_bootstrap,2000,2000,1.0,15
fasting subsample,combined comparison sample,model0_paired_combined,Model 0 paired combined sample,xgboost,2015-2016,2246,266,combined_fasting_weight,weighted_observed_prevalence,0.09057334731792417,0.09065161642982031,7.826911189613706e-05,0.007201946848645492,0.07685144971345548,0.10451609237881979,0.95,percentile,rao_wu_rescaled_bootstrap,2000,2000,1.0,15
fasting subsample,combined comparison sample,model0_paired_combined,Model 0 paired combined sample,xgboost,2015-2016,2246,266,combined_fasting_weight,weighted_mean_predicted_probability,0.09922852282024613,0.09921192493254538,-1.6597887700753322e-05,0.003880772380648175,0.09144729369221866,0.10655376331247202,0.95,percentile,rao_wu_rescaled_bootstrap,2000,2000,1.0,15
fasting subsample,combined comparison sample,model0_paired_combined,Model 0 paired combined sample,xgboost,2015-2016,2246,266,combined_fasting_weight,calibration_in_the_large,-0.10082826727633876,-0.1020824482288773,-0.0012541809525385417,0.07410145407657144,-0.24657901225683665,0.04079004232887808,0.95,percentile,rao_wu_rescaled_bootstrap,2000,2000,1.0,15
fasting subsample,metabolic comparison sample,model0_paired_metabolic,Model 0 paired metabolic sample,xgboost,2015-2016,2246,266,combined_fasting_weight,survey_weighted_AUROC,0.858945525499689,0.8594831599573085,0.0005376344576194514,0.013658909360226781,0.8332125239507351,0.885669190451331,0.95,percentile,rao_wu_rescaled_bootstrap,2000,2000,1.0,15
fasting subsample,metabolic comparison sample,model0_paired_metabolic,Model 0 paired metabolic sample,xgboost,2015-2016,2246,266,combined_fasting_weight,survey_weighted_PR_AUC,0.394007489041139,0.40273511120436534,0.008727622163226312,0.04739202535910602,0.31199073981607944,0.4969273665536262,0.95,percentile,rao_wu_rescaled_bootstrap,2000,2000,1.0,15
fasting subsample,metabolic comparison sample,model0_paired_metabolic,Model 0 paired metabolic sample,xgboost,2015-2016,2246,266,combined_fasting_weight,weighted_Brier,0.0657442022564251,0.06566568245722375,-7.851979920135699e-05,0.003921655485629264,0.05806979217834987,0.07309897514072784,0.95,percentile,rao_wu_rescaled_bootstrap,2000,2000,1.0,15
fasting subsample,metabolic comparison sample,model0_paired_metabolic,Model 0 paired metabolic sample,xgboost,2015-2016,2246,266,combined_fasting_weight,weighted_log_loss,0.22601069668827453,0.22571762382016766,-0.0002930728681068695,0.012727907149156842,0.20131239106798104,0.24952411679136038,0.95,percentile,rao_wu_rescaled_bootstrap,2000,2000,1.0,15
fasting subsample,metabolic comparison sample,model0_paired_metabolic,Model 0 paired metabolic sample,xgboost,2015-2016,2246,266,combined_fasting_weight,calibration_intercept,0.029384713397857528,0.04062509038545532,0.011240376987597795,0.18214202298635312,-0.3062472729532664,0.4062910989945399,0.95,percentile,rao_wu_rescaled_bootstrap,2000,2000,1.0,15
fasting subsample,metabolic comparison sample,model0_paired_metabolic,Model 0 paired metabolic sample,xgboost,2015-2016,2246,266,combined_fasting_weight,calibration_slope,1.1004014630029793,1.1090107589814715,0.008609295978492248,0.07978413957884721,0.9668336798826836,1.2747165040559172,0.95,percentile,rao_wu_rescaled_bootstrap,2000,2000,1.0,15
fasting subsample,metabolic comparison sample,model0_paired_metabolic,Model 0 paired metabolic sample,xgboost,2015-2016,2246,266,combined_fasting_weight,observed_expected_ratio,0.9127753265258122,0.9135859214172167,0.0008105948914045591,0.06148134903946159,0.7983671722561767,1.0376372714051985,0.95,percentile,rao_wu_rescaled_bootstrap,2000,2000,1.0,15
fasting subsample,metabolic comparison sample,model0_paired_metabolic,Model 0 paired metabolic sample,xgboost,2015-2016,2246,266,combined_fasting_weight,weighted_observed_prevalence,0.09057334731792417,0.09065161642982031,7.826911189613706e-05,0.007201946848645492,0.07685144971345548,0.10451609237881979,0.95,percentile,rao_wu_rescaled_bootstrap,2000,2000,1.0,15
fasting subsample,metabolic comparison sample,model0_paired_metabolic,Model 0 paired metabolic sample,xgboost,2015-2016,2246,266,combined_fasting_weight,weighted_mean_predicted_probability,0.09922852282024613,0.09921192493254538,-1.6597887700753322e-05,0.003880772380648175,0.09144729369221866,0.10655376331247202,0.95,percentile,rao_wu_rescaled_bootstrap,2000,2000,1.0,15
fasting subsample,metabolic comparison sample,model0_paired_metabolic,Model 0 paired metabolic sample,xgboost,2015-2016,2246,266,combined_fasting_weight,calibration_in_the_large,-0.10082826727633876,-0.1020824482288773,-0.0012541809525385417,0.07410145407657144,-0.24657901225683665,0.04079004232887808,0.95,percentile,rao_wu_rescaled_bootstrap,2000,2000,1.0,15
MEC examination sample,renal comparison sample,model1_renal,Model 1 renal,xgboost,2015-2016,5404,597,combined_mec_weight,survey_weighted_AUROC,0.8679895618106076,0.8681118329697795,0.0001222711591718495,0.009868786111351774,0.8501508862466483,0.8870694238336756,0.95,percentile,rao_wu_rescaled_bootstrap,2000,2000,1.0,15
MEC examination sample,renal comparison sample,model1_renal,Model 1 renal,xgboost,2015-2016,5404,597,combined_mec_weight,survey_weighted_PR_AUC,0.3840602870985435,0.38899040868050416,0.004930121581960656,0.020101787838776846,0.3520763534416385,0.4284322171597136,0.95,percentile,rao_wu_rescaled_bootstrap,2000,2000,1.0,15
MEC examination sample,renal comparison sample,model1_renal,Model 1 renal,xgboost,2015-2016,5404,597,combined_mec_weight,weighted_Brier,0.06395437131335566,0.06402208743906722,6.77161257115616e-05,0.0037984401954211187,0.056533705499570576,0.07143948627087097,0.95,percentile,rao_wu_rescaled_bootstrap,2000,2000,1.0,15
MEC examination sample,renal comparison sample,model1_renal,Model 1 renal,xgboost,2015-2016,5404,597,combined_mec_weight,weighted_log_loss,0.2175174821738994,0.21768377567682692,0.000166293502927517,0.01171403991275567,0.19467072908757824,0.24026278620902314,0.95,percentile,rao_wu_rescaled_bootstrap,2000,2000,1.0,15
MEC examination sample,renal comparison sample,model1_renal,Model 1 renal,xgboost,2015-2016,5404,597,combined_mec_weight,calibration_intercept,0.0030167466500900884,0.007244366771516238,0.00422762012142615,0.09723414747368946,-0.15824687156088488,0.18111311096812105,0.95,percentile,rao_wu_rescaled_bootstrap,2000,2000,1.0,15
MEC examination sample,renal comparison sample,model1_renal,Model 1 renal,xgboost,2015-2016,5404,597,combined_mec_weight,calibration_slope,1.04733416508781,1.0501175633169502,0.0027833982291400883,0.05157365814247599,0.9668191316115683,1.1406290912713506,0.95,percentile,rao_wu_rescaled_bootstrap,2000,2000,1.0,15
MEC examination sample,renal comparison sample,model1_renal,Model 1 renal,xgboost,2015-2016,5404,597,combined_mec_weight,observed_expected_ratio,0.948674561771688,0.9491427664040973,0.0004682046324093747,0.03342625400609723,0.8837404860720426,1.0136733708573111,0.95,percentile,rao_wu_rescaled_bootstrap,2000,2000,1.0,15
MEC examination sample,renal comparison sample,model1_renal,Model 1 renal,xgboost,2015-2016,5404,597,combined_mec_weight,weighted_observed_prevalence,0.08730107214212413,0.08744325344633179,0.00014218130420766417,0.005389585046975443,0.07680942667138858,0.09825181648005074,0.95,percentile,rao_wu_rescaled_bootstrap,2000,2000,1.0,15
MEC examination sample,renal comparison sample,model1_renal,Model 1 renal,xgboost,2015-2016,5404,597,combined_mec_weight,weighted_mean_predicted_probability,0.09202425748518633,0.09209075978964987,6.650230446353378e-05,0.003846357831459622,0.0845256915750979,0.09931485573227526,0.95,percentile,rao_wu_rescaled_bootstrap,2000,2000,1.0,15
MEC examination sample,renal comparison sample,model1_renal,Model 1 renal,xgboost,2015-2016,5404,597,combined_mec_weight,calibration_in_the_large,-0.05787786859472721,-0.05791409288536822,-3.6224290641005685e-05,0.0385612292796508,-0.13519149498667174,0.015052217712231152,0.95,percentile,rao_wu_rescaled_bootstrap,2000,2000,1.0,15
fasting subsample,metabolic comparison sample,model2_metabolic,Model 2 metabolic,xgboost,2015-2016,2246,266,combined_fasting_weight,survey_weighted_AUROC,0.857385730752938,0.8580233215123606,0.0006375907594226016,0.01433618026540513,0.8311162496353295,0.8857956629433081,0.95,percentile,rao_wu_rescaled_bootstrap,2000,2000,1.0,15
fasting subsample,metabolic comparison sample,model2_metabolic,Model 2 metabolic,xgboost,2015-2016,2246,266,combined_fasting_weight,survey_weighted_PR_AUC,0.38800371196623135,0.39679393071635494,0.00879021875012359,0.04382722174602261,0.3139363750474328,0.485231374554174,0.95,percentile,rao_wu_rescaled_bootstrap,2000,2000,1.0,15
fasting subsample,metabolic comparison sample,model2_metabolic,Model 2 metabolic,xgboost,2015-2016,2246,266,combined_fasting_weight,weighted_Brier,0.06608328633908134,0.06602929359929714,-5.399273978419494e-05,0.004078521828808692,0.05806943894776265,0.07380728457425324,0.95,percentile,rao_wu_rescaled_bootstrap,2000,2000,1.0,15
fasting subsample,metabolic comparison sample,model2_metabolic,Model 2 metabolic,xgboost,2015-2016,2246,266,combined_fasting_weight,weighted_log_loss,0.22676660857541156,0.22651087979480528,-0.0002557287806062847,0.013149484350034494,0.2008727387581915,0.25135862821852367,0.95,percentile,rao_wu_rescaled_bootstrap,2000,2000,1.0,15
fasting subsample,metabolic comparison sample,model2_metabolic,Model 2 metabolic,xgboost,2015-2016,2246,266,combined_fasting_weight,calibration_intercept,0.040632241414198064,0.05151467445047229,0.010882433036274224,0.17941644571161525,-0.29069950294149693,0.41576885979695993,0.95,percentile,rao_wu_rescaled_bootstrap,2000,2000,1.0,15
fasting subsample,metabolic comparison sample,model2_metabolic,Model 2 metabolic,xgboost,2015-2016,2246,266,combined_fasting_weight,calibration_slope,1.1013498298972442,1.1094376495906473,0.008087819693403109,0.07943401614606548,0.970972960511202,1.2759095370346816,0.95,percentile,rao_wu_rescaled_bootstrap,2000,2000,1.0,15
fasting subsample,metabolic comparison sample,model2_metabolic,Model 2 metabolic,xgboost,2015-2016,2246,266,combined_fasting_weight,observed_expected_ratio,0.917979589111473,0.9188427593133178,0.0008631702018447873,0.061022069742406,0.8042241373273703,1.042379977535451,0.95,percentile,rao_wu_rescaled_bootstrap,2000,2000,1.0,15
fasting subsample,metabolic comparison sample,model2_metabolic,Model 2 metabolic,xgboost,2015-2016,2246,266,combined_fasting_weight,weighted_observed_prevalence,0.09057334731792417,0.09065161642982031,7.826911189613706e-05,0.007201946848645492,0.07685144971345548,0.10451609237881979,0.95,percentile,rao_wu_rescaled_bootstrap,2000,2000,1.0,15
fasting subsample,metabolic comparison sample,model2_metabolic,Model 2 metabolic,xgboost,2015-2016,2246,266,combined_fasting_weight,weighted_mean_predicted_probability,0.09866597078219522,0.09863809651567759,-2.787426651762459e-05,0.0038445850125117596,0.09088390030986651,0.10590140461855789,0.95,percentile,rao_wu_rescaled_bootstrap,2000,2000,1.0,15
fasting subsample,metabolic comparison sample,model2_metabolic,Model 2 metabolic,xgboost,2015-2016,2246,266,combined_fasting_weight,calibration_in_the_large,-0.09451855108357732,-0.09565032730384294,-0.0011317762202656262,0.07315790587176271,-0.23827328006748505,0.04625693930417299,0.95,percentile,rao_wu_rescaled_bootstrap,2000,2000,1.0,15
MEC examination sample,inflammatory comparison sample,model3_inflammatory,Model 3 inflammatory,xgboost,2015-2016,5404,597,combined_mec_weight,survey_weighted_AUROC,0.8674969402376446,0.8675461859055058,4.924566786124185e-05,0.009755648219563604,0.8498556978051894,0.886329156847909,0.95,percentile,rao_wu_rescaled_bootstrap,2000,2000,1.0,15
MEC examination sample,inflammatory comparison sample,model3_inflammatory,Model 3 inflammatory,xgboost,2015-2016,5404,597,combined_mec_weight,survey_weighted_PR_AUC,0.37663488764541336,0.38133710330842996,0.004702215663016596,0.020605570301944712,0.3436518749651393,0.42166654500219664,0.95,percentile,rao_wu_rescaled_bootstrap,2000,2000,1.0,15
MEC examination sample,inflammatory comparison sample,model3_inflammatory,Model 3 inflammatory,xgboost,2015-2016,5404,597,combined_mec_weight,weighted_Brier,0.06418342098934622,0.06424297696472016,5.95559753739372e-05,0.003820051565460989,0.056783737832920754,0.07152421088622941,0.95,percentile,rao_wu_rescaled_bootstrap,2000,2000,1.0,15
MEC examination sample,inflammatory comparison sample,model3_inflammatory,Model 3 inflammatory,xgboost,2015-2016,5404,597,combined_mec_weight,weighted_log_loss,0.21784869906831641,0.21799927104622374,0.00015057197790732668,0.011744267305150062,0.19483911514284036,0.24057920528898102,0.95,percentile,rao_wu_rescaled_bootstrap,2000,2000,1.0,15
MEC examination sample,inflammatory comparison sample,model3_inflammatory,Model 3 inflammatory,xgboost,2015-2016,5404,597,combined_mec_weight,calibration_intercept,-0.007952564680947282,-0.0025066377719666385,0.005445926908980643,0.09173252847647356,-0.17355691582332367,0.17528245761431194,0.95,percentile,rao_wu_rescaled_bootstrap,2000,2000,1.0,15
MEC examination sample,inflammatory comparison sample,model3_inflammatory,Model 3 inflammatory,xgboost,2015-2016,5404,597,combined_mec_weight,calibration_slope,1.0495492445510888,1.0526598922184014,0.003110647667312616,0.04728075068438043,0.9736773496672003,1.1425343652866247,0.95,percentile,rao_wu_rescaled_bootstrap,2000,2000,1.0,15
MEC examination sample,inflammatory comparison sample,model3_inflammatory,Model 3 inflammatory,xgboost,2015-2016,5404,597,combined_mec_weight,observed_expected_ratio,0.9395840856261295,0.94046769079135,0.000883605165220458,0.03323824276418643,0.876121367915359,1.003841681804336,0.95,percentile,rao_wu_rescaled_bootstrap,2000,2000,1.0,15
MEC examination sample,inflammatory comparison sample,model3_inflammatory,Model 3 inflammatory,xgboost,2015-2016,5404,597,combined_mec_weight,weighted_observed_prevalence,0.08730107214212413,0.08744325344633179,0.00014218130420766417,0.005389585046975443,0.07680942667138858,0.09825181648005074,0.95,percentile,rao_wu_rescaled_bootstrap,2000,2000,1.0,15
MEC examination sample,inflammatory comparison sample,model3_inflammatory,Model 3 inflammatory,xgboost,2015-2016,5404,597,combined_mec_weight,weighted_mean_predicted_probability,0.09291459218782698,0.09294861815527233,3.402596744535302e-05,0.004065326450770626,0.08481451599727972,0.10077557934371131,0.95,percentile,rao_wu_rescaled_bootstrap,2000,2000,1.0,15
MEC examination sample,inflammatory comparison sample,model3_inflammatory,Model 3 inflammatory,xgboost,2015-2016,5404,597,combined_mec_weight,calibration_in_the_large,-0.06848741770736,-0.06804669808697215,0.0004407196203878444,0.03869738715477304,-0.1442003003350155,0.004230259639845994,0.95,percentile,rao_wu_rescaled_bootstrap,2000,2000,1.0,15
fasting subsample,combined comparison sample,model4_combined,Model 4 combined biomarkers,xgboost,2015-2016,2246,266,combined_fasting_weight,survey_weighted_AUROC,0.8662194000654346,0.8670055384458037,0.0007861383803691169,0.01320161116126719,0.8412355544029164,0.8919334478653796,0.95,percentile,rao_wu_rescaled_bootstrap,2000,2000,1.0,15
fasting subsample,combined comparison sample,model4_combined,Model 4 combined biomarkers,xgboost,2015-2016,2246,266,combined_fasting_weight,survey_weighted_PR_AUC,0.4276074952208381,0.43406388756917286,0.006456392348334783,0.03849464257288824,0.3610289884477645,0.5076880783913272,0.95,percentile,rao_wu_rescaled_bootstrap,2000,2000,1.0,15
fasting subsample,combined comparison sample,model4_combined,Model 4 combined biomarkers,xgboost,2015-2016,2246,266,combined_fasting_weight,weighted_Brier,0.0641492841228218,0.06410239430170336,-4.688982111843154e-05,0.004035908140587998,0.056339614314186506,0.07195049575598332,0.95,percentile,rao_wu_rescaled_bootstrap,2000,2000,1.0,15
fasting subsample,combined comparison sample,model4_combined,Model 4 combined biomarkers,xgboost,2015-2016,2246,266,combined_fasting_weight,weighted_log_loss,0.22086360619143824,0.22062653843498764,-0.00023706775645060407,0.013037800488533436,0.19541117532423266,0.2456479085645362,0.95,percentile,rao_wu_rescaled_bootstrap,2000,2000,1.0,15
fasting subsample,combined comparison sample,model4_combined,Model 4 combined biomarkers,xgboost,2015-2016,2246,266,combined_fasting_weight,calibration_intercept,0.12586058236525532,0.13096251410191825,0.005101931736662929,0.14378816405832334,-0.146304857375834,0.41258213582183373,0.95,percentile,rao_wu_rescaled_bootstrap,2000,2000,1.0,15
fasting subsample,combined comparison sample,model4_combined,Model 4 combined biomarkers,xgboost,2015-2016,2246,266,combined_fasting_weight,calibration_slope,1.1434170462061783,1.1491470834563193,0.005730037250140985,0.06347947727244176,1.0338028157488133,1.2765610620628522,0.95,percentile,rao_wu_rescaled_bootstrap,2000,2000,1.0,15
fasting subsample,combined comparison sample,model4_combined,Model 4 combined biomarkers,xgboost,2015-2016,2246,266,combined_fasting_weight,observed_expected_ratio,0.9329156056431696,0.9327944812762783,-0.0001211243668912676,0.058978363188746455,0.8227619699112486,1.0519217564606882,0.95,percentile,rao_wu_rescaled_bootstrap,2000,2000,1.0,15
fasting subsample,combined comparison sample,model4_combined,Model 4 combined biomarkers,xgboost,2015-2016,2246,266,combined_fasting_weight,weighted_observed_prevalence,0.09057334731792417,0.09065161642982031,7.826911189613706e-05,0.007201946848645492,0.07685144971345548,0.10451609237881979,0.95,percentile,rao_wu_rescaled_bootstrap,2000,2000,1.0,15
fasting subsample,combined comparison sample,model4_combined,Model 4 combined biomarkers,xgboost,2015-2016,2246,266,combined_fasting_weight,weighted_mean_predicted_probability,0.09708632460433675,0.09713920678983974,5.288218550299206e-05,0.003693942020518928,0.08983540187037019,0.10417487422143037,0.95,percentile,rao_wu_rescaled_bootstrap,2000,2000,1.0,15
fasting subsample,combined comparison sample,model4_combined,Model 4 combined biomarkers,xgboost,2015-2016,2246,266,combined_fasting_weight,calibration_in_the_large,-0.07662793472479068,-0.07871259967879163,-0.0020846649540009476,0.06965588209107122,-0.21334481110478895,0.056232846218553956,0.95,percentile,rao_wu_rescaled_bootstrap,2000,2000,1.0,15
MEC examination sample,core MEC target sample,model0_core,Model 0 core clinical,xgboost,2017-2018,5209,646,combined_mec_weight,survey_weighted_AUROC,0.8513899924474513,0.8511192265616867,-0.00027076588576457894,0.007249453175838135,0.8363213740219894,0.8648355385572654,0.95,percentile,rao_wu_rescaled_bootstrap,2000,2000,1.0,15
MEC examination sample,core MEC target sample,model0_core,Model 0 core clinical,xgboost,2017-2018,5209,646,combined_mec_weight,survey_weighted_PR_AUC,0.3663011677286718,0.3701904451054027,0.0038892773767309485,0.02699246999385884,0.32075716397537246,0.42343436649163785,0.95,percentile,rao_wu_rescaled_bootstrap,2000,2000,1.0,15
MEC examination sample,core MEC target sample,model0_core,Model 0 core clinical,xgboost,2017-2018,5209,646,combined_mec_weight,weighted_Brier,0.07141078575301947,0.07137792679797908,-3.2858955040390714e-05,0.003959619929197584,0.0638065097335258,0.07921936622398747,0.95,percentile,rao_wu_rescaled_bootstrap,2000,2000,1.0,15
MEC examination sample,core MEC target sample,model0_core,Model 0 core clinical,xgboost,2017-2018,5209,646,combined_mec_weight,weighted_log_loss,0.24021387155003032,0.24013857505466593,-7.529649536439087e-05,0.010381702734658231,0.22022406663523883,0.26047737977080815,0.95,percentile,rao_wu_rescaled_bootstrap,2000,2000,1.0,15
MEC examination sample,core MEC target sample,model0_core,Model 0 core clinical,xgboost,2017-2018,5209,646,combined_mec_weight,calibration_intercept,0.0007755849763541595,0.0002933860887901383,-0.0004821988875640212,0.11195658916484313,-0.2268301211319294,0.20591024173913522,0.95,percentile,rao_wu_rescaled_bootstrap,2000,2000,1.0,15
MEC examination sample,core MEC target sample,model0_core,Model 0 core clinical,xgboost,2017-2018,5209,646,combined_mec_weight,calibration_slope,1.007933387907845,1.0085968317645635,0.0006634438567185708,0.03892872938320811,0.9416672426105352,1.0840412054724198,0.95,percentile,rao_wu_rescaled_bootstrap,2000,2000,1.0,15
MEC examination sample,core MEC target sample,model0_core,Model 0 core clinical,xgboost,2017-2018,5209,646,combined_mec_weight,observed_expected_ratio,0.9914419427663055,0.9917334214918635,0.00029147872555801424,0.055004434394006506,0.8824249540163679,1.0982785890411562,0.95,percentile,rao_wu_rescaled_bootstrap,2000,2000,1.0,15
MEC examination sample,core MEC target sample,model0_core,Model 0 core clinical,xgboost,2017-2018,5209,646,combined_mec_weight,weighted_observed_prevalence,0.09637478593053449,0.09633383235112558,-4.095357940890609e-05,0.006693164885588429,0.0835159677837822,0.10953261262010124,0.95,percentile,rao_wu_rescaled_bootstrap,2000,2000,1.0,15
MEC examination sample,core MEC target sample,model0_core,Model 0 core clinical,xgboost,2017-2018,5209,646,combined_mec_weight,weighted_mean_predicted_probability,0.0972066863155205,0.09710092275091284,-0.00010576356460766101,0.003097221615630946,0.09129971143309717,0.10298909819001334,0.95,percentile,rao_wu_rescaled_bootstrap,2000,2000,1.0,15
MEC examination sample,core MEC target sample,model0_core,Model 0 core clinical,xgboost,2017-2018,5209,646,combined_mec_weight,calibration_in_the_large,-0.009515937190689439,-0.010674041266934785,-0.001158104076245347,0.06159105796643917,-0.13760001646918174,0.10406590796208541,0.95,percentile,rao_wu_rescaled_bootstrap,2000,2000,1.0,15
fasting subsample,combined comparison sample,model0_paired_combined,Model 0 paired combined sample,xgboost,2017-2018,2279,287,combined_fasting_weight,survey_weighted_AUROC,0.8272792279845541,0.8264315917298316,-0.0008476362547225058,0.014569840200877855,0.7968115186107436,0.8520157173838455,0.95,percentile,rao_wu_rescaled_bootstrap,2000,2000,1.0,15
fasting subsample,combined comparison sample,model0_paired_combined,Model 0 paired combined sample,xgboost,2017-2018,2279,287,combined_fasting_weight,survey_weighted_PR_AUC,0.3305817415691558,0.33550019226045885,0.0049184506913030335,0.036349592849207565,0.2641641659639278,0.40199452316375406,0.95,percentile,rao_wu_rescaled_bootstrap,2000,2000,1.0,15
fasting subsample,combined comparison sample,model0_paired_combined,Model 0 paired combined sample,xgboost,2017-2018,2279,287,combined_fasting_weight,weighted_Brier,0.07775079207593968,0.07784370914816964,9.291707222995604e-05,0.005241972679357848,0.06765119562484341,0.08799388811591934,0.95,percentile,rao_wu_rescaled_bootstrap,2000,2000,1.0,15
fasting subsample,combined comparison sample,model0_paired_combined,Model 0 paired combined sample,xgboost,2017-2018,2279,287,combined_fasting_weight,weighted_log_loss,0.26065432152260265,0.260975517032215,0.00032119550961234866,0.013972300787952113,0.23444367085078105,0.2886699422362431,0.95,percentile,rao_wu_rescaled_bootstrap,2000,2000,1.0,15
fasting subsample,combined comparison sample,model0_paired_combined,Model 0 paired combined sample,xgboost,2017-2018,2279,287,combined_fasting_weight,calibration_intercept,-0.2660737058986605,-0.2643615913553638,0.0017121145432966722,0.1682963066009164,-0.5867090821744164,0.049813868460002964,0.95,percentile,rao_wu_rescaled_bootstrap,2000,2000,1.0,15
fasting subsample,combined comparison sample,model0_paired_combined,Model 0 paired combined sample,xgboost,2017-2018,2279,287,combined_fasting_weight,calibration_slope,0.8588814226538466,0.8610229759324892,0.0021415532786426272,0.061510708933022545,0.7469960421689883,0.9812329993144534,0.95,percentile,rao_wu_rescaled_bootstrap,2000,2000,1.0,15
fasting subsample,combined comparison sample,model0_paired_combined,Model 0 paired combined sample,xgboost,2017-2018,2279,287,combined_fasting_weight,observed_expected_ratio,0.9677258666325123,0.9708849419970229,0.003159075364510655,0.07992799122479088,0.817428702686587,1.1285601925042497,0.95,percentile,rao_wu_rescaled_bootstrap,2000,2000,1.0,15
fasting subsample,combined comparison sample,model0_paired_combined,Model 0 paired combined sample,xgboost,2017-2018,2279,287,combined_fasting_weight,weighted_observed_prevalence,0.09987693393124161,0.10007577025188329,0.00019883632064167378,0.00959451388460848,0.0813977214938659,0.11860801182763164,0.95,percentile,rao_wu_rescaled_bootstrap,2000,2000,1.0,15
fasting subsample,combined comparison sample,model0_paired_combined,Model 0 paired combined sample,xgboost,2017-2018,2279,287,combined_fasting_weight,weighted_mean_predicted_probability,0.10320787877541486,0.10312427961609173,-8.359915932312778e-05,0.005995487092535801,0.09141595298602437,0.11481097218973786,0.95,percentile,rao_wu_rescaled_bootstrap,2000,2000,1.0,15
fasting subsample,combined comparison sample,model0_paired_combined,Model 0 paired combined sample,xgboost,2017-2018,2279,287,combined_fasting_weight,calibration_in_the_large,-0.036513835205859824,-0.03631497365220531,0.0001988615536545127,0.09188292559743363,-0.22159457871617466,0.13593647831195302,0.95,percentile,rao_wu_rescaled_bootstrap,2000,2000,1.0,15
fasting subsample,metabolic comparison sample,model0_paired_metabolic,Model 0 paired metabolic sample,xgboost,2017-2018,2279,287,combined_fasting_weight,survey_weighted_AUROC,0.8272792279845541,0.8264315917298316,-0.0008476362547225058,0.014569840200877855,0.7968115186107436,0.8520157173838455,0.95,percentile,rao_wu_rescaled_bootstrap,2000,2000,1.0,15
fasting subsample,metabolic comparison sample,model0_paired_metabolic,Model 0 paired metabolic sample,xgboost,2017-2018,2279,287,combined_fasting_weight,survey_weighted_PR_AUC,0.3305817415691558,0.33550019226045885,0.0049184506913030335,0.036349592849207565,0.2641641659639278,0.40199452316375406,0.95,percentile,rao_wu_rescaled_bootstrap,2000,2000,1.0,15
fasting subsample,metabolic comparison sample,model0_paired_metabolic,Model 0 paired metabolic sample,xgboost,2017-2018,2279,287,combined_fasting_weight,weighted_Brier,0.07775079207593968,0.07784370914816964,9.291707222995604e-05,0.005241972679357848,0.06765119562484341,0.08799388811591934,0.95,percentile,rao_wu_rescaled_bootstrap,2000,2000,1.0,15
fasting subsample,metabolic comparison sample,model0_paired_metabolic,Model 0 paired metabolic sample,xgboost,2017-2018,2279,287,combined_fasting_weight,weighted_log_loss,0.26065432152260265,0.260975517032215,0.00032119550961234866,0.013972300787952113,0.23444367085078105,0.2886699422362431,0.95,percentile,rao_wu_rescaled_bootstrap,2000,2000,1.0,15
fasting subsample,metabolic comparison sample,model0_paired_metabolic,Model 0 paired metabolic sample,xgboost,2017-2018,2279,287,combined_fasting_weight,calibration_intercept,-0.2660737058986605,-0.2643615913553638,0.0017121145432966722,0.1682963066009164,-0.5867090821744164,0.049813868460002964,0.95,percentile,rao_wu_rescaled_bootstrap,2000,2000,1.0,15
fasting subsample,metabolic comparison sample,model0_paired_metabolic,Model 0 paired metabolic sample,xgboost,2017-2018,2279,287,combined_fasting_weight,calibration_slope,0.8588814226538466,0.8610229759324892,0.0021415532786426272,0.061510708933022545,0.7469960421689883,0.9812329993144534,0.95,percentile,rao_wu_rescaled_bootstrap,2000,2000,1.0,15
fasting subsample,metabolic comparison sample,model0_paired_metabolic,Model 0 paired metabolic sample,xgboost,2017-2018,2279,287,combined_fasting_weight,observed_expected_ratio,0.9677258666325123,0.9708849419970229,0.003159075364510655,0.07992799122479088,0.817428702686587,1.1285601925042497,0.95,percentile,rao_wu_rescaled_bootstrap,2000,2000,1.0,15
fasting subsample,metabolic comparison sample,model0_paired_metabolic,Model 0 paired metabolic sample,xgboost,2017-2018,2279,287,combined_fasting_weight,weighted_observed_prevalence,0.09987693393124161,0.10007577025188329,0.00019883632064167378,0.00959451388460848,0.0813977214938659,0.11860801182763164,0.95,percentile,rao_wu_rescaled_bootstrap,2000,2000,1.0,15
fasting subsample,metabolic comparison sample,model0_paired_metabolic,Model 0 paired metabolic sample,xgboost,2017-2018,2279,287,combined_fasting_weight,weighted_mean_predicted_probability,0.10320787877541486,0.10312427961609173,-8.359915932312778e-05,0.005995487092535801,0.09141595298602437,0.11481097218973786,0.95,percentile,rao_wu_rescaled_bootstrap,2000,2000,1.0,15
fasting subsample,metabolic comparison sample,model0_paired_metabolic,Model 0 paired metabolic sample,xgboost,2017-2018,2279,287,combined_fasting_weight,calibration_in_the_large,-0.036513835205859824,-0.03631497365220531,0.0001988615536545127,0.09188292559743363,-0.22159457871617466,0.13593647831195302,0.95,percentile,rao_wu_rescaled_bootstrap,2000,2000,1.0,15
MEC examination sample,renal comparison sample,model1_renal,Model 1 renal,xgboost,2017-2018,5209,646,combined_mec_weight,survey_weighted_AUROC,0.8532931411000736,0.8531065021777913,-0.00018663892228232282,0.007012759235833297,0.8393271416938294,0.8660660991090371,0.95,percentile,rao_wu_rescaled_bootstrap,2000,2000,1.0,15
MEC examination sample,renal comparison sample,model1_renal,Model 1 renal,xgboost,2017-2018,5209,646,combined_mec_weight,survey_weighted_PR_AUC,0.3742511082595893,0.37743909493589956,0.0031879866763102616,0.02510052237963724,0.3290131463750815,0.42553632656532964,0.95,percentile,rao_wu_rescaled_bootstrap,2000,2000,1.0,15
MEC examination sample,renal comparison sample,model1_renal,Model 1 renal,xgboost,2017-2018,5209,646,combined_mec_weight,weighted_Brier,0.07128089899958011,0.07123886212597444,-4.203687360566921e-05,0.0040300917243898055,0.06348334150096813,0.07912836684324448,0.95,percentile,rao_wu_rescaled_bootstrap,2000,2000,1.0,15
MEC examination sample,renal comparison sample,model1_renal,Model 1 renal,xgboost,2017-2018,5209,646,combined_mec_weight,weighted_log_loss,0.23948577797919504,0.2393819100805024,-0.0001038678986926278,0.010627631707229053,0.21907441324799326,0.2598958939501447,0.95,percentile,rao_wu_rescaled_bootstrap,2000,2000,1.0,15
MEC examination sample,renal comparison sample,model1_renal,Model 1 renal,xgboost,2017-2018,5209,646,combined_mec_weight,calibration_intercept,0.027837428766817416,0.028447534653036965,0.0006101058862195488,0.10453808570645877,-0.17784699057084644,0.22486808036520525,0.95,percentile,rao_wu_rescaled_bootstrap,2000,2000,1.0,15
MEC examination sample,renal comparison sample,model1_renal,Model 1 renal,xgboost,2017-2018,5209,646,combined_mec_weight,calibration_slope,1.0095120407750433,1.0105987678121715,0.001086727037128199,0.03475772335550483,0.9480007694967126,1.0796719376071164,0.95,percentile,rao_wu_rescaled_bootstrap,2000,2000,1.0,15
MEC examination sample,renal comparison sample,model1_renal,Model 1 renal,xgboost,2017-2018,5209,646,combined_mec_weight,observed_expected_ratio,1.0090521622254085,1.0095081554336272,0.0004559932082186524,0.055598042580960176,0.8996808512960576,1.115385177333752,0.95,percentile,rao_wu_rescaled_bootstrap,2000,2000,1.0,15
MEC examination sample,renal comparison sample,model1_renal,Model 1 renal,xgboost,2017-2018,5209,646,combined_mec_weight,weighted_observed_prevalence,0.09637478593053449,0.09633383235112558,-4.095357940890609e-05,0.006693164885588429,0.0835159677837822,0.10953261262010124,0.95,percentile,rao_wu_rescaled_bootstrap,2000,2000,1.0,15
MEC examination sample,renal comparison sample,model1_renal,Model 1 renal,xgboost,2017-2018,5209,646,combined_mec_weight,weighted_mean_predicted_probability,0.0955102119973513,0.09539093714119345,-0.00011927485615784161,0.0030974440955416323,0.08943442145465604,0.10127965387953615,0.95,percentile,rao_wu_rescaled_bootstrap,2000,2000,1.0,15
MEC examination sample,renal comparison sample,model1_renal,Model 1 renal,xgboost,2017-2018,5209,646,combined_mec_weight,calibration_in_the_large,0.009967763325807066,0.00900375893392165,-0.0009640043918854157,0.06117602574944001,-0.11614601231112114,0.12202344465285755,0.95,percentile,rao_wu_rescaled_bootstrap,2000,2000,1.0,15
fasting subsample,metabolic comparison sample,model2_metabolic,Model 2 metabolic,xgboost,2017-2018,2279,287,combined_fasting_weight,survey_weighted_AUROC,0.8248605542009962,0.8238279621917194,-0.001032592009276856,0.014034421726152917,0.7948126835182259,0.8484579278072797,0.95,percentile,rao_wu_rescaled_bootstrap,2000,2000,1.0,15
fasting subsample,metabolic comparison sample,model2_metabolic,Model 2 metabolic,xgboost,2017-2018,2279,287,combined_fasting_weight,survey_weighted_PR_AUC,0.3181027294461106,0.3228725140393256,0.004769784593214976,0.0351237580371164,0.25406723919113644,0.3872509483683172,0.95,percentile,rao_wu_rescaled_bootstrap,2000,2000,1.0,15
fasting subsample,metabolic comparison sample,model2_metabolic,Model 2 metabolic,xgboost,2017-2018,2279,287,combined_fasting_weight,weighted_Brier,0.07942629771975784,0.07953414114789113,0.00010784342813328907,0.0051306764590736366,0.06983557343576037,0.08960210416024307,0.95,percentile,rao_wu_rescaled_bootstrap,2000,2000,1.0,15
fasting subsample,metabolic comparison sample,model2_metabolic,Model 2 metabolic,xgboost,2017-2018,2279,287,combined_fasting_weight,weighted_log_loss,0.2645728313389038,0.264954793236797,0.00038196189789319046,0.013551156326574313,0.23918351888588843,0.2913213380401722,0.95,percentile,rao_wu_rescaled_bootstrap,2000,2000,1.0,15
fasting subsample,metabolic comparison sample,model2_metabolic,Model 2 metabolic,xgboost,2017-2018,2279,287,combined_fasting_weight,calibration_intercept,-0.3722997149930182,-0.3720610786756548,0.0002386363173634276,0.1647990319899356,-0.7024123164207376,-0.06701760272960912,0.95,percentile,rao_wu_rescaled_bootstrap,2000,2000,1.0,15
fasting subsample,metabolic comparison sample,model2_metabolic,Model 2 metabolic,xgboost,2017-2018,2279,287,combined_fasting_weight,calibration_slope,0.7883923200365233,0.7892667192871204,0.0008743992505971798,0.051452352389661726,0.6897650329862776,0.8873963625000503,0.95,percentile,rao_wu_rescaled_bootstrap,2000,2000,1.0,15
fasting subsample,metabolic comparison sample,model2_metabolic,Model 2 metabolic,xgboost,2017-2018,2279,287,combined_fasting_weight,observed_expected_ratio,0.9713554472683825,0.9744920608194404,0.0031366135510578763,0.07998734553684371,0.8187612602367589,1.1339083519468538,0.95,percentile,rao_wu_rescaled_bootstrap,2000,2000,1.0,15
fasting subsample,metabolic comparison sample,model2_metabolic,Model 2 metabolic,xgboost,2017-2018,2279,287,combined_fasting_weight,weighted_observed_prevalence,0.09987693393124161,0.10007577025188329,0.00019883632064167378,0.00959451388460848,0.0813977214938659,0.11860801182763164,0.95,percentile,rao_wu_rescaled_bootstrap,2000,2000,1.0,15
fasting subsample,metabolic comparison sample,model2_metabolic,Model 2 metabolic,xgboost,2017-2018,2279,287,combined_fasting_weight,weighted_mean_predicted_probability,0.10282223074170492,0.10273854271456945,-8.368802713547285e-05,0.005942345549698277,0.09136401054689183,0.11442768700241626,0.95,percentile,rao_wu_rescaled_bootstrap,2000,2000,1.0,15
fasting subsample,metabolic comparison sample,model2_metabolic,Model 2 metabolic,xgboost,2017-2018,2279,287,combined_fasting_weight,calibration_in_the_large,-0.032340284201842096,-0.03215479931230143,0.000185484889540663,0.09158371209046846,-0.22177716372683046,0.14104201407155373,0.95,percentile,rao_wu_rescaled_bootstrap,2000,2000,1.0,15
MEC examination sample,inflammatory comparison sample,model3_inflammatory,Model 3 inflammatory,xgboost,2017-2018,5209,646,combined_mec_weight,survey_weighted_AUROC,0.8521059577558743,0.8518294380665059,-0.0002765196893683708,0.006917762310805282,0.8381023907662083,0.8649460184895326,0.95,percentile,rao_wu_rescaled_bootstrap,2000,2000,1.0,15
MEC examination sample,inflammatory comparison sample,model3_inflammatory,Model 3 inflammatory,xgboost,2017-2018,5209,646,combined_mec_weight,survey_weighted_PR_AUC,0.36009350716425476,0.3635439831569566,0.003450475992701818,0.02674405204114592,0.31337857452171836,0.4167012256692491,0.95,percentile,rao_wu_rescaled_bootstrap,2000,2000,1.0,15
MEC examination sample,inflammatory comparison sample,model3_inflammatory,Model 3 inflammatory,xgboost,2017-2018,5209,646,combined_mec_weight,weighted_Brier,0.07210650300665997,0.07207628520765204,-3.0217799007928314e-05,0.003903522111922566,0.06454961375854672,0.0796746094750754,0.95,percentile,rao_wu_rescaled_bootstrap,2000,2000,1.0,15
MEC examination sample,inflammatory comparison sample,model3_inflammatory,Model 3 inflammatory,xgboost,2017-2018,5209,646,combined_mec_weight,weighted_log_loss,0.24104044709787578,0.24097448070859737,-6.59663892784157e-05,0.010072626894544598,0.22154721990798995,0.2604996143108196,0.95,percentile,rao_wu_rescaled_bootstrap,2000,2000,1.0,15
MEC examination sample,inflammatory comparison sample,model3_inflammatory,Model 3 inflammatory,xgboost,2017-2018,5209,646,combined_mec_weight,calibration_intercept,-0.08918289683108337,-0.08886398440686508,0.00031891242421829,0.11647870256626036,-0.31708667481101566,0.12908994327248544,0.95,percentile,rao_wu_rescaled_bootstrap,2000,2000,1.0,15
MEC examination sample,inflammatory comparison sample,model3_inflammatory,Model 3 inflammatory,xgboost,2017-2018,5209,646,combined_mec_weight,calibration_slope,0.9568383450536485,0.9577580046598954,0.0009196596062468476,0.03786467035164411,0.8903880423165578,1.0317805227403813,0.95,percentile,rao_wu_rescaled_bootstrap,2000,2000,1.0,15
MEC examination sample,inflammatory comparison sample,model3_inflammatory,Model 3 inflammatory,xgboost,2017-2018,5209,646,combined_mec_weight,observed_expected_ratio,0.9847881840557764,0.9854663509924741,0.000678166936697755,0.056586127409821274,0.8747124123637966,1.0943232367930362,0.95,percentile,rao_wu_rescaled_bootstrap,2000,2000,1.0,15
MEC examination sample,inflammatory comparison sample,model3_inflammatory,Model 3 inflammatory,xgboost,2017-2018,5209,646,combined_mec_weight,weighted_observed_prevalence,0.09637478593053449,0.09633383235112558,-4.095357940890609e-05,0.006693164885588429,0.0835159677837822,0.10953261262010124,0.95,percentile,rao_wu_rescaled_bootstrap,2000,2000,1.0,15
MEC examination sample,inflammatory comparison sample,model3_inflammatory,Model 3 inflammatory,xgboost,2017-2018,5209,646,combined_mec_weight,weighted_mean_predicted_probability,0.09786346697786538,0.09773866487870986,-0.00012480209915552432,0.003400747851699955,0.09128411594031394,0.10426465264192054,0.95,percentile,rao_wu_rescaled_bootstrap,2000,2000,1.0,15
MEC examination sample,inflammatory comparison sample,model3_inflammatory,Model 3 inflammatory,xgboost,2017-2018,5209,646,combined_mec_weight,calibration_in_the_large,-0.01697751512910939,-0.017831422621365212,-0.0008539074922558239,0.0637474425692614,-0.14691210806340393,0.10033840142342096,0.95,percentile,rao_wu_rescaled_bootstrap,2000,2000,1.0,15
fasting subsample,combined comparison sample,model4_combined,Model 4 combined biomarkers,xgboost,2017-2018,2279,287,combined_fasting_weight,survey_weighted_AUROC,0.8191724743038515,0.818194482445394,-0.0009779918584575942,0.013766503671028376,0.790674574930885,0.8422098088331486,0.95,percentile,rao_wu_rescaled_bootstrap,2000,2000,1.0,15
fasting subsample,combined comparison sample,model4_combined,Model 4 combined biomarkers,xgboost,2017-2018,2279,287,combined_fasting_weight,survey_weighted_PR_AUC,0.3287613038318556,0.33525901835301114,0.006497714521155551,0.0338095728710138,0.26916106525007116,0.39554113210557684,0.95,percentile,rao_wu_rescaled_bootstrap,2000,2000,1.0,15
fasting subsample,combined comparison sample,model4_combined,Model 4 combined biomarkers,xgboost,2017-2018,2279,287,combined_fasting_weight,weighted_Brier,0.07919255579150332,0.07925035641015023,5.780061864690822e-05,0.005372599389593618,0.06879744477227737,0.08985259742250794,0.95,percentile,rao_wu_rescaled_bootstrap,2000,2000,1.0,15
fasting subsample,combined comparison sample,model4_combined,Model 4 combined biomarkers,xgboost,2017-2018,2279,287,combined_fasting_weight,weighted_log_loss,0.26639209997730995,0.266660354537753,0.00026825456044304863,0.01436594356111241,0.23892892864394938,0.2941934664660435,0.95,percentile,rao_wu_rescaled_bootstrap,2000,2000,1.0,15
fasting subsample,combined comparison sample,model4_combined,Model 4 combined biomarkers,xgboost,2017-2018,2279,287,combined_fasting_weight,calibration_intercept,-0.3742472545287985,-0.369308723538104,0.0049385309906944674,0.16114510214628214,-0.6827415436513593,-0.06492451036003008,0.95,percentile,rao_wu_rescaled_bootstrap,2000,2000,1.0,15
fasting subsample,combined comparison sample,model4_combined,Model 4 combined biomarkers,xgboost,2017-2018,2279,287,combined_fasting_weight,calibration_slope,0.7831014805790432,0.7858655754357774,0.002764094856734234,0.047528915523126214,0.694996015098856,0.8800781248447769,0.95,percentile,rao_wu_rescaled_bootstrap,2000,2000,1.0,15
fasting subsample,combined comparison sample,model4_combined,Model 4 combined biomarkers,xgboost,2017-2018,2279,287,combined_fasting_weight,observed_expected_ratio,0.9816948839557457,0.9861836322272609,0.004488748271515242,0.08399081668183171,0.8265690909729029,1.152600840013112,0.95,percentile,rao_wu_rescaled_bootstrap,2000,2000,1.0,15
fasting subsample,combined comparison sample,model4_combined,Model 4 combined biomarkers,xgboost,2017-2018,2279,287,combined_fasting_weight,weighted_observed_prevalence,0.09987693393124161,0.10007577025188329,0.00019883632064167378,0.00959451388460848,0.0813977214938659,0.11860801182763164,0.95,percentile,rao_wu_rescaled_bootstrap,2000,2000,1.0,15
fasting subsample,combined comparison sample,model4_combined,Model 4 combined biomarkers,xgboost,2017-2018,2279,287,combined_fasting_weight,weighted_mean_predicted_probability,0.10173928331864875,0.10158538377240488,-0.0001538995462438686,0.00651036794107652,0.08930955755110383,0.11430427474386404,0.95,percentile,rao_wu_rescaled_bootstrap,2000,2000,1.0,15
fasting subsample,combined comparison sample,model4_combined,Model 4 combined biomarkers,xgboost,2017-2018,2279,287,combined_fasting_weight,calibration_in_the_large,-0.020545865218377646,-0.01920599526693085,0.0013398699514467968,0.09500584911744503,-0.20929663760181633,0.159154005659331,0.95,percentile,rao_wu_rescaled_bootstrap,2000,2000,1.0,15
