target_population,comparison_sample,model,model_label,algorithm,cycle,n,events,weight_variable,classification_threshold,classification_threshold_type,survey_weighted_AUROC,survey_weighted_PR_AUC,unweighted_AUROC,unweighted_PR_AUC,weighted_Brier,weighted_log_loss,unweighted_Brier,unweighted_log_loss,calibration_intercept,calibration_slope,observed_expected_ratio,weighted_observed_prevalence,weighted_mean_predicted_probability,calibration_in_the_large,sensitivity,specificity,PPV,NPV,F1
MEC examination sample,core MEC target sample,model0_core,Model 0 core clinical,elastic_net,2005-2006,4448,533,combined_mec_weight,0.5,fixed_0.50,0.8474229053381095,0.3786393492735861,0.8403806018608374,0.4107594812875667,0.066040311259483,0.2288318031367081,0.084929334367036,0.2809971865809485,0.1059471704405748,0.9947416253587597,1.0890551153797492,0.0895836535532119,0.0822581449626399,0.0933245826363378,0.1388367729831144,0.9849297573435504,0.556390977443609,0.8936268829663963,0.2222222222222222
MEC examination sample,core MEC target sample,model0_core,Model 0 core clinical,elastic_net,2005-2006,4448,533,combined_mec_weight,0.0764665572327845,training_weighted_youden,0.8474229053381095,0.3786393492735861,0.8403806018608374,0.4107594812875667,0.066040311259483,0.2288318031367081,0.084929334367036,0.2809971865809485,0.1059471704405748,0.9947416253587597,1.0890551153797492,0.0895836535532119,0.0822581449626399,0.0933245826363378,0.8405253283302064,0.6922094508301405,0.2710223835450696,0.9695885509838998,0.4098810612991766
fasting subsample,combined comparison sample,model0_paired_combined,Model 0 paired combined sample,elastic_net,2005-2006,1836,216,combined_fasting_weight,0.5,fixed_0.50,0.830225902612651,0.3544536475460009,0.8269690214906263,0.3869835825344705,0.0718397008640176,0.2480434261685496,0.0861975745293495,0.2858711712471644,-0.0374520110084037,0.9169226161188448,1.0833907616693392,0.0951024285360095,0.0877822037078027,0.0881527337357299,0.1435185185185185,0.9796296296296296,0.484375,0.8955981941309256,0.2214285714285714
fasting subsample,combined comparison sample,model0_paired_combined,Model 0 paired combined sample,elastic_net,2005-2006,1836,216,combined_fasting_weight,0.0824151151832887,training_weighted_youden,0.830225902612651,0.3544536475460009,0.8269690214906263,0.3869835825344705,0.0718397008640176,0.2480434261685496,0.0861975745293495,0.2858711712471644,-0.0374520110084037,0.9169226161188448,1.0833907616693392,0.0951024285360095,0.0877822037078027,0.0881527337357299,0.8333333333333334,0.6839506172839506,0.2601156069364161,0.9685314685314684,0.3964757709251101
fasting subsample,metabolic comparison sample,model0_paired_metabolic,Model 0 paired metabolic sample,elastic_net,2005-2006,1836,216,combined_fasting_weight,0.5,fixed_0.50,0.830225902612651,0.3544536475460009,0.8269690214906263,0.3869835825344705,0.0718397008640176,0.2480434261685496,0.0861975745293495,0.2858711712471644,-0.0374520110084037,0.9169226161188448,1.0833907616693392,0.0951024285360095,0.0877822037078027,0.0881527337357299,0.1435185185185185,0.9796296296296296,0.484375,0.8955981941309256,0.2214285714285714
fasting subsample,metabolic comparison sample,model0_paired_metabolic,Model 0 paired metabolic sample,elastic_net,2005-2006,1836,216,combined_fasting_weight,0.0824151151832887,training_weighted_youden,0.830225902612651,0.3544536475460009,0.8269690214906263,0.3869835825344705,0.0718397008640176,0.2480434261685496,0.0861975745293495,0.2858711712471644,-0.0374520110084037,0.9169226161188448,1.0833907616693392,0.0951024285360095,0.0877822037078027,0.0881527337357299,0.8333333333333334,0.6839506172839506,0.2601156069364161,0.9685314685314684,0.3964757709251101
MEC examination sample,renal comparison sample,model1_renal,Model 1 renal,elastic_net,2005-2006,4448,533,combined_mec_weight,0.5,fixed_0.50,0.8520647107523535,0.4033235315482322,0.8474132539733885,0.4305791254478985,0.0645185977711126,0.2246981217250436,0.0830796444465838,0.2757605522742195,0.0968682150259738,1.0125363301634651,1.0559820247248122,0.0895836535532119,0.0848344493141892,0.0596741232724786,0.2007504690431519,0.9787994891443168,0.5631578947368421,0.8999530295913575,0.2959889349930844
MEC examination sample,renal comparison sample,model1_renal,Model 1 renal,elastic_net,2005-2006,4448,533,combined_mec_weight,0.0790704099150002,training_weighted_youden,0.8520647107523535,0.4033235315482322,0.8474132539733885,0.4305791254478985,0.0645185977711126,0.2246981217250436,0.0830796444465838,0.2757605522742195,0.0968682150259738,1.0125363301634651,1.0559820247248122,0.0895836535532119,0.0848344493141892,0.0596741232724786,0.8405253283302064,0.7011494252873564,0.276885043263288,0.969964664310954,0.4165504416550441
fasting subsample,metabolic comparison sample,model2_metabolic,Model 2 metabolic,elastic_net,2005-2006,1836,216,combined_fasting_weight,0.5,fixed_0.50,0.8335930340950878,0.3594793948013806,0.8286951303155009,0.3892824905152484,0.0715697419678709,0.2464958517764029,0.0860243693909577,0.2849562327554032,-0.0254330373707612,0.9269292456119134,1.077886086955794,0.0951024285360095,0.0882305001306783,0.0825672563425534,0.1574074074074074,0.980246913580247,0.5151515151515151,0.8971751412429378,0.2411347517730496
fasting subsample,metabolic comparison sample,model2_metabolic,Model 2 metabolic,elastic_net,2005-2006,1836,216,combined_fasting_weight,0.0902325999479251,training_weighted_youden,0.8335930340950878,0.3594793948013806,0.8286951303155009,0.3892824905152484,0.0715697419678709,0.2464958517764029,0.0860243693909577,0.2849562327554032,-0.0254330373707612,0.9269292456119134,1.077886086955794,0.0951024285360095,0.0882305001306783,0.0825672563425534,0.8287037037037037,0.7018518518518518,0.270392749244713,0.9684838160136288,0.4077448747152619
MEC examination sample,inflammatory comparison sample,model3_inflammatory,Model 3 inflammatory,elastic_net,2005-2006,4448,533,combined_mec_weight,0.5,fixed_0.50,0.8503731590268355,0.3856040580783287,0.8430858366939107,0.4178912197252484,0.0656984139553872,0.227437340766016,0.0844757901690699,0.2792959543295457,0.1334182326801458,1.0056286794560052,1.0953230427865517,0.0895836535532119,0.0817874271368445,0.0995762422238795,0.148217636022514,0.983397190293742,0.5486111111111112,0.8945167286245354,0.2333825701624815
MEC examination sample,inflammatory comparison sample,model3_inflammatory,Model 3 inflammatory,elastic_net,2005-2006,4448,533,combined_mec_weight,0.0862648322857272,training_weighted_youden,0.8503731590268355,0.3856040580783287,0.8430858366939107,0.4178912197252484,0.0656984139553872,0.227437340766016,0.0844757901690699,0.2792959543295457,0.1334182326801458,1.0056286794560052,1.0953230427865517,0.0895836535532119,0.0817874271368445,0.0995762422238795,0.8255159474671669,0.7185185185185186,0.2853437094682231,0.9679972470750172,0.4240963855421686
fasting subsample,combined comparison sample,model4_combined,Model 4 combined biomarkers,elastic_net,2005-2006,1836,216,combined_fasting_weight,0.5,fixed_0.50,0.8451013471090172,0.404650308642782,0.8406492912665753,0.4283359283247219,0.0690984195669556,0.2385588186297432,0.0834736844487471,0.2768791780310097,0.0186458212947058,0.9781258590066751,1.040913317663435,0.0951024285360095,0.0913644075084833,0.0442208866913573,0.2175925925925926,0.974074074074074,0.5280898876404494,0.9032627361190612,0.3081967213114754
fasting subsample,combined comparison sample,model4_combined,Model 4 combined biomarkers,elastic_net,2005-2006,1836,216,combined_fasting_weight,0.0855412917211113,training_weighted_youden,0.8451013471090172,0.404650308642782,0.8406492912665753,0.4283359283247219,0.0690984195669556,0.2385588186297432,0.0834736844487471,0.2768791780310097,0.0186458212947058,0.9781258590066751,1.040913317663435,0.0951024285360095,0.0913644075084833,0.0442208866913573,0.8379629629629629,0.6895061728395062,0.2646198830409357,0.9696180555555556,0.4022222222222222
MEC examination sample,core MEC target sample,model0_core,Model 0 core clinical,elastic_net,2007-2008,5649,677,combined_mec_weight,0.5,fixed_0.50,0.8514446387537717,0.3834977291103685,0.8263237200702069,0.3848193697253642,0.0637631743193121,0.2209777548028648,0.0875244533756361,0.2890923557038873,0.0694536225810107,1.024926712868579,1.0198980945330094,0.086286136260994,0.0846027036657056,0.021543426590644,0.1299852289512555,0.9827031375703942,0.5057471264367817,0.8924200913242009,0.2068155111633372
MEC examination sample,core MEC target sample,model0_core,Model 0 core clinical,elastic_net,2007-2008,5649,677,combined_mec_weight,0.081929086358467,training_weighted_youden,0.8514446387537717,0.3834977291103685,0.8263237200702069,0.3848193697253642,0.0637631743193121,0.2209777548028648,0.0875244533756361,0.2890923557038873,0.0694536225810107,1.024926712868579,1.0198980945330094,0.086286136260994,0.0846027036657056,0.021543426590644,0.8316100443131462,0.66532582461786,0.2528064660978895,0.9666861484511982,0.387741046831956
fasting subsample,combined comparison sample,model0_paired_combined,Model 0 paired combined sample,elastic_net,2007-2008,2337,288,combined_fasting_weight,0.5,fixed_0.50,0.8547133606527315,0.3902798756387979,0.8213508622092076,0.386062643623927,0.0654933956191298,0.2250478887090229,0.0900653675958754,0.2973048174203326,0.0853609644835705,1.0347236697885025,1.01964207165423,0.0895634391907447,0.0878381166103123,0.0213449119822239,0.1458333333333333,0.9795021961932652,0.5,0.8908122503328895,0.2258064516129032
fasting subsample,combined comparison sample,model0_paired_combined,Model 0 paired combined sample,elastic_net,2007-2008,2337,288,combined_fasting_weight,0.0851945857590451,training_weighted_youden,0.8547133606527315,0.3902798756387979,0.8213508622092076,0.386062643623927,0.0654933956191298,0.2250478887090229,0.0900653675958754,0.2973048174203326,0.0853609644835705,1.0347236697885025,1.01964207165423,0.0895634391907447,0.0878381166103123,0.0213449119822239,0.8229166666666666,0.6710590531966814,0.2601536772777168,0.964235624123422,0.3953294412010009
fasting subsample,metabolic comparison sample,model0_paired_metabolic,Model 0 paired metabolic sample,elastic_net,2007-2008,2337,288,combined_fasting_weight,0.5,fixed_0.50,0.8547133606527315,0.3902798756387979,0.8213508622092076,0.386062643623927,0.0654933956191298,0.2250478887090229,0.0900653675958754,0.2973048174203326,0.0853609644835705,1.0347236697885025,1.01964207165423,0.0895634391907447,0.0878381166103123,0.0213449119822239,0.1458333333333333,0.9795021961932652,0.5,0.8908122503328895,0.2258064516129032
fasting subsample,metabolic comparison sample,model0_paired_metabolic,Model 0 paired metabolic sample,elastic_net,2007-2008,2337,288,combined_fasting_weight,0.0851945857590451,training_weighted_youden,0.8547133606527315,0.3902798756387979,0.8213508622092076,0.386062643623927,0.0654933956191298,0.2250478887090229,0.0900653675958754,0.2973048174203326,0.0853609644835705,1.0347236697885025,1.01964207165423,0.0895634391907447,0.0878381166103123,0.0213449119822239,0.8229166666666666,0.6710590531966814,0.2601536772777168,0.964235624123422,0.3953294412010009
MEC examination sample,renal comparison sample,model1_renal,Model 1 renal,elastic_net,2007-2008,5649,677,combined_mec_weight,0.5,fixed_0.50,0.8552307926018757,0.4059340655055275,0.8322701664030536,0.4132783226682524,0.0627113308031534,0.2180707114428954,0.0857601725514906,0.2845606001640588,0.0763921696115875,1.0265159442157998,1.0224617342438926,0.086286136260994,0.0843905775356985,0.0242856004902956,0.1683899556868537,0.9810941271118262,0.5480769230769231,0.8965263738283403,0.2576271186440678
MEC examination sample,renal comparison sample,model1_renal,Model 1 renal,elastic_net,2007-2008,5649,677,combined_mec_weight,0.086170551716926,training_weighted_youden,0.8552307926018757,0.4059340655055275,0.8322701664030536,0.4132783226682524,0.0627113308031534,0.2180707114428954,0.0857601725514906,0.2845606001640588,0.0763921696115875,1.0265159442157998,1.0224617342438926,0.086286136260994,0.0843905775356985,0.0242856004902956,0.8197932053175776,0.6850362027353177,0.2616690240452616,0.9654195011337868,0.396711937097927
fasting subsample,metabolic comparison sample,model2_metabolic,Model 2 metabolic,elastic_net,2007-2008,2337,288,combined_fasting_weight,0.5,fixed_0.50,0.8554676702429903,0.3859634558729906,0.82301495309365,0.3830928018256542,0.0655070241213217,0.2247586383272234,0.0900942578009979,0.2967648050840384,0.0719632254390391,1.0299380556321265,1.015876515564359,0.0895634391907447,0.0881637067286556,0.0172880513138196,0.1388888888888889,0.9790141532454856,0.4819277108433735,0.8899733806566105,0.215633423180593
fasting subsample,metabolic comparison sample,model2_metabolic,Model 2 metabolic,elastic_net,2007-2008,2337,288,combined_fasting_weight,0.0897478267554924,training_weighted_youden,0.8554676702429903,0.3859634558729906,0.82301495309365,0.3830928018256542,0.0655070241213217,0.2247586383272234,0.0900942578009979,0.2967648050840384,0.0719632254390391,1.0299380556321265,1.015876515564359,0.0895634391907447,0.0881637067286556,0.0172880513138196,0.8090277777777778,0.68033186920449,0.2623873873873873,0.9620427881297446,0.3962585034013605
MEC examination sample,inflammatory comparison sample,model3_inflammatory,Model 3 inflammatory,elastic_net,2007-2008,5649,677,combined_mec_weight,0.5,fixed_0.50,0.8523016964006225,0.3909560056132549,0.8281020687786613,0.3925149993258485,0.0634816999267941,0.2202997177817572,0.0869978448179708,0.287807129386261,0.0949097013268789,1.0341110403812857,1.0269397675080116,0.086286136260994,0.0840225872938754,0.0290575229347105,0.1403249630723781,0.9841110217216412,0.5459770114942529,0.8936986301369862,0.2232667450058754
MEC examination sample,inflammatory comparison sample,model3_inflammatory,Model 3 inflammatory,elastic_net,2007-2008,5649,677,combined_mec_weight,0.095224047487456,training_weighted_youden,0.8523016964006225,0.3909560056132549,0.8281020687786613,0.3925149993258485,0.0634816999267941,0.2202997177817572,0.0869978448179708,0.287807129386261,0.0949097013268789,1.0341110403812857,1.0269397675080116,0.086286136260994,0.0840225872938754,0.0290575229347105,0.810930576070901,0.7029364440868866,0.2709772951628825,0.964670162848468,0.4062153163152053
fasting subsample,combined comparison sample,model4_combined,Model 4 combined biomarkers,elastic_net,2007-2008,2337,288,combined_fasting_weight,0.5,fixed_0.50,0.8642817161431804,0.4096419818191604,0.833040168645952,0.4142936504373781,0.0644049298831458,0.2206142757945057,0.0878340518298711,0.290261554484826,0.0503961547853145,1.0221725867461977,1.009167852672941,0.0895634391907447,0.0887497941531944,0.0100193706005944,0.1979166666666666,0.9755978526110298,0.5327102803738317,0.8964125560538116,0.2886075949367088
fasting subsample,combined comparison sample,model4_combined,Model 4 combined biomarkers,elastic_net,2007-2008,2337,288,combined_fasting_weight,0.0907474031026218,training_weighted_youden,0.8642817161431804,0.4096419818191604,0.833040168645952,0.4142936504373781,0.0644049298831458,0.2206142757945057,0.0878340518298711,0.290261554484826,0.0503961547853145,1.0221725867461977,1.009167852672941,0.0895634391907447,0.0887497941531944,0.0100193706005944,0.8229166666666666,0.698389458272328,0.2771929824561403,0.9655870445344128,0.4146981627296587
MEC examination sample,core MEC target sample,model0_core,Model 0 core clinical,elastic_net,2009-2010,5990,646,combined_mec_weight,0.5,fixed_0.50,0.8452409522165378,0.3504824106346944,0.8387480070818115,0.3891991339382807,0.0623007376253395,0.2168392376360465,0.0789518763561067,0.2638979836885712,-0.1685420313155046,0.9537351286056378,0.9347370564011256,0.0810749535580189,0.0867355723225196,-0.0736691077439761,0.1656346749226006,0.9812874251497006,0.5169082125603864,0.906795780736642,0.2508792497069168
MEC examination sample,core MEC target sample,model0_core,Model 0 core clinical,elastic_net,2009-2010,5990,646,combined_mec_weight,0.0842609689767798,training_weighted_youden,0.8452409522165378,0.3504824106346944,0.8387480070818115,0.3891991339382807,0.0623007376253395,0.2168392376360465,0.0789518763561067,0.2638979836885712,-0.1685420313155046,0.9537351286056378,0.9347370564011256,0.0810749535580189,0.0867355723225196,-0.0736691077439761,0.8297213622291022,0.6904940119760479,0.2447488584474886,0.9710526315789474,0.3779971791255289
fasting subsample,combined comparison sample,model0_paired_combined,Model 0 paired combined sample,elastic_net,2009-2010,2594,273,combined_fasting_weight,0.5,fixed_0.50,0.8388950285425559,0.3564907202123714,0.8395332945095979,0.399034408949386,0.062502542600401,0.2194161776973696,0.0765789713068165,0.2585322099943034,-0.1676307334190422,0.9693975315895428,0.9162007365482964,0.0815187617743325,0.0889747830605847,-0.0956706941416105,0.1831501831501831,0.984489444205084,0.5813953488372093,0.9110845295055822,0.2785515320334261
fasting subsample,combined comparison sample,model0_paired_combined,Model 0 paired combined sample,elastic_net,2009-2010,2594,273,combined_fasting_weight,0.0889810712279296,training_weighted_youden,0.8388950285425559,0.3564907202123714,0.8395332945095979,0.399034408949386,0.062502542600401,0.2194161776973696,0.0765789713068165,0.2585322099943034,-0.1676307334190422,0.9693975315895428,0.9162007365482964,0.0815187617743325,0.0889747830605847,-0.0956706941416105,0.8278388278388278,0.6884963377854373,0.238145416227608,0.9714285714285714,0.369885433715221
fasting subsample,metabolic comparison sample,model0_paired_metabolic,Model 0 paired metabolic sample,elastic_net,2009-2010,2594,273,combined_fasting_weight,0.5,fixed_0.50,0.8388950285425559,0.3564907202123714,0.8395332945095979,0.399034408949386,0.062502542600401,0.2194161776973696,0.0765789713068165,0.2585322099943034,-0.1676307334190422,0.9693975315895428,0.9162007365482964,0.0815187617743325,0.0889747830605847,-0.0956706941416105,0.1831501831501831,0.984489444205084,0.5813953488372093,0.9110845295055822,0.2785515320334261
fasting subsample,metabolic comparison sample,model0_paired_metabolic,Model 0 paired metabolic sample,elastic_net,2009-2010,2594,273,combined_fasting_weight,0.0889810712279296,training_weighted_youden,0.8388950285425559,0.3564907202123714,0.8395332945095979,0.399034408949386,0.062502542600401,0.2194161776973696,0.0765789713068165,0.2585322099943034,-0.1676307334190422,0.9693975315895428,0.9162007365482964,0.0815187617743325,0.0889747830605847,-0.0956706941416105,0.8278388278388278,0.6884963377854373,0.238145416227608,0.9714285714285714,0.369885433715221
MEC examination sample,renal comparison sample,model1_renal,Model 1 renal,elastic_net,2009-2010,5990,646,combined_mec_weight,0.5,fixed_0.50,0.8489547476461933,0.3518287682937038,0.8440573381101575,0.3970602161919735,0.0620188370193427,0.2154721480397461,0.0782782113862253,0.2614520624759567,-0.1760532850015128,0.938582136380677,0.949270694925787,0.0810749535580189,0.0854076229166194,-0.0567873613933582,0.1857585139318885,0.9782934131736528,0.5084745762711864,0.9085853319429962,0.2721088435374149
MEC examination sample,renal comparison sample,model1_renal,Model 1 renal,elastic_net,2009-2010,5990,646,combined_mec_weight,0.0803000234402131,training_weighted_youden,0.8489547476461933,0.3518287682937038,0.8440573381101575,0.3970602161919735,0.0620188370193427,0.2154721480397461,0.0782782113862253,0.2614520624759567,-0.1760532850015128,0.938582136380677,0.949270694925787,0.0810749535580189,0.0854076229166194,-0.0567873613933582,0.8281733746130031,0.6947979041916168,0.2469990766389658,0.9709728033472804,0.3805120910384068
fasting subsample,metabolic comparison sample,model2_metabolic,Model 2 metabolic,elastic_net,2009-2010,2594,273,combined_fasting_weight,0.5,fixed_0.50,0.840967731839454,0.3576649123618454,0.8413971494540214,0.4013898551918505,0.0622403745778614,0.2184137106748788,0.0762763065988571,0.2574864065806496,-0.1427029267267956,0.9787573198908772,0.922651058795174,0.0815187617743325,0.088352753727701,-0.0879725211277442,0.1684981684981685,0.984920292977165,0.5679012345679012,0.9096697174691604,0.2598870056497175
fasting subsample,metabolic comparison sample,model2_metabolic,Model 2 metabolic,elastic_net,2009-2010,2594,273,combined_fasting_weight,0.0951000562845547,training_weighted_youden,0.840967731839454,0.3576649123618454,0.8413971494540214,0.4013898551918505,0.0622403745778614,0.2184137106748788,0.0762763065988571,0.2574864065806496,-0.1427029267267956,0.9787573198908772,0.922651058795174,0.0815187617743325,0.088352753727701,-0.0879725211277442,0.8168498168498168,0.7014218009478673,0.2434497816593886,0.9702026221692492,0.3751051303616485
MEC examination sample,inflammatory comparison sample,model3_inflammatory,Model 3 inflammatory,elastic_net,2009-2010,5990,646,combined_mec_weight,0.5,fixed_0.50,0.8453963796194611,0.3533731473939627,0.8389661273428375,0.3895922256967327,0.0621868487311408,0.216615021269987,0.0788816554729877,0.263714680851154,-0.1600087521752382,0.9538202882220408,0.9409161023025552,0.0810749535580189,0.0861659752231012,-0.0664568976944508,0.1780185758513932,0.9825973053892216,0.5528846153846154,0.9081632653061223,0.2693208430913348
MEC examination sample,inflammatory comparison sample,model3_inflammatory,Model 3 inflammatory,elastic_net,2009-2010,5990,646,combined_mec_weight,0.0983510612501826,training_weighted_youden,0.8453963796194611,0.3533731473939627,0.8389661273428375,0.3895922256967327,0.0621868487311408,0.216615021269987,0.0788816554729877,0.263714680851154,-0.1600087521752382,0.9538202882220408,0.9409161023025552,0.0810749535580189,0.0861659752231012,-0.0664568976944508,0.8080495356037152,0.7241766467065869,0.2615230460921843,0.9689534301452178,0.3951551854655564
fasting subsample,combined comparison sample,model4_combined,Model 4 combined biomarkers,elastic_net,2009-2010,2594,273,combined_fasting_weight,0.5,fixed_0.50,0.8441243752992496,0.3599028239120698,0.8466083679353821,0.4044939224984253,0.0619411713842191,0.2171004513656641,0.0757485585127349,0.2550047952869043,-0.1610416261780582,0.9569613279676352,0.9369941689771438,0.0815187617743325,0.087000287166484,-0.0710641316849463,0.1868131868131868,0.980180956484274,0.5257731958762887,0.9110933119743692,0.2756756756756756
fasting subsample,combined comparison sample,model4_combined,Model 4 combined biomarkers,elastic_net,2009-2010,2594,273,combined_fasting_weight,0.0975097182012342,training_weighted_youden,0.8441243752992496,0.3599028239120698,0.8466083679353821,0.4044939224984253,0.0619411713842191,0.2171004513656641,0.0757485585127349,0.2550047952869043,-0.1610416261780582,0.9569613279676352,0.9369941689771438,0.0815187617743325,0.087000287166484,-0.0710641316849463,0.7948717948717948,0.7255493321844033,0.2540983606557377,0.967816091954023,0.3850931677018633
MEC examination sample,core MEC target sample,model0_core,Model 0 core clinical,elastic_net,2011-2012,5260,550,combined_mec_weight,0.5,fixed_0.50,0.839331193896127,0.3696651030488631,0.8302223508975103,0.3654333935485951,0.0653954196672101,0.2286227905357045,0.0786103693228771,0.2645395678386608,-0.0466318889965126,0.953910639003812,1.024878047759194,0.0872691883059831,0.0851508025728422,0.0268918700597939,0.14,0.9842887473460722,0.5099337748344371,0.907418281464083,0.2196861626248217
MEC examination sample,core MEC target sample,model0_core,Model 0 core clinical,elastic_net,2011-2012,5260,550,combined_mec_weight,0.0943371179693602,training_weighted_youden,0.839331193896127,0.3696651030488631,0.8302223508975103,0.3654333935485951,0.0653954196672101,0.2286227905357045,0.0786103693228771,0.2645395678386608,-0.0466318889965126,0.953910639003812,1.024878047759194,0.0872691883059831,0.0851508025728422,0.0268918700597939,0.7872727272727272,0.7314225053078556,0.2550058892815076,0.9671532846715328,0.3852313167259786
fasting subsample,combined comparison sample,model0_paired_combined,Model 0 paired combined sample,elastic_net,2011-2012,2294,239,combined_fasting_weight,0.5,fixed_0.50,0.831473891793819,0.3765995251668688,0.8246322369157784,0.3536831650711171,0.0721383548295917,0.2494597239451877,0.0795379376358037,0.2679635086975975,-0.0436802548665809,0.9109750364633612,1.0839767260443762,0.0968836554313234,0.0893779848806063,0.0889129440686966,0.1673640167364016,0.9819951338199512,0.5194805194805194,0.9102390617952189,0.2531645569620253
fasting subsample,combined comparison sample,model0_paired_combined,Model 0 paired combined sample,elastic_net,2011-2012,2294,239,combined_fasting_weight,0.0919080397771667,training_weighted_youden,0.831473891793819,0.3765995251668688,0.8246322369157784,0.3536831650711171,0.0721383548295917,0.2494597239451877,0.0795379376358037,0.2679635086975975,-0.0436802548665809,0.9109750364633612,1.0839767260443762,0.0968836554313234,0.0893779848806063,0.0889129440686966,0.7740585774058577,0.7221411192214112,0.2447089947089947,0.964889466840052,0.371859296482412
fasting subsample,metabolic comparison sample,model0_paired_metabolic,Model 0 paired metabolic sample,elastic_net,2011-2012,2294,239,combined_fasting_weight,0.5,fixed_0.50,0.831473891793819,0.3765995251668688,0.8246322369157784,0.3536831650711171,0.0721383548295917,0.2494597239451877,0.0795379376358037,0.2679635086975975,-0.0436802548665809,0.9109750364633612,1.0839767260443762,0.0968836554313234,0.0893779848806063,0.0889129440686966,0.1673640167364016,0.9819951338199512,0.5194805194805194,0.9102390617952189,0.2531645569620253
fasting subsample,metabolic comparison sample,model0_paired_metabolic,Model 0 paired metabolic sample,elastic_net,2011-2012,2294,239,combined_fasting_weight,0.0919080397771667,training_weighted_youden,0.831473891793819,0.3765995251668688,0.8246322369157784,0.3536831650711171,0.0721383548295917,0.2494597239451877,0.0795379376358037,0.2679635086975975,-0.0436802548665809,0.9109750364633612,1.0839767260443762,0.0968836554313234,0.0893779848806063,0.0889129440686966,0.7740585774058577,0.7221411192214112,0.2447089947089947,0.964889466840052,0.371859296482412
MEC examination sample,renal comparison sample,model1_renal,Model 1 renal,elastic_net,2011-2012,5260,550,combined_mec_weight,0.5,fixed_0.50,0.8445006566855623,0.3948627721959286,0.8378455896545068,0.3876128566103479,0.0641596854924454,0.2250580197862236,0.0771967942097757,0.2601738963018014,-0.0267213358427715,0.9601564411194176,1.0315826285635143,0.0872691883059831,0.0845973806553005,0.0340171474116322,0.1909090909090909,0.981104033970276,0.5412371134020618,0.9121594946703514,0.282258064516129
MEC examination sample,renal comparison sample,model1_renal,Model 1 renal,elastic_net,2011-2012,5260,550,combined_mec_weight,0.0818643566638287,training_weighted_youden,0.8445006566855623,0.3948627721959286,0.8378455896545068,0.3876128566103479,0.0641596854924454,0.2250580197862236,0.0771967942097757,0.2601738963018014,-0.0267213358427715,0.9601564411194176,1.0315826285635143,0.0872691883059831,0.0845973806553005,0.0340171474116322,0.8145454545454546,0.7150743099787685,0.2502793296089385,0.9706051873198848,0.3829059829059829
fasting subsample,metabolic comparison sample,model2_metabolic,Model 2 metabolic,elastic_net,2011-2012,2294,239,combined_fasting_weight,0.5,fixed_0.50,0.8332157007209402,0.3772009223481548,0.8247788331348177,0.3489373193252182,0.0720852421108797,0.2491764648871851,0.0796153226960973,0.2681731300043602,-0.0595765688356434,0.906439436424286,1.0764811332608784,0.0968836554313234,0.0900003283270216,0.0812903629942134,0.1715481171548117,0.9819951338199512,0.5256410256410257,0.9106498194945848,0.2586750788643533
fasting subsample,metabolic comparison sample,model2_metabolic,Model 2 metabolic,elastic_net,2011-2012,2294,239,combined_fasting_weight,0.0919292485841049,training_weighted_youden,0.8332157007209402,0.3772009223481548,0.8247788331348177,0.3489373193252182,0.0720852421108797,0.2491764648871851,0.0796153226960973,0.2681731300043602,-0.0595765688356434,0.906439436424286,1.0764811332608784,0.0968836554313234,0.0900003283270216,0.0812903629942134,0.7740585774058577,0.7197080291970803,0.2431011826544021,0.9647749510763208,0.37
MEC examination sample,inflammatory comparison sample,model3_inflammatory,Model 3 inflammatory,elastic_net,2011-2012,5260,550,combined_mec_weight,0.5,fixed_0.50,0.8405220575411978,0.3732707843176389,0.8320995946728431,0.3696999938517651,0.0651290016122595,0.228034662679928,0.0781618690711316,0.2634618871838578,-0.0275412305174425,0.9576590654564444,1.0349525973718552,0.0872691883059831,0.0843219182478437,0.0375794920036662,0.1345454545454545,0.98619957537155,0.5323741007194245,0.9070494044132006,0.2148040638606676
MEC examination sample,inflammatory comparison sample,model3_inflammatory,Model 3 inflammatory,elastic_net,2011-2012,5260,550,combined_mec_weight,0.0978531851920428,training_weighted_youden,0.8405220575411978,0.3732707843176389,0.8320995946728431,0.3696999938517651,0.0651290016122595,0.228034662679928,0.0781618690711316,0.2634618871838578,-0.0275412305174425,0.9576590654564444,1.0349525973718552,0.0872691883059831,0.0843219182478437,0.0375794920036662,0.7763636363636364,0.7424628450106157,0.2603658536585366,0.9660220994475138,0.3899543378995434
fasting subsample,combined comparison sample,model4_combined,Model 4 combined biomarkers,elastic_net,2011-2012,2294,239,combined_fasting_weight,0.5,fixed_0.50,0.8381289400294204,0.3986149779218837,0.8319376151645644,0.3672691631308331,0.0706372812732937,0.2453149985765783,0.0784369785842394,0.2648697827011466,-0.0200238946295157,0.9122004420246548,1.1004344252249756,0.0968836554313234,0.0880412800712921,0.1054483722894819,0.200836820083682,0.9751824817518248,0.4848484848484848,0.912984054669704,0.2840236686390532
fasting subsample,combined comparison sample,model4_combined,Model 4 combined biomarkers,elastic_net,2011-2012,2294,239,combined_fasting_weight,0.0941169781223495,training_weighted_youden,0.8381289400294204,0.3986149779218837,0.8319376151645644,0.3672691631308331,0.0706372812732937,0.2453149985765783,0.0784369785842394,0.2648697827011466,-0.0200238946295157,0.9122004420246548,1.1004344252249756,0.0968836554313234,0.0880412800712921,0.1054483722894819,0.7656903765690377,0.7445255474452555,0.2584745762711864,0.9646910466582598,0.3864836325237592
MEC examination sample,core MEC target sample,model0_core,Model 0 core clinical,elastic_net,2013-2014,5522,573,combined_mec_weight,0.5,fixed_0.50,0.8449994701804864,0.3701905674462588,0.8367082460997461,0.3934570855822979,0.0662003355307905,0.2282247694869489,0.076380814053402,0.257710007068841,-0.0458306735658895,0.9919471897384008,0.9760669682657288,0.088149862833457,0.0903112857000798,-0.0265972643931027,0.1343804537521815,0.9872701555869872,0.55,0.9078409513192122,0.2159887798036465
MEC examination sample,core MEC target sample,model0_core,Model 0 core clinical,elastic_net,2013-2014,5522,573,combined_mec_weight,0.0802230368815226,training_weighted_youden,0.8449994701804864,0.3701905674462588,0.8367082460997461,0.3934570855822979,0.0662003355307905,0.2282247694869489,0.076380814053402,0.257710007068841,-0.0458306735658895,0.9919471897384008,0.9760669682657288,0.088149862833457,0.0903112857000798,-0.0265972643931027,0.8272251308900523,0.6872095372802587,0.2344213649851632,0.9717142857142858,0.3653179190751445
fasting subsample,combined comparison sample,model0_paired_combined,Model 0 paired combined sample,elastic_net,2013-2014,2370,244,combined_fasting_weight,0.5,fixed_0.50,0.8674863129097505,0.4082182820226039,0.84563869654396,0.4113057936726905,0.064272835963133,0.219088790834411,0.0746355588612408,0.2514044626031728,0.1728778828919384,1.148092614043927,0.9554129538856322,0.0889931294844987,0.0931462454246267,-0.0501808621865169,0.1598360655737705,0.9854186265286924,0.5571428571428572,0.9108695652173912,0.2484076433121019
fasting subsample,combined comparison sample,model0_paired_combined,Model 0 paired combined sample,elastic_net,2013-2014,2370,244,combined_fasting_weight,0.0824843063414012,training_weighted_youden,0.8674863129097505,0.4082182820226039,0.84563869654396,0.4113057936726905,0.064272835963133,0.219088790834411,0.0746355588612408,0.2514044626031728,0.1728778828919384,1.148092614043927,0.9554129538856322,0.0889931294844987,0.0931462454246267,-0.0501808621865169,0.8360655737704918,0.6810912511759172,0.2312925170068027,0.9731182795698924,0.3623445825932505
fasting subsample,metabolic comparison sample,model0_paired_metabolic,Model 0 paired metabolic sample,elastic_net,2013-2014,2370,244,combined_fasting_weight,0.5,fixed_0.50,0.8674863129097505,0.4082182820226039,0.84563869654396,0.4113057936726905,0.064272835963133,0.219088790834411,0.0746355588612408,0.2514044626031728,0.1728778828919384,1.148092614043927,0.9554129538856322,0.0889931294844987,0.0931462454246267,-0.0501808621865169,0.1598360655737705,0.9854186265286924,0.5571428571428572,0.9108695652173912,0.2484076433121019
fasting subsample,metabolic comparison sample,model0_paired_metabolic,Model 0 paired metabolic sample,elastic_net,2013-2014,2370,244,combined_fasting_weight,0.0824843063414012,training_weighted_youden,0.8674863129097505,0.4082182820226039,0.84563869654396,0.4113057936726905,0.064272835963133,0.219088790834411,0.0746355588612408,0.2514044626031728,0.1728778828919384,1.148092614043927,0.9554129538856322,0.0889931294844987,0.0931462454246267,-0.0501808621865169,0.8360655737704918,0.6810912511759172,0.2312925170068027,0.9731182795698924,0.3623445825932505
MEC examination sample,renal comparison sample,model1_renal,Model 1 renal,elastic_net,2013-2014,5522,573,combined_mec_weight,0.5,fixed_0.50,0.8516791535858796,0.3881070942516777,0.8454483550716434,0.4100525347466693,0.0648825435021432,0.2241369750870108,0.074763666332473,0.2525154792974168,-0.0433313579056651,1.0091755372954168,0.9583826802194316,0.088149862833457,0.0919777294110471,-0.0467148712502272,0.1902268760907504,0.984037179228127,0.5797872340425532,0.9130108736407948,0.2864651773981603
MEC examination sample,renal comparison sample,model1_renal,Model 1 renal,elastic_net,2013-2014,5522,573,combined_mec_weight,0.0854781620649969,training_weighted_youden,0.8516791535858796,0.3881070942516777,0.8454483550716434,0.4100525347466693,0.0648825435021432,0.2241369750870108,0.074763666332473,0.2525154792974168,-0.0433313579056651,1.0091755372954168,0.9583826802194316,0.088149862833457,0.0919777294110471,-0.0467148712502272,0.8342059336823735,0.7015558698727016,0.2445012787723785,0.9733669750490608,0.3781645569620253
fasting subsample,metabolic comparison sample,model2_metabolic,Model 2 metabolic,elastic_net,2013-2014,2370,244,combined_fasting_weight,0.5,fixed_0.50,0.867345514110957,0.4084273159252776,0.8471750998565768,0.4115133669688327,0.0640778047752073,0.2188682131853079,0.0742447239766417,0.2503546484888309,0.1672231598119022,1.1418382951176236,0.95874561026415,0.0889931294844987,0.0928224635729801,-0.0463417726424681,0.1598360655737705,0.9873000940733772,0.5909090909090909,0.9110243055555556,0.2516129032258065
fasting subsample,metabolic comparison sample,model2_metabolic,Model 2 metabolic,elastic_net,2013-2014,2370,244,combined_fasting_weight,0.0875079836729307,training_weighted_youden,0.867345514110957,0.4084273159252776,0.8471750998565768,0.4115133669688327,0.0640778047752073,0.2188682131853079,0.0742447239766417,0.2503546484888309,0.1672231598119022,1.1418382951176236,0.95874561026415,0.0889931294844987,0.0928224635729801,-0.0463417726424681,0.8278688524590164,0.6933207902163687,0.2365339578454332,0.9722955145118732,0.3679417122040073
MEC examination sample,inflammatory comparison sample,model3_inflammatory,Model 3 inflammatory,elastic_net,2013-2014,5522,573,combined_mec_weight,0.5,fixed_0.50,0.8459001045958875,0.3695333533659259,0.8388568635686091,0.3941650122982718,0.0661559464969859,0.2278710680997723,0.076233802517767,0.2567217475942238,-0.0791041404702527,0.9838899238670384,0.9617517270688464,0.088149862833457,0.0916555285033003,-0.0428509143320372,0.1588132635253054,0.9844413012729843,0.5416666666666666,0.9099738513261112,0.2456140350877192
MEC examination sample,inflammatory comparison sample,model3_inflammatory,Model 3 inflammatory,elastic_net,2013-2014,5522,573,combined_mec_weight,0.0788937594508296,training_weighted_youden,0.8459001045958875,0.3695333533659259,0.8388568635686091,0.3941650122982718,0.0661559464969859,0.2278710680997723,0.076233802517767,0.2567217475942238,-0.0791041404702527,0.9838899238670384,0.9617517270688464,0.088149862833457,0.0916555285033003,-0.0428509143320372,0.8394415357766143,0.6868054152354011,0.2368291482028557,0.9736465196218848,0.369431643625192
fasting subsample,combined comparison sample,model4_combined,Model 4 combined biomarkers,elastic_net,2013-2014,2370,244,combined_fasting_weight,0.5,fixed_0.50,0.8712008710405712,0.4267086753664466,0.8561390589577903,0.431265221927908,0.0626586678857353,0.2157317198640183,0.0724289408195397,0.2449888100006799,0.0875422888961143,1.118849124177613,0.9321679336396717,0.0889931294844987,0.0954689882294309,-0.0773761428404395,0.2254098360655737,0.9840075258701788,0.6179775280898876,0.9171416045594036,0.3303303303303303
fasting subsample,combined comparison sample,model4_combined,Model 4 combined biomarkers,elastic_net,2013-2014,2370,244,combined_fasting_weight,0.0699988833776292,training_weighted_youden,0.8712008710405712,0.4267086753664466,0.8561390589577903,0.431265221927908,0.0626586678857353,0.2157317198640183,0.0724289408195397,0.2449888100006799,0.0875422888961143,1.118849124177613,0.9321679336396717,0.0889931294844987,0.0954689882294309,-0.0773761428404395,0.8688524590163934,0.6556914393226717,0.2245762711864407,0.9775596072931276,0.3569023569023569
MEC examination sample,core MEC target sample,model0_core,Model 0 core clinical,elastic_net,2015-2016,5404,597,combined_mec_weight,0.5,fixed_0.50,0.8610809778268647,0.3575206697037384,0.8439162040003778,0.381353377700618,0.065384458906536,0.2212795827163601,0.0805582170729755,0.2657405801490566,0.023346879339049,1.051649985296687,0.9567470107101108,0.0873010721421241,0.0912478128124257,-0.0485499082779261,0.1373534338358459,0.9852298731017266,0.5359477124183006,0.901923443153685,0.2186666666666666
MEC examination sample,core MEC target sample,model0_core,Model 0 core clinical,elastic_net,2015-2016,5404,597,combined_mec_weight,0.0975552723206133,training_weighted_youden,0.8610809778268647,0.3575206697037384,0.8439162040003778,0.381353377700618,0.065384458906536,0.2212795827163601,0.0805582170729755,0.2657405801490566,0.023346879339049,1.051649985296687,0.9567470107101108,0.0873010721421241,0.0912478128124257,-0.0485499082779261,0.8174204355108877,0.7237362180153942,0.2687224669603524,0.9696209587513936,0.4044757563199336
fasting subsample,combined comparison sample,model0_paired_combined,Model 0 paired combined sample,elastic_net,2015-2016,2246,266,combined_fasting_weight,0.5,fixed_0.50,0.8572657725516403,0.3687250765994022,0.8293840662261713,0.3721941345023808,0.0671813585113954,0.2278776997066469,0.087200952025725,0.2862680849186063,0.0689306530634271,1.0773942084573394,0.9600846878893812,0.0905733473179241,0.0943389145357975,-0.0448829726023514,0.1353383458646616,0.9818181818181818,0.5,0.8942042318307267,0.2130177514792899
fasting subsample,combined comparison sample,model0_paired_combined,Model 0 paired combined sample,elastic_net,2015-2016,2246,266,combined_fasting_weight,0.0886754493841477,training_weighted_youden,0.8572657725516403,0.3687250765994022,0.8293840662261713,0.3721941345023808,0.0671813585113954,0.2278776997066469,0.087200952025725,0.2862680849186063,0.0689306530634271,1.0773942084573394,0.9600846878893812,0.0905733473179241,0.0943389145357975,-0.0448829726023514,0.8421052631578947,0.6813131313131313,0.2619883040935672,0.9698058950395398,0.39964317573595
fasting subsample,metabolic comparison sample,model0_paired_metabolic,Model 0 paired metabolic sample,elastic_net,2015-2016,2246,266,combined_fasting_weight,0.5,fixed_0.50,0.8572657725516403,0.3687250765994022,0.8293840662261713,0.3721941345023808,0.0671813585113954,0.2278776997066469,0.087200952025725,0.2862680849186063,0.0689306530634271,1.0773942084573394,0.9600846878893812,0.0905733473179241,0.0943389145357975,-0.0448829726023514,0.1353383458646616,0.9818181818181818,0.5,0.8942042318307267,0.2130177514792899
fasting subsample,metabolic comparison sample,model0_paired_metabolic,Model 0 paired metabolic sample,elastic_net,2015-2016,2246,266,combined_fasting_weight,0.0886754493841477,training_weighted_youden,0.8572657725516403,0.3687250765994022,0.8293840662261713,0.3721941345023808,0.0671813585113954,0.2278776997066469,0.087200952025725,0.2862680849186063,0.0689306530634271,1.0773942084573394,0.9600846878893812,0.0905733473179241,0.0943389145357975,-0.0448829726023514,0.8421052631578947,0.6813131313131313,0.2619883040935672,0.9698058950395398,0.39964317573595
MEC examination sample,renal comparison sample,model1_renal,Model 1 renal,elastic_net,2015-2016,5404,597,combined_mec_weight,0.5,fixed_0.50,0.8662169735647763,0.3694105870917214,0.8529405922895109,0.3989743977587847,0.0647225123888795,0.2189197300558615,0.0790370961900693,0.2608977034135482,0.0108504480541142,1.0354276245969545,0.966555535314428,0.0873010721421241,0.0903218376518059,-0.0373317173751859,0.1675041876046901,0.9796130642812564,0.5050505050505051,0.9045332308874376,0.2515723270440252
MEC examination sample,renal comparison sample,model1_renal,Model 1 renal,elastic_net,2015-2016,5404,597,combined_mec_weight,0.0913732204607118,training_weighted_youden,0.8662169735647763,0.3694105870917214,0.8529405922895109,0.3989743977587847,0.0647225123888795,0.2189197300558615,0.0790370961900693,0.2608977034135482,0.0108504480541142,1.0354276245969545,0.966555535314428,0.0873010721421241,0.0903218376518059,-0.0373317173751859,0.8341708542713567,0.7241522779280216,0.2730263157894737,0.9723463687150838,0.4114002478314745
fasting subsample,metabolic comparison sample,model2_metabolic,Model 2 metabolic,elastic_net,2015-2016,2246,266,combined_fasting_weight,0.5,fixed_0.50,0.8585782676445801,0.3724163835691728,0.8311099718994457,0.3724877062114508,0.0668285606972634,0.226967302425287,0.086933828918056,0.2852722333537971,0.0776968648536292,1.0879437601908113,0.9552389941941652,0.0905733473179241,0.0948174727669397,-0.0504714521423834,0.1353383458646616,0.9828282828282828,0.5142857142857142,0.8943014705882353,0.2142857142857142
fasting subsample,metabolic comparison sample,model2_metabolic,Model 2 metabolic,elastic_net,2015-2016,2246,266,combined_fasting_weight,0.0988348984863751,training_weighted_youden,0.8585782676445801,0.3724163835691728,0.8311099718994457,0.3724877062114508,0.0668285606972634,0.226967302425287,0.086933828918056,0.2852722333537971,0.0776968648536292,1.0879437601908113,0.9552389941941652,0.0905733473179241,0.0948174727669397,-0.0504714521423834,0.8270676691729323,0.6989898989898989,0.2696078431372549,0.967832167832168,0.4066543438077634
MEC examination sample,inflammatory comparison sample,model3_inflammatory,Model 3 inflammatory,elastic_net,2015-2016,5404,597,combined_mec_weight,0.5,fixed_0.50,0.8619553355600839,0.3648962149975793,0.8453013280813608,0.3918583825388197,0.0651439263037894,0.2206564755430486,0.0800640473792275,0.2645645012636871,0.0080206162297841,1.04967668972419,0.948814719899366,0.0873010721421241,0.092010663737788,-0.057715167132808,0.1490787269681742,0.984189723320158,0.5393939393939394,0.9030349303302156,0.2335958005249343
MEC examination sample,inflammatory comparison sample,model3_inflammatory,Model 3 inflammatory,elastic_net,2015-2016,5404,597,combined_mec_weight,0.1002036368808798,training_weighted_youden,0.8619553355600839,0.3648962149975793,0.8453013280813608,0.3918583825388197,0.0651439263037894,0.2206564755430486,0.0800640473792275,0.2645645012636871,0.0080206162297841,1.04967668972419,0.948814719899366,0.0873010721421241,0.092010663737788,-0.057715167132808,0.8107202680067002,0.7303931766174329,0.2719101123595505,0.9688189845474614,0.407236011779554
fasting subsample,combined comparison sample,model4_combined,Model 4 combined biomarkers,elastic_net,2015-2016,2246,266,combined_fasting_weight,0.5,fixed_0.50,0.8662150928782526,0.4035967368820717,0.8426824637350953,0.4075021393550441,0.0654934492244185,0.2223380795349132,0.0844214831912067,0.2780349493757262,0.1044041276479248,1.087137205519872,0.974306020098532,0.0905733473179241,0.0929619087324991,-0.0286597384001656,0.1616541353383458,0.9772727272727272,0.4886363636363636,0.896663577386469,0.2429378531073446
fasting subsample,combined comparison sample,model4_combined,Model 4 combined biomarkers,elastic_net,2015-2016,2246,266,combined_fasting_weight,0.085253973854895,training_weighted_youden,0.8662150928782526,0.4035967368820717,0.8426824637350953,0.4075021393550441,0.0654934492244185,0.2223380795349132,0.0844214831912067,0.2780349493757262,0.1044041276479248,1.087137205519872,0.974306020098532,0.0905733473179241,0.0929619087324991,-0.0286597384001656,0.8308270676691729,0.6924242424242424,0.2662650602409638,0.9682203389830508,0.4032846715328467
MEC examination sample,core MEC target sample,model0_core,Model 0 core clinical,elastic_net,2017-2018,5209,646,combined_mec_weight,0.5,fixed_0.50,0.8515487672035789,0.370669452703239,0.8256480141452756,0.3832305033519471,0.0716127473051065,0.2402248919976249,0.0907609760427573,0.2961595638823042,0.0030521736358603,0.9965290708848372,1.0062846662471456,0.0963747859305344,0.0957728853108297,0.0069308737665223,0.1547987616099071,0.9772079772079773,0.4901960784313725,0.8909090909090909,0.2352941176470588
MEC examination sample,core MEC target sample,model0_core,Model 0 core clinical,elastic_net,2017-2018,5209,646,combined_mec_weight,0.0963689903679444,training_weighted_youden,0.8515487672035789,0.370669452703239,0.8256480141452756,0.3832305033519471,0.0716127473051065,0.2402248919976249,0.0907609760427573,0.2961595638823042,0.0030521736358603,0.9965290708848372,1.0062846662471456,0.0963747859305344,0.0957728853108297,0.0069308737665223,0.8312693498452013,0.6780626780626781,0.2676969092721834,0.9659694036840462,0.4049773755656108
fasting subsample,combined comparison sample,model0_paired_combined,Model 0 paired combined sample,elastic_net,2017-2018,2279,287,combined_fasting_weight,0.5,fixed_0.50,0.8306884029210242,0.3372527450888974,0.8189605110336818,0.3821611332407476,0.0771098265513821,0.2580833270640242,0.0935003687097994,0.3039309230874234,-0.198760253081113,0.8858956257277604,0.986744977379129,0.0998769339312416,0.101218588612959,-0.0148352900615384,0.205574912891986,0.968875502008032,0.4876033057851239,0.8943466172381835,0.2892156862745098
fasting subsample,combined comparison sample,model0_paired_combined,Model 0 paired combined sample,elastic_net,2017-2018,2279,287,combined_fasting_weight,0.0831941205470357,training_weighted_youden,0.8306884029210242,0.3372527450888974,0.8189605110336818,0.3821611332407476,0.0771098265513821,0.2580833270640242,0.0935003687097994,0.3039309230874234,-0.198760253081113,0.8858956257277604,0.986744977379129,0.0998769339312416,0.101218588612959,-0.0148352900615384,0.8606271777003485,0.6445783132530121,0.2586387434554973,0.9697885196374624,0.3977455716586152
fasting subsample,metabolic comparison sample,model0_paired_metabolic,Model 0 paired metabolic sample,elastic_net,2017-2018,2279,287,combined_fasting_weight,0.5,fixed_0.50,0.8306884029210242,0.3372527450888974,0.8189605110336818,0.3821611332407476,0.0771098265513821,0.2580833270640242,0.0935003687097994,0.3039309230874234,-0.198760253081113,0.8858956257277604,0.986744977379129,0.0998769339312416,0.101218588612959,-0.0148352900615384,0.205574912891986,0.968875502008032,0.4876033057851239,0.8943466172381835,0.2892156862745098
fasting subsample,metabolic comparison sample,model0_paired_metabolic,Model 0 paired metabolic sample,elastic_net,2017-2018,2279,287,combined_fasting_weight,0.0831941205470357,training_weighted_youden,0.8306884029210242,0.3372527450888974,0.8189605110336818,0.3821611332407476,0.0771098265513821,0.2580833270640242,0.0935003687097994,0.3039309230874234,-0.198760253081113,0.8858956257277604,0.986744977379129,0.0998769339312416,0.101218588612959,-0.0148352900615384,0.8606271777003485,0.6445783132530121,0.2586387434554973,0.9697885196374624,0.3977455716586152
MEC examination sample,renal comparison sample,model1_renal,Model 1 renal,elastic_net,2017-2018,5209,646,combined_mec_weight,0.5,fixed_0.50,0.8537386706597312,0.3824639221632447,0.8322070307066733,0.4007434215473615,0.0713978510528836,0.2393833701802503,0.0896893535294365,0.2926495586447729,0.0016971981283589,0.9840004741257572,1.020198069383278,0.0963747859305344,0.0944667401584029,0.0221061134550195,0.1950464396284829,0.9743589743589745,0.5185185185185185,0.8952879581151832,0.2834645669291338
MEC examination sample,renal comparison sample,model1_renal,Model 1 renal,elastic_net,2017-2018,5209,646,combined_mec_weight,0.0765851190946296,training_weighted_youden,0.8537386706597312,0.3824639221632447,0.8322070307066733,0.4007434215473615,0.0713978510528836,0.2393833701802503,0.0896893535294365,0.2926495586447729,0.0016971981283589,0.9840004741257572,1.020198069383278,0.0963747859305344,0.0944667401584029,0.0221061134550195,0.868421052631579,0.6419022572868727,0.2555808656036446,0.9717982747179827,0.3949313621964097
fasting subsample,metabolic comparison sample,model2_metabolic,Model 2 metabolic,elastic_net,2017-2018,2279,287,combined_fasting_weight,0.5,fixed_0.50,0.8310194618554975,0.3347875263677701,0.8204770300715056,0.3812792023410921,0.077443947897373,0.2587871705923594,0.0933411025216357,0.3032437454776586,-0.2087058988331586,0.8745640414795378,0.993248090468281,0.0998769339312416,0.1005558781232121,-0.0075293707049977,0.1916376306620209,0.9708835341365462,0.4867256637168141,0.8928901200369345,0.275
fasting subsample,metabolic comparison sample,model2_metabolic,Model 2 metabolic,elastic_net,2017-2018,2279,287,combined_fasting_weight,0.0887777013798722,training_weighted_youden,0.8310194618554975,0.3347875263677701,0.8204770300715056,0.3812792023410921,0.077443947897373,0.2587871705923594,0.0933411025216357,0.3032437454776586,-0.2087058988331586,0.8745640414795378,0.993248090468281,0.0998769339312416,0.1005558781232121,-0.0075293707049977,0.8641114982578397,0.660140562248996,0.2681081081081081,0.9711964549483012,0.4092409240924092
MEC examination sample,inflammatory comparison sample,model3_inflammatory,Model 3 inflammatory,elastic_net,2017-2018,5209,646,combined_mec_weight,0.5,fixed_0.50,0.8523532933404809,0.3658623253946388,0.8264286232850178,0.3803411490503874,0.07184537014272,0.2404214303906072,0.0908869992927393,0.2961213121427323,-0.018198306630379,0.9860410184983608,1.0029675880160491,0.0963747859305344,0.0960896314916532,0.0032787107939658,0.1671826625386996,0.9765505150120536,0.5023255813953489,0.8922707248698438,0.2508710801393728
MEC examination sample,inflammatory comparison sample,model3_inflammatory,Model 3 inflammatory,elastic_net,2017-2018,5209,646,combined_mec_weight,0.0962067666915939,training_weighted_youden,0.8523532933404809,0.3658623253946388,0.8264286232850178,0.3803411490503874,0.07184537014272,0.2404214303906072,0.0908869992927393,0.2961213121427323,-0.018198306630379,0.9860410184983608,1.0029675880160491,0.0963747859305344,0.0960896314916532,0.0032787107939658,0.8312693498452013,0.6804733727810651,0.269172932330827,0.9660858742999378,0.4066641423703142
fasting subsample,combined comparison sample,model4_combined,Model 4 combined biomarkers,elastic_net,2017-2018,2279,287,combined_fasting_weight,0.5,fixed_0.50,0.8344310034161879,0.3638205026079044,0.8318395533352924,0.416849545656304,0.0765241871388601,0.2568724771794248,0.0908090507066989,0.2963994850085515,-0.2131894158640106,0.8598981287074593,1.0104586823809834,0.0998769339312416,0.0988431646664638,0.0115521852139877,0.2264808362369338,0.9683734939759036,0.5078125,0.8967921896792189,0.3132530120481928
fasting subsample,combined comparison sample,model4_combined,Model 4 combined biomarkers,elastic_net,2017-2018,2279,287,combined_fasting_weight,0.1064471247591267,training_weighted_youden,0.8344310034161879,0.3638205026079044,0.8318395533352924,0.416849545656304,0.0765241871388601,0.2568724771794248,0.0908090507066989,0.2963994850085515,-0.2131894158640106,0.8598981287074593,1.0104586823809834,0.0998769339312416,0.0988431646664638,0.0115521852139877,0.7804878048780488,0.7208835341365462,0.2871794871794871,0.9579719813208806,0.4198687910028115
MEC examination sample,core MEC target sample,model0_core,Model 0 core clinical,xgboost,2005-2006,4448,533,combined_mec_weight,0.5,fixed_0.50,0.8516758730206834,0.41294186406096806,0.8462650267528316,0.44271162160199756,0.06549828583828234,0.2266172172534252,0.08402129262685776,0.2772197393411175,0.34685117913925934,1.0914968830926814,1.1441431173980503,0.08958365355321198,0.07829759423535963,0.14697637044149436,0.1125703564727955,0.9910600255427842,0.631578947368421,0.8913393062255915,0.1910828025477707
MEC examination sample,core MEC target sample,model0_core,Model 0 core clinical,xgboost,2005-2006,4448,533,combined_mec_weight,0.09831517934799194,training_weighted_youden,0.8516758730206834,0.41294186406096806,0.8462650267528316,0.44271162160199756,0.06549828583828234,0.2266172172534252,0.08402129262685776,0.2772197393411175,0.34685117913925934,1.0914968830926814,1.1441431173980503,0.08958365355321198,0.07829759423535963,0.14697637044149436,0.8123827392120075,0.7381864623243933,0.29698216735253774,0.9665551839464883,0.43495730788548476
fasting subsample,combined comparison sample,model0_paired_combined,Model 0 paired combined sample,xgboost,2005-2006,1836,216,combined_fasting_weight,0.5,fixed_0.50,0.8386534988237614,0.3859267355888998,0.8331418609967993,0.4064615722044798,0.07091801375740521,0.24441736116206406,0.08494150638580322,0.2816153974002564,0.1921354518804818,1.0130147394699711,1.1351446942759509,0.09510242853600952,0.08378000532933852,0.13919487485245563,0.14814814814814814,0.9858024691358025,0.5818181818181818,0.8966872543514879,0.23616236162361623
fasting subsample,combined comparison sample,model0_paired_combined,Model 0 paired combined sample,xgboost,2005-2006,1836,216,combined_fasting_weight,0.09824226051568985,training_weighted_youden,0.8386534988237614,0.3859267355888998,0.8331418609967993,0.4064615722044798,0.07091801375740521,0.24441736116206406,0.08494150638580322,0.2816153974002564,0.1921354518804818,1.0130147394699711,1.1351446942759509,0.09510242853600952,0.08378000532933852,0.13919487485245563,0.8055555555555556,0.7030864197530864,0.26564885496183205,0.9644369178662151,0.3995407577497129
fasting subsample,metabolic comparison sample,model0_paired_metabolic,Model 0 paired metabolic sample,xgboost,2005-2006,1836,216,combined_fasting_weight,0.5,fixed_0.50,0.8386534988237614,0.3859267355888998,0.8331418609967993,0.4064615722044798,0.07091801375740521,0.24441736116206406,0.08494150638580322,0.2816153974002564,0.1921354518804818,1.0130147394699711,1.1351446942759509,0.09510242853600952,0.08378000532933852,0.13919487485245563,0.14814814814814814,0.9858024691358025,0.5818181818181818,0.8966872543514879,0.23616236162361623
fasting subsample,metabolic comparison sample,model0_paired_metabolic,Model 0 paired metabolic sample,xgboost,2005-2006,1836,216,combined_fasting_weight,0.09824226051568985,training_weighted_youden,0.8386534988237614,0.3859267355888998,0.8331418609967993,0.4064615722044798,0.07091801375740521,0.24441736116206406,0.08494150638580322,0.2816153974002564,0.1921354518804818,1.0130147394699711,1.1351446942759509,0.09510242853600952,0.08378000532933852,0.13919487485245563,0.8055555555555556,0.7030864197530864,0.26564885496183205,0.9644369178662151,0.3995407577497129
MEC examination sample,renal comparison sample,model1_renal,Model 1 renal,xgboost,2005-2006,4448,533,combined_mec_weight,0.5,fixed_0.50,0.8545522947210279,0.42844105488301637,0.8520248526976871,0.45888670014861727,0.06391578176436356,0.2233000834173516,0.08175763487815857,0.27213912407001656,0.14200625002932118,1.001587803436945,1.1064738969373629,0.08958365355321198,0.08096318747434787,0.11060244983494627,0.1951219512195122,0.9828863346104726,0.6081871345029239,0.8996960486322189,0.29545454545454547
MEC examination sample,renal comparison sample,model1_renal,Model 1 renal,xgboost,2005-2006,4448,533,combined_mec_weight,0.09162670373916626,training_weighted_youden,0.8545522947210279,0.42844105488301637,0.8520248526976871,0.45888670014861727,0.06391578176436356,0.2233000834173516,0.08175763487815857,0.27213912407001656,0.14200625002932118,1.001587803436945,1.1064738969373629,0.08958365355321198,0.08096318747434787,0.11060244983494627,0.8292682926829268,0.7251596424010217,0.29117259552042163,0.9689419795221843,0.43100926377376886
fasting subsample,metabolic comparison sample,model2_metabolic,Model 2 metabolic,xgboost,2005-2006,1836,216,combined_fasting_weight,0.5,fixed_0.50,0.8431349979992211,0.398030139039729,0.8352480566986737,0.4135539237817098,0.07052771596839477,0.24210581160348923,0.08487051725387573,0.2802376328167806,0.13704992759804951,0.9832916043898109,1.1319193564952088,0.09510242853600952,0.08401873153797601,0.13608889599413176,0.16203703703703703,0.987037037037037,0.625,0.898314606741573,0.25735294117647056
fasting subsample,metabolic comparison sample,model2_metabolic,Model 2 metabolic,xgboost,2005-2006,1836,216,combined_fasting_weight,0.10122106969356537,training_weighted_youden,0.8431349979992211,0.398030139039729,0.8352480566986737,0.4135539237817098,0.07052771596839477,0.24210581160348923,0.08487051725387573,0.2802376328167806,0.13704992759804951,0.9832916043898109,1.1319193564952088,0.09510242853600952,0.08401873153797601,0.13608889599413176,0.8148148148148148,0.721604938271605,0.2807017543859649,0.9669148056244831,0.4175563463819691
MEC examination sample,inflammatory comparison sample,model3_inflammatory,Model 3 inflammatory,xgboost,2005-2006,4448,533,combined_mec_weight,0.5,fixed_0.50,0.8535838581441072,0.41404936556212046,0.8476749117623803,0.4422873946170027,0.06530349145369138,0.22584034458052907,0.0838657096028328,0.27662295188852853,0.3730682343233708,1.102883404093243,1.1476660888244565,0.08958365355321198,0.07805724541793481,0.15031150707153174,0.1125703564727955,0.9923371647509579,0.6666666666666666,0.8914639743001377,0.1926163723916533
MEC examination sample,inflammatory comparison sample,model3_inflammatory,Model 3 inflammatory,xgboost,2005-2006,4448,533,combined_mec_weight,0.08740578591823578,training_weighted_youden,0.8535838581441072,0.41404936556212046,0.8476749117623803,0.4422873946170027,0.06530349145369138,0.22584034458052907,0.0838657096028328,0.27662295188852853,0.3730682343233708,1.102883404093243,1.1476660888244565,0.08958365355321198,0.07805724541793481,0.15031150707153174,0.8330206378986866,0.7080459770114943,0.27977315689981097,0.9688919958056623,0.4188679245283019
fasting subsample,combined comparison sample,model4_combined,Model 4 combined biomarkers,xgboost,2005-2006,1836,216,combined_fasting_weight,0.5,fixed_0.50,0.8496826741029517,0.4442129745947721,0.8470821902149063,0.46899281572309537,0.06808584405369217,0.23576989867285642,0.08148098737001419,0.2711535617921021,0.21813271135058246,1.0448695009812812,1.106151108708178,0.09510242853600952,0.0859759826549152,0.11092161178602522,0.18055555555555555,0.9858024691358025,0.6290322580645161,0.9002254791431793,0.2805755395683453
fasting subsample,combined comparison sample,model4_combined,Model 4 combined biomarkers,xgboost,2005-2006,1836,216,combined_fasting_weight,0.1017952635884285,training_weighted_youden,0.8496826741029517,0.4442129745947721,0.8470821902149063,0.46899281572309537,0.06808584405369217,0.23576989867285642,0.08148098737001419,0.2711535617921021,0.21813271135058246,1.0448695009812812,1.106151108708178,0.09510242853600952,0.0859759826549152,0.11092161178602522,0.8055555555555556,0.7185185185185186,0.2761904761904762,0.9651741293532339,0.41134751773049644
MEC examination sample,core MEC target sample,model0_core,Model 0 core clinical,xgboost,2007-2008,5649,677,combined_mec_weight,0.5,fixed_0.50,0.8613864692584591,0.40403702387047774,0.8356376208985977,0.410878461770061,0.0628536873608557,0.21665275913532178,0.08579668402671814,0.28263033794891007,0.22120835055288243,1.1048125515694465,1.0312421764092652,0.08628613626099402,0.08367203963809754,0.033620944975790046,0.103397341211226,0.9899436846339501,0.5833333333333334,0.8902152287936336,0.17565872020075282
MEC examination sample,core MEC target sample,model0_core,Model 0 core clinical,xgboost,2007-2008,5649,677,combined_mec_weight,0.09762994199991226,training_weighted_youden,0.8613864692584591,0.40403702387047774,0.8356376208985977,0.410878461770061,0.0628536873608557,0.21665275913532178,0.08579668402671814,0.28263033794891007,0.22120835055288243,1.1048125515694465,1.0312421764092652,0.08628613626099402,0.08367203963809754,0.033620944975790046,0.8168389955686853,0.6926790024135157,0.2657376261412782,0.9652466367713004,0.401015228426396
fasting subsample,combined comparison sample,model0_paired_combined,Model 0 paired combined sample,xgboost,2007-2008,2337,288,combined_fasting_weight,0.5,fixed_0.50,0.8652230821015916,0.40464273149655333,0.8308321132259638,0.4033463067841523,0.06470367220514205,0.221119629545892,0.08867663890123367,0.29147917606731066,0.195759776935215,1.0888872147794069,1.0327513465042326,0.08956343919074473,0.08672313959590433,0.035341306599673494,0.1423611111111111,0.9834065397755003,0.5466666666666666,0.8908045977011494,0.22589531680440766
fasting subsample,combined comparison sample,model0_paired_combined,Model 0 paired combined sample,xgboost,2007-2008,2337,288,combined_fasting_weight,0.10559011995792389,training_weighted_youden,0.8652230821015916,0.40464273149655333,0.8308321132259638,0.4033463067841523,0.06470367220514205,0.221119629545892,0.08867663890123367,0.29147917606731066,0.195759776935215,1.0888872147794069,1.0327513465042326,0.08956343919074473,0.08672313959590433,0.035341306599673494,0.78125,0.7081503172279161,0.2733900364520049,0.9583883751651255,0.40504050405040504
fasting subsample,metabolic comparison sample,model0_paired_metabolic,Model 0 paired metabolic sample,xgboost,2007-2008,2337,288,combined_fasting_weight,0.5,fixed_0.50,0.8652230821015916,0.40464273149655333,0.8308321132259638,0.4033463067841523,0.06470367220514205,0.221119629545892,0.08867663890123367,0.29147917606731066,0.195759776935215,1.0888872147794069,1.0327513465042326,0.08956343919074473,0.08672313959590433,0.035341306599673494,0.1423611111111111,0.9834065397755003,0.5466666666666666,0.8908045977011494,0.22589531680440766
fasting subsample,metabolic comparison sample,model0_paired_metabolic,Model 0 paired metabolic sample,xgboost,2007-2008,2337,288,combined_fasting_weight,0.10559011995792389,training_weighted_youden,0.8652230821015916,0.40464273149655333,0.8308321132259638,0.4033463067841523,0.06470367220514205,0.221119629545892,0.08867663890123367,0.29147917606731066,0.195759776935215,1.0888872147794069,1.0327513465042326,0.08956343919074473,0.08672313959590433,0.035341306599673494,0.78125,0.7081503172279161,0.2733900364520049,0.9583883751651255,0.40504050405040504
MEC examination sample,renal comparison sample,model1_renal,Model 1 renal,xgboost,2007-2008,5649,677,combined_mec_weight,0.5,fixed_0.50,0.8630897335726685,0.4246328299297535,0.840085275177627,0.4320465825535835,0.06197057011794443,0.21470765992062096,0.0843823179602623,0.279227542752,0.22549471001503674,1.1037839745926608,1.0346561343319494,0.08628613626099402,0.08339595484707268,0.03722725635986457,0.1432791728212703,0.9871279163314561,0.6024844720496895,0.8943148688046647,0.2315035799522673
MEC examination sample,renal comparison sample,model1_renal,Model 1 renal,xgboost,2007-2008,5649,677,combined_mec_weight,0.09905826300382614,training_weighted_youden,0.8630897335726685,0.4246328299297535,0.840085275177627,0.4320465825535835,0.06197057011794443,0.21470765992062096,0.0843823179602623,0.279227542752,0.22549471001503674,1.1037839745926608,1.0346561343319494,0.08628613626099402,0.08339595484707268,0.03722725635986457,0.8153618906942393,0.7049477071600966,0.27340267459138184,0.9655647382920111,0.4094955489614243
fasting subsample,metabolic comparison sample,model2_metabolic,Model 2 metabolic,xgboost,2007-2008,2337,288,combined_fasting_weight,0.5,fixed_0.50,0.869683756612214,0.40228992509408157,0.8342670543896752,0.4016174896360419,0.06461000758671293,0.21964594755045183,0.08848533779382706,0.2898225489745172,0.2357959891085224,1.1096677919054003,1.0362610978305609,0.08956343919074473,0.08642941376285193,0.03905555832422536,0.1284722222222222,0.9819424109321621,0.5,0.8890852850198852,0.2044198895027624
fasting subsample,metabolic comparison sample,model2_metabolic,Model 2 metabolic,xgboost,2007-2008,2337,288,combined_fasting_weight,0.09701858460903168,training_weighted_youden,0.869683756612214,0.40228992509408157,0.8342670543896752,0.4016174896360419,0.06461000758671293,0.21964594755045183,0.08848533779382706,0.2898225489745172,0.2357959891085224,1.1096677919054003,1.0362610978305609,0.08956343919074473,0.08642941376285193,0.03905555832422536,0.8125,0.6822840409956076,0.26440677966101694,0.9628099173553719,0.3989769820971867
MEC examination sample,inflammatory comparison sample,model3_inflammatory,Model 3 inflammatory,xgboost,2007-2008,5649,677,combined_mec_weight,0.5,fixed_0.50,0.861145253226052,0.4129318151573701,0.8366364194882776,0.421098008013395,0.06267696272413681,0.21646574628989426,0.08538941293954849,0.28181943749973076,0.24338812613477454,1.109888577770883,1.040071952550744,0.08628613626099402,0.08296169899532428,0.04292167194086849,0.11669128508124077,0.9903459372485921,0.6220472440944882,0.8917059036580949,0.1965174129353234
MEC examination sample,inflammatory comparison sample,model3_inflammatory,Model 3 inflammatory,xgboost,2007-2008,5649,677,combined_mec_weight,0.09867678582668304,training_weighted_youden,0.861145253226052,0.4129318151573701,0.8366364194882776,0.421098008013395,0.06267696272413681,0.21646574628989426,0.08538941293954849,0.28181943749973076,0.24338812613477454,1.109888577770883,1.040071952550744,0.08628613626099402,0.08296169899532428,0.04292167194086849,0.8094534711964549,0.6979082864038616,0.2673170731707317,0.964156710197277,0.40190685735240195
fasting subsample,combined comparison sample,model4_combined,Model 4 combined biomarkers,xgboost,2007-2008,2337,288,combined_fasting_weight,0.5,fixed_0.50,0.8726525292995277,0.4294802535897608,0.8414351851851853,0.43722986207684184,0.06330316440806498,0.21630441506501175,0.08605341613292694,0.2836053729532791,0.2527511114321326,1.1068823253089337,1.0514673338972902,0.08956343919074473,0.0851794785281399,0.05499032249592073,0.15625,0.984382625671059,0.5844155844155844,0.8924778761061947,0.2465753424657534
fasting subsample,combined comparison sample,model4_combined,Model 4 combined biomarkers,xgboost,2007-2008,2337,288,combined_fasting_weight,0.11203259229660034,training_weighted_youden,0.8726525292995277,0.4294802535897608,0.8414351851851853,0.43722986207684184,0.06330316440806498,0.21630441506501175,0.08605341613292694,0.2836053729532791,0.2527511114321326,1.1068823253089337,1.0514673338972902,0.08956343919074473,0.0851794785281399,0.05499032249592073,0.7673611111111112,0.7403611517813568,0.29349269588313415,0.9577020202020202,0.4245917387127762
MEC examination sample,core MEC target sample,model0_core,Model 0 core clinical,xgboost,2009-2010,5990,646,combined_mec_weight,0.5,fixed_0.50,0.8498723289696879,0.35437512387999004,0.8415095602139373,0.391852782884068,0.061670588134412854,0.21459219547078429,0.07834700495004654,0.2619206155146891,-0.04385843849758725,1.0171474218694927,0.9466312870782134,0.08107495355801893,0.08564575739753706,-0.05983209878671358,0.12538699690402477,0.9870883233532934,0.54,0.9032534246575342,0.20351758793969849
MEC examination sample,core MEC target sample,model0_core,Model 0 core clinical,xgboost,2009-2010,5990,646,combined_mec_weight,0.08991871029138565,training_weighted_youden,0.8498723289696879,0.35437512387999004,0.8415095602139373,0.391852782884068,0.061670588134412854,0.21459219547078429,0.07834700495004654,0.2619206155146891,-0.04385843849758725,1.0171474218694927,0.9466312870782134,0.08107495355801893,0.08564575739753706,-0.05983209878671358,0.8405572755417957,0.6906811377245509,0.24726775956284153,0.9728518713758566,0.3821252638986629
fasting subsample,combined comparison sample,model0_paired_combined,Model 0 paired combined sample,xgboost,2009-2010,2594,273,combined_fasting_weight,0.5,fixed_0.50,0.8365712866296584,0.3778575901075901,0.8394859484906879,0.4143120662825747,0.06162796524417829,0.21850326831611278,0.0758611261844635,0.2573768883617512,-0.0740257688265134,1.005044236431221,0.9394274063096969,0.08151876177433258,0.08677494527710068,-0.06822385899084926,0.15384615384615385,0.989659629470056,0.6363636363636364,0.908623417721519,0.24778761061946902
fasting subsample,combined comparison sample,model0_paired_combined,Model 0 paired combined sample,xgboost,2009-2010,2594,273,combined_fasting_weight,0.08839552849531174,training_weighted_youden,0.8365712866296584,0.3778575901075901,0.8394859484906879,0.4143120662825747,0.06162796524417829,0.21850326831611278,0.0758611261844635,0.2573768883617512,-0.0740257688265134,1.005044236431221,0.9394274063096969,0.08151876177433258,0.08677494527710068,-0.06822385899084926,0.8424908424908425,0.6755708746230074,0.23397761953204477,0.973308504034761,0.3662420382165605
fasting subsample,metabolic comparison sample,model0_paired_metabolic,Model 0 paired metabolic sample,xgboost,2009-2010,2594,273,combined_fasting_weight,0.5,fixed_0.50,0.8365712866296584,0.3778575901075901,0.8394859484906879,0.4143120662825747,0.06162796524417829,0.21850326831611278,0.0758611261844635,0.2573768883617512,-0.0740257688265134,1.005044236431221,0.9394274063096969,0.08151876177433258,0.08677494527710068,-0.06822385899084926,0.15384615384615385,0.989659629470056,0.6363636363636364,0.908623417721519,0.24778761061946902
fasting subsample,metabolic comparison sample,model0_paired_metabolic,Model 0 paired metabolic sample,xgboost,2009-2010,2594,273,combined_fasting_weight,0.08839552849531174,training_weighted_youden,0.8365712866296584,0.3778575901075901,0.8394859484906879,0.4143120662825747,0.06162796524417829,0.21850326831611278,0.0758611261844635,0.2573768883617512,-0.0740257688265134,1.005044236431221,0.9394274063096969,0.08151876177433258,0.08677494527710068,-0.06822385899084926,0.8424908424908425,0.6755708746230074,0.23397761953204477,0.973308504034761,0.3662420382165605
MEC examination sample,renal comparison sample,model1_renal,Model 1 renal,xgboost,2009-2010,5990,646,combined_mec_weight,0.5,fixed_0.50,0.8517118675866013,0.35038964871749817,0.8448781133553327,0.3921693277551739,0.06158031860735339,0.2140174021584543,0.07796952873468399,0.2604796872143498,-0.06554828589218117,0.9911562795519299,0.9633822957772549,0.08107495355801893,0.0841565740966911,-0.040664103244167915,0.15325077399380804,0.9837200598802395,0.532258064516129,0.9057546519641626,0.23798076923076922
MEC examination sample,renal comparison sample,model1_renal,Model 1 renal,xgboost,2009-2010,5990,646,combined_mec_weight,0.10098564624786377,training_weighted_youden,0.8517118675866013,0.35038964871749817,0.8448781133553327,0.3921693277551739,0.06158031860735339,0.2140174021584543,0.07796952873468399,0.2604796872143498,-0.06554828589218117,0.9911562795519299,0.9633822957772549,0.08107495355801893,0.0841565740966911,-0.040664103244167915,0.8018575851393189,0.7346556886227545,0.2675619834710744,0.9684262456832757,0.4012393493415957
fasting subsample,metabolic comparison sample,model2_metabolic,Model 2 metabolic,xgboost,2009-2010,2594,273,combined_fasting_weight,0.5,fixed_0.50,0.8346319214584743,0.36693610261600507,0.8395609130206287,0.4122006058374756,0.06192359815503272,0.21948264798083486,0.0756848081946373,0.25711535422379633,-0.16443351989998056,0.9529148618038923,0.9383884894055577,0.08151876177433258,0.08687101631646439,-0.06943558063152278,0.17216117216117216,0.986212839293408,0.5949367088607594,0.9101391650099404,0.2670454545454546
fasting subsample,metabolic comparison sample,model2_metabolic,Model 2 metabolic,xgboost,2009-2010,2594,273,combined_fasting_weight,0.11260168999433517,training_weighted_youden,0.8346319214584743,0.36693610261600507,0.8395609130206287,0.4122006058374756,0.06192359815503272,0.21948264798083486,0.0756848081946373,0.25711535422379633,-0.16443351989998056,0.9529148618038923,0.9383884894055577,0.08151876177433258,0.08687101631646439,-0.06943558063152278,0.7838827838827839,0.7337354588539423,0.25721153846153844,0.9665153234960272,0.3873303167420814
MEC examination sample,inflammatory comparison sample,model3_inflammatory,Model 3 inflammatory,xgboost,2009-2010,5990,646,combined_mec_weight,0.5,fixed_0.50,0.8490635931459234,0.35687081358759076,0.8416965411282697,0.39466398260990393,0.06165551146579009,0.21474468469973626,0.07829735428094864,0.2619409269842689,-0.12989323008754383,0.9647157553586474,0.949373541296616,0.08107495355801893,0.08539837064269774,-0.05666890852054962,0.1563467492260062,0.9854041916167665,0.5642458100558659,0.9062123558767854,0.24484848484848482
MEC examination sample,inflammatory comparison sample,model3_inflammatory,Model 3 inflammatory,xgboost,2009-2010,5990,646,combined_mec_weight,0.10571727156639099,training_weighted_youden,0.8490635931459234,0.35687081358759076,0.8416965411282697,0.39466398260990393,0.06165551146579009,0.21474468469973626,0.07829735428094864,0.2619409269842689,-0.12989323008754383,0.9647157553586474,0.949373541296616,0.08107495355801893,0.08539837064269774,-0.05666890852054962,0.8003095975232198,0.7389595808383234,0.27039748953974896,0.9683668464933791,0.40422204847537135
fasting subsample,combined comparison sample,model4_combined,Model 4 combined biomarkers,xgboost,2009-2010,2594,273,combined_fasting_weight,0.5,fixed_0.50,0.8402730996734803,0.35908873721350754,0.8456030541338598,0.4078203330705963,0.06196442070308446,0.21787868212236294,0.0756661519408226,0.25499527741359274,-0.16911946100639225,0.9360654230841039,0.9571456549974401,0.08151876177433258,0.08516860662607365,-0.04778139868134845,0.20512820512820512,0.981042654028436,0.56,0.91299117882919,0.30026809651474534
fasting subsample,combined comparison sample,model4_combined,Model 4 combined biomarkers,xgboost,2009-2010,2594,273,combined_fasting_weight,0.10003571212291718,training_weighted_youden,0.8402730996734803,0.35908873721350754,0.8456030541338598,0.4078203330705963,0.06196442070308446,0.21787868212236294,0.0756661519408226,0.25499527741359274,-0.16911946100639225,0.9360654230841039,0.9571456549974401,0.08151876177433258,0.08516860662607365,-0.04778139868134845,0.8058608058608059,0.7281344248168893,0.25851938895417154,0.9695926563396443,0.3914590747330961
MEC examination sample,core MEC target sample,model0_core,Model 0 core clinical,xgboost,2011-2012,5260,550,combined_mec_weight,0.5,fixed_0.50,0.8430492669243581,0.37089649022347254,0.8336618413433701,0.37097330886574137,0.06527894598940238,0.22737899150165097,0.07790521532297134,0.2622678237162744,-0.03199788256797066,0.9461705154658573,1.0466673135487803,0.08726918830598314,0.0833781538568281,0.04986513717882435,0.12727272727272726,0.986411889596603,0.5223880597014925,0.9063597346859149,0.2046783625730994
MEC examination sample,core MEC target sample,model0_core,Model 0 core clinical,xgboost,2011-2012,5260,550,combined_mec_weight,0.0996113196015358,training_weighted_youden,0.8430492669243581,0.37089649022347254,0.8336618413433701,0.37097330886574137,0.06527894598940238,0.22737899150165097,0.07790521532297134,0.2622678237162744,-0.03199788256797066,0.9461705154658573,1.0466673135487803,0.08726918830598314,0.0833781538568281,0.04986513717882435,0.7745454545454545,0.7386411889596602,0.25709112854556426,0.9655842353594227,0.38604440416855457
fasting subsample,combined comparison sample,model0_paired_combined,Model 0 paired combined sample,xgboost,2011-2012,2294,239,combined_fasting_weight,0.5,fixed_0.50,0.8263237320790022,0.38202652076102994,0.8262122183876451,0.3702656535193975,0.07247357012507472,0.25145352255136966,0.07842729985713959,0.26510649759968136,0.02567756042937,0.9296720868938607,1.1195217643830115,0.09688365543132343,0.08654021611158023,0.12428956128896562,0.15481171548117154,0.9854014598540146,0.5522388059701493,0.9092950157162102,0.2418300653594771
fasting subsample,combined comparison sample,model0_paired_combined,Model 0 paired combined sample,xgboost,2011-2012,2294,239,combined_fasting_weight,0.1098632663488388,training_weighted_youden,0.8263237320790022,0.38202652076102994,0.8262122183876451,0.3702656535193975,0.07247357012507472,0.25145352255136966,0.07842729985713959,0.26510649759968136,0.02567756042937,0.9296720868938607,1.1195217643830115,0.09688365543132343,0.08654021611158023,0.12428956128896562,0.7740585774058577,0.7537712895377129,0.26772793053545585,0.966313162819713,0.3978494623655914
fasting subsample,metabolic comparison sample,model0_paired_metabolic,Model 0 paired metabolic sample,xgboost,2011-2012,2294,239,combined_fasting_weight,0.5,fixed_0.50,0.8263237320790022,0.38202652076102994,0.8262122183876451,0.3702656535193975,0.07247357012507472,0.25145352255136966,0.07842729985713959,0.26510649759968136,0.02567756042937,0.9296720868938607,1.1195217643830115,0.09688365543132343,0.08654021611158023,0.12428956128896562,0.15481171548117154,0.9854014598540146,0.5522388059701493,0.9092950157162102,0.2418300653594771
fasting subsample,metabolic comparison sample,model0_paired_metabolic,Model 0 paired metabolic sample,xgboost,2011-2012,2294,239,combined_fasting_weight,0.1098632663488388,training_weighted_youden,0.8263237320790022,0.38202652076102994,0.8262122183876451,0.3702656535193975,0.07247357012507472,0.25145352255136966,0.07842729985713959,0.26510649759968136,0.02567756042937,0.9296720868938607,1.1195217643830115,0.09688365543132343,0.08654021611158023,0.12428956128896562,0.7740585774058577,0.7537712895377129,0.26772793053545585,0.966313162819713,0.3978494623655914
MEC examination sample,renal comparison sample,model1_renal,Model 1 renal,xgboost,2011-2012,5260,550,combined_mec_weight,0.5,fixed_0.50,0.8464236377653902,0.3914387899443389,0.8402011194750049,0.3887418078757493,0.0645409798346693,0.2249260094450689,0.07691474258899689,0.25870773061956337,-0.02339129760952437,0.9556868195156571,1.0401502504129057,0.08726918830598314,0.08390055981944927,0.043049094406392374,0.17636363636363636,0.9800424628450106,0.5078534031413613,0.9106332609982245,0.26180836707152494
MEC examination sample,renal comparison sample,model1_renal,Model 1 renal,xgboost,2011-2012,5260,550,combined_mec_weight,0.09542661905288696,training_weighted_youden,0.8464236377653902,0.3914387899443389,0.8402011194750049,0.3887418078757493,0.0645409798346693,0.2249260094450689,0.07691474258899689,0.25870773061956337,-0.02339129760952437,0.9556868195156571,1.0401502504129057,0.08726918830598314,0.08390055981944927,0.043049094406392374,0.7927272727272727,0.7386411889596602,0.2615476904619076,0.9682716392986362,0.39332431213351376
fasting subsample,metabolic comparison sample,model2_metabolic,Model 2 metabolic,xgboost,2011-2012,2294,239,combined_fasting_weight,0.5,fixed_0.50,0.827422690251939,0.37590577735873043,0.8254161194759185,0.36696288223954937,0.07286177374138911,0.25187194095404813,0.07863818854093552,0.26568307956736975,0.022888889939934542,0.9295951950420407,1.1174975442297483,0.09688365543132343,0.0866969739053001,0.12230818961506396,0.11715481171548117,0.9849148418491485,0.4745762711864407,0.905592841163311,0.18791946308724833
fasting subsample,metabolic comparison sample,model2_metabolic,Model 2 metabolic,xgboost,2011-2012,2294,239,combined_fasting_weight,0.09752410650253296,training_weighted_youden,0.827422690251939,0.37590577735873043,0.8254161194759185,0.36696288223954937,0.07286177374138911,0.25187194095404813,0.07863818854093552,0.26568307956736975,0.022888889939934542,0.9295951950420407,1.1174975442297483,0.09688365543132343,0.0866969739053001,0.12230818961506396,0.7949790794979079,0.7294403892944039,0.2546916890080429,0.9683462532299741,0.3857868020304569
MEC examination sample,inflammatory comparison sample,model3_inflammatory,Model 3 inflammatory,xgboost,2011-2012,5260,550,combined_mec_weight,0.5,fixed_0.50,0.842555733375383,0.38161884871519736,0.8354143987647173,0.38422669914205076,0.06487384448064677,0.2269763114764005,0.07720309495925903,0.26078223297560793,-0.04386787829665284,0.9313839805737973,1.057196275738591,0.08726918830598314,0.08254776365440192,0.06077990328311822,0.14,0.9868365180467091,0.5539568345323741,0.90763522749463,0.2235123367198839
MEC examination sample,inflammatory comparison sample,model3_inflammatory,Model 3 inflammatory,xgboost,2011-2012,5260,550,combined_mec_weight,0.09405913203954697,training_weighted_youden,0.842555733375383,0.38161884871519736,0.8354143987647173,0.38422669914205076,0.06487384448064677,0.2269763114764005,0.07720309495925903,0.26078223297560793,-0.04386787829665284,0.9313839805737973,1.057196275738591,0.08726918830598314,0.08254776365440192,0.06077990328311822,0.7927272727272727,0.732696390658174,0.25722713864306784,0.9680224403927069,0.38841870824053454
fasting subsample,combined comparison sample,model4_combined,Model 4 combined biomarkers,xgboost,2011-2012,2294,239,combined_fasting_weight,0.5,fixed_0.50,0.8321877903165239,0.39917509019093056,0.8322104470166651,0.383410930656312,0.07143952508517513,0.2478881061479367,0.0774744525551796,0.26208964278046765,0.06194276088492659,0.9442606443883432,1.1260814642864025,0.09688365543132343,0.0860360981900351,0.13068356404030324,0.18828451882845187,0.9815085158150851,0.5421686746987951,0.9122568973315242,0.2795031055900621
fasting subsample,combined comparison sample,model4_combined,Model 4 combined biomarkers,xgboost,2011-2012,2294,239,combined_fasting_weight,0.08437162637710571,training_weighted_youden,0.8321877903165239,0.39917509019093056,0.8322104470166651,0.383410930656312,0.07143952508517513,0.2478881061479367,0.0774744525551796,0.26208964278046765,0.06194276088492659,0.9442606443883432,1.1260814642864025,0.09688365543132343,0.0860360981900351,0.13068356404030324,0.8075313807531381,0.7065693430656934,0.24246231155778894,0.9692923898531375,0.37294685990338167
MEC examination sample,core MEC target sample,model0_core,Model 0 core clinical,xgboost,2013-2014,5522,573,combined_mec_weight,0.5,fixed_0.50,0.8466932265397424,0.3860683828891802,0.8387845729759428,0.3945070594122524,0.06575446797950728,0.22698139730677955,0.07605161517858505,0.2565709966408252,-0.15639975180393312,0.9440151024503047,0.951314193118834,0.08814986283345701,0.0926611454670536,-0.054870562853002625,0.16230366492146597,0.9874722166094161,0.6,0.9105645612073784,0.25549450549450553
MEC examination sample,core MEC target sample,model0_core,Model 0 core clinical,xgboost,2013-2014,5522,573,combined_mec_weight,0.11650316417217255,training_weighted_youden,0.8466932265397424,0.3860683828891802,0.8387845729759428,0.3945070594122524,0.06575446797950728,0.22698139730677955,0.07605161517858505,0.2565709966408252,-0.15639975180393312,0.9440151024503047,0.951314193118834,0.08814986283345701,0.0926611454670536,-0.054870562853002625,0.743455497382199,0.752071125479895,0.2577132486388385,0.9620056862238304,0.38274932614555257
fasting subsample,combined comparison sample,model0_paired_combined,Model 0 paired combined sample,xgboost,2013-2014,2370,244,combined_fasting_weight,0.5,fixed_0.50,0.8670491900949718,0.4142512479780652,0.8486478879755718,0.4034181042216634,0.0640393085530193,0.2190641186800441,0.07429581880569458,0.250271614834202,0.08018305953476816,1.117000853618734,0.9293937884027221,0.08899312948449872,0.09575395337798027,-0.08067168593730356,0.19672131147540983,0.9849482596425212,0.6,0.914410480349345,0.2962962962962963
fasting subsample,combined comparison sample,model0_paired_combined,Model 0 paired combined sample,xgboost,2013-2014,2370,244,combined_fasting_weight,0.0951184332370758,training_weighted_youden,0.8670491900949718,0.4142512479780652,0.8486478879755718,0.4034181042216634,0.0640393085530193,0.2190641186800441,0.07429581880569458,0.250271614834202,0.08018305953476816,1.117000853618734,0.9293937884027221,0.08899312948449872,0.09575395337798027,-0.08067168593730356,0.819672131147541,0.6966133584195673,0.23668639053254437,0.9711475409836066,0.36730945821854916
fasting subsample,metabolic comparison sample,model0_paired_metabolic,Model 0 paired metabolic sample,xgboost,2013-2014,2370,244,combined_fasting_weight,0.5,fixed_0.50,0.8670491900949718,0.4142512479780652,0.8486478879755718,0.4034181042216634,0.0640393085530193,0.2190641186800441,0.07429581880569458,0.250271614834202,0.08018305953476816,1.117000853618734,0.9293937884027221,0.08899312948449872,0.09575395337798027,-0.08067168593730356,0.19672131147540983,0.9849482596425212,0.6,0.914410480349345,0.2962962962962963
fasting subsample,metabolic comparison sample,model0_paired_metabolic,Model 0 paired metabolic sample,xgboost,2013-2014,2370,244,combined_fasting_weight,0.0951184332370758,training_weighted_youden,0.8670491900949718,0.4142512479780652,0.8486478879755718,0.4034181042216634,0.0640393085530193,0.2190641186800441,0.07429581880569458,0.250271614834202,0.08018305953476816,1.117000853618734,0.9293937884027221,0.08899312948449872,0.09575395337798027,-0.08067168593730356,0.819672131147541,0.6966133584195673,0.23668639053254437,0.9711475409836066,0.36730945821854916
MEC examination sample,renal comparison sample,model1_renal,Model 1 renal,xgboost,2013-2014,5522,573,combined_mec_weight,0.5,fixed_0.50,0.8516520808669221,0.38928620790234403,0.8470930542140654,0.41148393272030087,0.06498276089108448,0.22430752427019432,0.07451599836349487,0.2515512751707534,-0.1642231234993537,0.9568848363547404,0.932177349183711,0.08814986283345701,0.09456340353115003,-0.0772905924581071,0.21465968586387435,0.982218630026268,0.5829383886255924,0.9152701939371116,0.3137755102040817
MEC examination sample,renal comparison sample,model1_renal,Model 1 renal,xgboost,2013-2014,5522,573,combined_mec_weight,0.1160895898938179,training_weighted_youden,0.8516520808669221,0.38928620790234403,0.8470930542140654,0.41148393272030087,0.06498276089108448,0.22430752427019432,0.07451599836349487,0.2515512751707534,-0.1642231234993537,0.9568848363547404,0.932177349183711,0.08814986283345701,0.09456340353115003,-0.0772905924581071,0.7556719022687609,0.7611638714891897,0.26811145510835915,0.9641668799590478,0.3957952468007313
fasting subsample,metabolic comparison sample,model2_metabolic,Model 2 metabolic,xgboost,2013-2014,2370,244,combined_fasting_weight,0.5,fixed_0.50,0.8664310600843395,0.418684236094745,0.8480502907021575,0.40576653434924354,0.06399531570573974,0.2191560079360912,0.07419081032276154,0.25029864268655116,0.07039991644078993,1.1093429741055034,0.9305849356630781,0.08899312948449872,0.09563138846760683,-0.07925533302942878,0.20081967213114754,0.9854186265286924,0.6125,0.9148471615720524,0.30246913580246915
fasting subsample,metabolic comparison sample,model2_metabolic,Model 2 metabolic,xgboost,2013-2014,2370,244,combined_fasting_weight,0.09902562201023102,training_weighted_youden,0.8664310600843395,0.418684236094745,0.8480502907021575,0.40576653434924354,0.06399531570573974,0.2191560079360912,0.07419081032276154,0.25029864268655116,0.07039991644078993,1.1093429741055034,0.9305849356630781,0.08899312948449872,0.09563138846760683,-0.07925533302942878,0.8155737704918032,0.7116650987770461,0.24507389162561577,0.9711168164313222,0.3768939393939394
MEC examination sample,inflammatory comparison sample,model3_inflammatory,Model 3 inflammatory,xgboost,2013-2014,5522,573,combined_mec_weight,0.5,fixed_0.50,0.8479982787889161,0.38175074671714115,0.8413284965637283,0.392539459381306,0.06559928009799208,0.2265803008392728,0.07569392025470734,0.2551758498955594,-0.06402166286278682,1.017206421420961,0.9347090238746896,0.08814986283345701,0.09430727700482187,-0.07429556515518687,0.15706806282722513,0.9872701555869873,0.5882352941176471,0.910039113428944,0.2479338842975207
MEC examination sample,inflammatory comparison sample,model3_inflammatory,Model 3 inflammatory,xgboost,2013-2014,5522,573,combined_mec_weight,0.09695660322904587,training_weighted_youden,0.8479982787889161,0.38175074671714115,0.8413284965637283,0.392539459381306,0.06559928009799208,0.2265803008392728,0.07569392025470734,0.2551758498955594,-0.06402166286278682,1.017206421420961,0.9347090238746896,0.08814986283345701,0.09430727700482187,-0.07429556515518687,0.7923211169284468,0.7150939583754293,0.24356223175965666,0.9674685620557681,0.37258924907673374
fasting subsample,combined comparison sample,model4_combined,Model 4 combined biomarkers,xgboost,2013-2014,2370,244,combined_fasting_weight,0.5,fixed_0.50,0.8659280122143551,0.4439184237678895,0.8551559150563669,0.44415442739529154,0.06267794103955429,0.21714434810930047,0.07202714681625366,0.24472157808347134,0.003995455870341169,1.0889461212849993,0.9106785232182222,0.08899312948449872,0.09772178350051379,-0.10319284984964128,0.25,0.9807149576669802,0.5980392156862745,0.9193121693121693,0.35260115606936415
fasting subsample,combined comparison sample,model4_combined,Model 4 combined biomarkers,xgboost,2013-2014,2370,244,combined_fasting_weight,0.09252415597438812,training_weighted_youden,0.8659280122143551,0.4439184237678895,0.8551559150563669,0.44415442739529154,0.06267794103955429,0.21714434810930047,0.07202714681625366,0.24472157808347134,0.003995455870341169,1.0889461212849993,0.9106785232182222,0.08899312948449872,0.09772178350051379,-0.10319284984964128,0.819672131147541,0.7130761994355598,0.24691358024691357,0.9717948717948718,0.3795066413662239
MEC examination sample,core MEC target sample,model0_core,Model 0 core clinical,xgboost,2015-2016,5404,597,combined_mec_weight,0.5,fixed_0.50,0.8655147015741897,0.3762261325230315,0.8481356926787743,0.4064941646793297,0.0642874808080284,0.21859857708611274,0.07906311750411987,0.2622138389536705,0.014148183319893023,1.0614051482404028,0.9410932316815035,0.08730107214212413,0.09276559346425056,-0.06671827356546522,0.15912897822445563,0.9831495735385896,0.5397727272727273,0.9039785768936496,0.2457956015523933
MEC examination sample,core MEC target sample,model0_core,Model 0 core clinical,xgboost,2015-2016,5404,597,combined_mec_weight,0.09250612556934357,training_weighted_youden,0.8655147015741897,0.3762261325230315,0.8481356926787743,0.4064941646793297,0.0642874808080284,0.21859857708611274,0.07906311750411987,0.2622138389536705,0.014148183319893023,1.0614051482404028,0.9410932316815035,0.08730107214212413,0.09276559346425056,-0.06671827356546522,0.8542713567839196,0.7033492822966507,0.2634297520661157,0.9749134948096886,0.40268456375838924
fasting subsample,combined comparison sample,model0_paired_combined,Model 0 paired combined sample,xgboost,2015-2016,2246,266,combined_fasting_weight,0.5,fixed_0.50,0.8589455254996887,0.39400748904113886,0.8367395762132606,0.39957701818571306,0.0657442025229456,0.22601069743885455,0.08456810563802719,0.28037828259767406,0.029384716236626647,1.1004014635119594,0.9127753265258118,0.09057334731792417,0.09922852282024618,-0.1008282672763392,0.16541353383458646,0.9818181818181818,0.55,0.8975069252077562,0.2543352601156069
fasting subsample,combined comparison sample,model0_paired_combined,Model 0 paired combined sample,xgboost,2015-2016,2246,266,combined_fasting_weight,0.10496759414672852,training_weighted_youden,0.8589455254996887,0.39400748904113886,0.8367395762132606,0.39957701818571306,0.0657442025229456,0.22601069743885455,0.08456810563802719,0.28037828259767406,0.029384716236626647,1.1004014635119594,0.9127753265258118,0.09057334731792417,0.09922852282024618,-0.1008282672763392,0.8345864661654135,0.6898989898989899,0.26555023923444976,0.9687943262411347,0.40290381125226854
fasting subsample,metabolic comparison sample,model0_paired_metabolic,Model 0 paired metabolic sample,xgboost,2015-2016,2246,266,combined_fasting_weight,0.5,fixed_0.50,0.8589455254996887,0.39400748904113886,0.8367395762132606,0.39957701818571306,0.0657442025229456,0.22601069743885455,0.08456810563802719,0.28037828259767406,0.029384716236626647,1.1004014635119594,0.9127753265258118,0.09057334731792417,0.09922852282024618,-0.1008282672763392,0.16541353383458646,0.9818181818181818,0.55,0.8975069252077562,0.2543352601156069
fasting subsample,metabolic comparison sample,model0_paired_metabolic,Model 0 paired metabolic sample,xgboost,2015-2016,2246,266,combined_fasting_weight,0.10496759414672852,training_weighted_youden,0.8589455254996887,0.39400748904113886,0.8367395762132606,0.39957701818571306,0.0657442025229456,0.22601069743885455,0.08456810563802719,0.28037828259767406,0.029384716236626647,1.1004014635119594,0.9127753265258118,0.09057334731792417,0.09922852282024618,-0.1008282672763392,0.8345864661654135,0.6898989898989899,0.26555023923444976,0.9687943262411347,0.40290381125226854
MEC examination sample,renal comparison sample,model1_renal,Model 1 renal,xgboost,2015-2016,5404,597,combined_mec_weight,0.5,fixed_0.50,0.8679895618106075,0.38406028709854345,0.8538744621101485,0.4185335682775012,0.06395437123471831,0.21751748229590326,0.07797306776046753,0.25902923611191764,0.003016743053052523,1.0473341625067527,0.9486745617716877,0.08730107214212413,0.09202425748518636,-0.057877868594727655,0.20268006700167504,0.9812773039317662,0.5734597156398105,0.9083381475062584,0.2995049504950495
MEC examination sample,renal comparison sample,model1_renal,Model 1 renal,xgboost,2015-2016,5404,597,combined_mec_weight,0.09581784158945084,training_weighted_youden,0.8679895618106075,0.38406028709854345,0.8538744621101485,0.4185335682775012,0.06395437123471831,0.21751748229590326,0.07797306776046753,0.25902923611191764,0.003016743053052523,1.0473341625067527,0.9486745617716877,0.08730107214212413,0.09202425748518636,-0.057877868594727655,0.8442211055276382,0.721031828583316,0.2731707317073171,0.9738690643439168,0.41277641277641286
fasting subsample,metabolic comparison sample,model2_metabolic,Model 2 metabolic,xgboost,2015-2016,2246,266,combined_fasting_weight,0.5,fixed_0.50,0.8573857307529379,0.38800371196623124,0.8373851294903927,0.39430723170825316,0.06608328608669405,0.22676660860814096,0.08495226502418518,0.2805278703543121,0.040632254928104336,1.1013498367429078,0.9179795891114726,0.09057334731792417,0.09866597078219527,-0.09451855108357776,0.15413533834586465,0.9818181818181818,0.5324675324675324,0.8962655601659751,0.239067055393586
fasting subsample,metabolic comparison sample,model2_metabolic,Model 2 metabolic,xgboost,2015-2016,2246,266,combined_fasting_weight,0.10772372037172318,training_weighted_youden,0.8573857307529379,0.38800371196623124,0.8373851294903927,0.39430723170825316,0.06608328608669405,0.22676660860814096,0.08495226502418518,0.2805278703543121,0.040632254928104336,1.1013498367429078,0.9179795891114726,0.09057334731792417,0.09866597078219527,-0.09451855108357776,0.8345864661654135,0.703030303030303,0.2740740740740741,0.9693593314763231,0.41263940520446096
MEC examination sample,inflammatory comparison sample,model3_inflammatory,Model 3 inflammatory,xgboost,2015-2016,5404,597,combined_mec_weight,0.5,fixed_0.50,0.8674969402376442,0.3766348876454133,0.8509941009394801,0.4137302941972093,0.0641834209531643,0.2178486986671776,0.07845260947942734,0.26042357197088756,-0.00795256177328564,1.049549245492909,0.9395840856261296,0.08730107214212413,0.09291459218782697,-0.06848741770736,0.1373534338358459,0.9860619929269815,0.5503355704697986,0.9019980970504282,0.21983914209115282
MEC examination sample,inflammatory comparison sample,model3_inflammatory,Model 3 inflammatory,xgboost,2015-2016,5404,597,combined_mec_weight,0.09926537424325943,training_weighted_youden,0.8674969402376442,0.3766348876454133,0.8509941009394801,0.4137302941972093,0.0641834209531643,0.2178486986671776,0.07845260947942734,0.26042357197088756,-0.00795256177328564,1.049549245492909,0.9395840856261296,0.08730107214212413,0.09291459218782697,-0.06848741770736,0.8257956448911222,0.7235281880590805,0.27058177826564217,0.9709659408151871,0.40760644894584536
fasting subsample,combined comparison sample,model4_combined,Model 4 combined biomarkers,xgboost,2015-2016,2246,266,combined_fasting_weight,0.5,fixed_0.50,0.8662194000654344,0.42760749522083796,0.8482342219184325,0.4321155124786319,0.0641492832636508,0.22086360558847032,0.08203162252902985,0.27258773665647384,0.12586058455495508,1.143417046462095,0.9329156056431694,0.09057334731792417,0.09708632460433676,-0.07662793472479112,0.18045112781954886,0.9828282828282828,0.5853658536585366,0.899260628465804,0.27586206896551724
fasting subsample,combined comparison sample,model4_combined,Model 4 combined biomarkers,xgboost,2015-2016,2246,266,combined_fasting_weight,0.09690370410680771,training_weighted_youden,0.8662194000654344,0.42760749522083796,0.8482342219184325,0.4321155124786319,0.0641492832636508,0.22086360558847032,0.08203162252902985,0.27258773665647384,0.12586058455495508,1.143417046462095,0.9329156056431694,0.09057334731792417,0.09708632460433676,-0.07662793472479112,0.8458646616541353,0.6853535353535354,0.2653301886792453,0.9706723891273248,0.40394973070017953
MEC examination sample,core MEC target sample,model0_core,Model 0 core clinical,xgboost,2017-2018,5209,646,combined_mec_weight,0.5,fixed_0.50,0.8513899924474511,0.36630116772867183,0.8233299340705865,0.37000347798730976,0.07141078565164252,0.24021387186974122,0.09109725058078766,0.2973042914644325,0.0007755859606321906,1.0079333868495517,0.9914419427663053,0.09637478593053449,0.09720668631552053,-0.009515937190689883,0.13777089783281735,0.980276134122288,0.4972067039106145,0.8892644135188866,0.21575757575757576
MEC examination sample,core MEC target sample,model0_core,Model 0 core clinical,xgboost,2017-2018,5209,646,combined_mec_weight,0.09457667171955109,training_weighted_youden,0.8513899924474511,0.36630116772867183,0.8233299340705865,0.37000347798730976,0.07141078565164252,0.24021387186974122,0.09109725058078766,0.2973042914644325,0.0007755859606321906,1.0079333868495517,0.9914419427663053,0.09637478593053449,0.09720668631552053,-0.009515937190689883,0.8359133126934984,0.6574621959237343,0.25677603423680456,0.9658725048293625,0.39287013459439796
fasting subsample,combined comparison sample,model0_paired_combined,Model 0 paired combined sample,xgboost,2017-2018,2279,287,combined_fasting_weight,0.5,fixed_0.50,0.8272792279845542,0.33058174156915576,0.8159563340469894,0.3793157977279818,0.07775079219697789,0.2606543212079176,0.0940166562795639,0.30593508222966104,-0.26607370291838994,0.8588814231053581,0.9677258666325118,0.09987693393124163,0.10320787877541492,-0.03651383520586027,0.18815331010452963,0.9658634538152611,0.4426229508196721,0.8919796012980992,0.26405867970660146
fasting subsample,combined comparison sample,model0_paired_combined,Model 0 paired combined sample,xgboost,2017-2018,2279,287,combined_fasting_weight,0.0934540256857872,training_weighted_youden,0.8272792279845542,0.33058174156915576,0.8159563340469894,0.3793157977279818,0.07775079219697789,0.2606543212079176,0.0940166562795639,0.30593508222966104,-0.26607370291838994,0.8588814231053581,0.9677258666325118,0.09987693393124163,0.10320787877541492,-0.03651383520586027,0.8432055749128919,0.6561244979919679,0.26105717367853293,0.966715976331361,0.3986820428336079
fasting subsample,metabolic comparison sample,model0_paired_metabolic,Model 0 paired metabolic sample,xgboost,2017-2018,2279,287,combined_fasting_weight,0.5,fixed_0.50,0.8272792279845542,0.33058174156915576,0.8159563340469894,0.3793157977279818,0.07775079219697789,0.2606543212079176,0.0940166562795639,0.30593508222966104,-0.26607370291838994,0.8588814231053581,0.9677258666325118,0.09987693393124163,0.10320787877541492,-0.03651383520586027,0.18815331010452963,0.9658634538152611,0.4426229508196721,0.8919796012980992,0.26405867970660146
fasting subsample,metabolic comparison sample,model0_paired_metabolic,Model 0 paired metabolic sample,xgboost,2017-2018,2279,287,combined_fasting_weight,0.0934540256857872,training_weighted_youden,0.8272792279845542,0.33058174156915576,0.8159563340469894,0.3793157977279818,0.07775079219697789,0.2606543212079176,0.0940166562795639,0.30593508222966104,-0.26607370291838994,0.8588814231053581,0.9677258666325118,0.09987693393124163,0.10320787877541492,-0.03651383520586027,0.8432055749128919,0.6561244979919679,0.26105717367853293,0.966715976331361,0.3986820428336079
MEC examination sample,renal comparison sample,model1_renal,Model 1 renal,xgboost,2017-2018,5209,646,combined_mec_weight,0.5,fixed_0.50,0.853293141100073,0.37425110825958935,0.8305633752168641,0.39179691693644386,0.07128089895634976,0.23948577807725654,0.0898226723074913,0.29294244804628156,0.02783743419431648,1.0095120429369318,1.009052162225408,0.09637478593053449,0.09551021199735134,0.009967763325806622,0.17337461300309598,0.9758930528161297,0.5045045045045045,0.89292159614999,0.25806451612903225
MEC examination sample,renal comparison sample,model1_renal,Model 1 renal,xgboost,2017-2018,5209,646,combined_mec_weight,0.09746658802032471,training_weighted_youden,0.853293141100073,0.37425110825958935,0.8305633752168641,0.39179691693644386,0.07128089895634976,0.23948577807725654,0.0898226723074913,0.29294244804628156,0.02783743419431648,1.0095120429369318,1.009052162225408,0.09637478593053449,0.09551021199735134,0.009967763325806622,0.8204334365325078,0.6767477536708306,0.26433915211970077,0.9637952559300874,0.3998491135420596
fasting subsample,metabolic comparison sample,model2_metabolic,Model 2 metabolic,xgboost,2017-2018,2279,287,combined_fasting_weight,0.5,fixed_0.50,0.8248605542009964,0.31810272944611057,0.813513636427242,0.3689425230433447,0.07942629752123029,0.26457283058744363,0.09600425511598587,0.3105862591339648,-0.3722997100352106,0.7883923217650928,0.9713554472683821,0.09987693393124163,0.10282223074170498,-0.032340284201842096,0.20905923344947736,0.9593373493975904,0.425531914893617,0.8938260056127222,0.28037383177570097
fasting subsample,metabolic comparison sample,model2_metabolic,Model 2 metabolic,xgboost,2017-2018,2279,287,combined_fasting_weight,0.09173692017793655,training_weighted_youden,0.8248605542009964,0.31810272944611057,0.813513636427242,0.3689425230433447,0.07942629752123029,0.26457283058744363,0.09600425511598587,0.3105862591339648,-0.3722997100352106,0.7883923217650928,0.9713554472683821,0.09987693393124163,0.10282223074170498,-0.032340284201842096,0.8292682926829268,0.6606425702811245,0.2603938730853392,0.9641025641025641,0.3963363863447128
MEC examination sample,inflammatory comparison sample,model3_inflammatory,Model 3 inflammatory,xgboost,2017-2018,5209,646,combined_mec_weight,0.5,fixed_0.50,0.8521059577558739,0.36009350716425476,0.8257474137445558,0.37632230069065364,0.07210650302950038,0.24104044689206353,0.09124245494604111,0.2969958814794789,-0.08918289462417088,0.956838345219491,0.9847881840557761,0.09637478593053449,0.09786346697786541,-0.01697751512910939,0.17337461300309598,0.972824895901819,0.4745762711864407,0.8926201488035391,0.25396825396825395
MEC examination sample,inflammatory comparison sample,model3_inflammatory,Model 3 inflammatory,xgboost,2017-2018,5209,646,combined_mec_weight,0.09192507714033127,training_weighted_youden,0.8521059577558739,0.36009350716425476,0.8257474137445558,0.37632230069065364,0.07210650302950038,0.24104044689206353,0.09124245494604111,0.2969958814794789,-0.08918289462417088,0.956838345219491,0.9847881840557761,0.09637478593053449,0.09786346697786541,-0.01697751512910939,0.8359133126934984,0.6629410475564321,0.2598652550529355,0.9661450015969338,0.3964757709251101
fasting subsample,combined comparison sample,model4_combined,Model 4 combined biomarkers,xgboost,2017-2018,2279,287,combined_fasting_weight,0.5,fixed_0.50,0.8191724743038516,0.32876130383185564,0.8191896505884163,0.3986729380499271,0.07919255573047711,0.26639210045551337,0.0929565280675888,0.3040530209282719,-0.37424726133319197,0.7831014766351418,0.9816948839557452,0.09987693393124163,0.1017392833186488,-0.020545865218377646,0.23344947735191637,0.9653614457831325,0.49264705882352944,0.897340177321512,0.31678486997635935
fasting subsample,combined comparison sample,model4_combined,Model 4 combined biomarkers,xgboost,2017-2018,2279,287,combined_fasting_weight,0.09102779626846313,training_weighted_youden,0.8191724743038516,0.32876130383185564,0.8191896505884163,0.3986729380499271,0.07919255573047711,0.26639210045551337,0.0929565280675888,0.3040530209282719,-0.37424726133319197,0.7831014766351418,0.9816948839557452,0.09987693393124163,0.1017392833186488,-0.020545865218377646,0.8257839721254355,0.6621485943775101,0.26043956043956046,0.9634769905040176,0.3959899749373434
