comparison,algorithm,cycle,n,events,weight_variable,core_model,extended_model,metric,point_estimate,bootstrap_mean,bootstrap_bias,bootstrap_se,ci_lower,ci_upper,ci_level,ci_method,replicate_method,n_replicates_requested,n_replicates_valid,valid_replicate_fraction,design_df
renal,elastic_net,2005-2006,4448,533,combined_mec_weight,model0_core,model1_renal,delta_AUROC,0.00464180541424386,0.004479066598749076,-0.0001627388154947845,0.00240824189444768,-0.00029853968571905934,0.009002715463241537,0.95,percentile,rao_wu_rescaled_bootstrap,2000,2000,1.0,15
renal,elastic_net,2005-2006,4448,533,combined_mec_weight,model0_core,model1_renal,delta_PR_AUC,0.024684182274646027,0.02493003586795534,0.00024585359330931214,0.008909777153082646,0.00765038935993825,0.04244074368444551,0.95,percentile,rao_wu_rescaled_bootstrap,2000,2000,1.0,15
renal,elastic_net,2005-2006,4448,533,combined_mec_weight,model0_core,model1_renal,delta_Brier_improvement,0.0015217134883704908,0.0014976869911965428,-2.402649717394797e-05,0.0005884240767659922,0.0003596739329040655,0.0026059930540331994,0.95,percentile,rao_wu_rescaled_bootstrap,2000,2000,1.0,15
renal,elastic_net,2005-2006,4448,533,combined_mec_weight,model0_core,model1_renal,delta_log_loss_improvement,0.004133681411664508,0.004083324380724912,-5.035703093959638e-05,0.0018099445510900713,0.0008433281711325851,0.0074768973448649575,0.95,percentile,rao_wu_rescaled_bootstrap,2000,2000,1.0,15
renal,elastic_net,2005-2006,4448,533,combined_mec_weight,model0_core,model1_renal,core_calibration_intercept,0.10594717044057432,0.1037625165214819,-0.002184653919092422,0.11349900803018151,-0.11187333066647226,0.32260404150141436,0.95,percentile,rao_wu_rescaled_bootstrap,2000,2000,1.0,15
renal,elastic_net,2005-2006,4448,533,combined_mec_weight,model0_core,model1_renal,extended_calibration_intercept,0.09686821502597263,0.09444991287953726,-0.002418302146435375,0.11772701842638976,-0.12801277086271368,0.3257881457709949,0.95,percentile,rao_wu_rescaled_bootstrap,2000,2000,1.0,15
renal,elastic_net,2005-2006,4448,533,combined_mec_weight,model0_core,model1_renal,core_calibration_slope,0.994741625358759,0.9959781608941026,0.0012365355353436414,0.05431427102520386,0.8982236827546961,1.1025070396676866,0.95,percentile,rao_wu_rescaled_bootstrap,2000,2000,1.0,15
renal,elastic_net,2005-2006,4448,533,combined_mec_weight,model0_core,model1_renal,extended_calibration_slope,1.0125363301634656,1.0132523718698199,0.000716041706354309,0.05453079294667136,0.9162471229869559,1.1191904038402054,0.95,percentile,rao_wu_rescaled_bootstrap,2000,2000,1.0,15
renal,elastic_net,2005-2006,4448,533,combined_mec_weight,model0_core,model1_renal,absolute_intercept_deviation_change,0.009078955414601686,0.0037027125568038378,-0.005376242857797848,0.021306957200752517,-0.03725383598948147,0.04504743168757542,0.95,percentile,rao_wu_rescaled_bootstrap,2000,2000,1.0,15
renal,elastic_net,2005-2006,4448,533,combined_mec_weight,model0_core,model1_renal,absolute_slope_deviation_change,-0.007277955522224544,-0.0010313085082649586,0.006246647013959585,0.019988528978758774,-0.03737708979277862,0.03460878383470626,0.95,percentile,rao_wu_rescaled_bootstrap,2000,2000,1.0,15
renal,elastic_net,2007-2008,5649,677,combined_mec_weight,model0_core,model1_renal,delta_AUROC,0.0037861538481039902,0.0039039250863458475,0.00011777123824185725,0.003215647107925414,-0.0010668148346827278,0.009559572954541344,0.95,percentile,rao_wu_rescaled_bootstrap,2000,2000,1.0,16
renal,elastic_net,2007-2008,5649,677,combined_mec_weight,model0_core,model1_renal,delta_PR_AUC,0.022436336395159073,0.022631422712887612,0.0001950863177285385,0.010713913253674441,0.0034098713275631768,0.043026644359842874,0.95,percentile,rao_wu_rescaled_bootstrap,2000,2000,1.0,16
renal,elastic_net,2007-2008,5649,677,combined_mec_weight,model0_core,model1_renal,delta_Brier_improvement,0.0010518435161586959,0.0010658869609403196,1.4043444781623683e-05,0.0004638108071381595,0.00025705989199203646,0.0019529452349371084,0.95,percentile,rao_wu_rescaled_bootstrap,2000,2000,1.0,16
renal,elastic_net,2007-2008,5649,677,combined_mec_weight,model0_core,model1_renal,delta_log_loss_improvement,0.002907043359969247,0.0029394489279735013,3.2405568004254415e-05,0.0015818761921703927,0.00019357739467315926,0.006040537494327791,0.95,percentile,rao_wu_rescaled_bootstrap,2000,2000,1.0,16
renal,elastic_net,2007-2008,5649,677,combined_mec_weight,model0_core,model1_renal,core_calibration_intercept,0.06945362258101226,0.07014394362519809,0.0006903210441858293,0.10402258231387941,-0.11409727114024122,0.24390093588208867,0.95,percentile,rao_wu_rescaled_bootstrap,2000,2000,1.0,16
renal,elastic_net,2007-2008,5649,677,combined_mec_weight,model0_core,model1_renal,extended_calibration_intercept,0.07639216961158901,0.07934839344389669,0.002956223832307675,0.08890406342296205,-0.08094610594784712,0.23268912200652728,0.95,percentile,rao_wu_rescaled_bootstrap,2000,2000,1.0,16
renal,elastic_net,2007-2008,5649,677,combined_mec_weight,model0_core,model1_renal,core_calibration_slope,1.024926712868579,1.0267768246933102,0.0018501118247311599,0.043980424816085426,0.9491265734559201,1.1103041638421447,0.95,percentile,rao_wu_rescaled_bootstrap,2000,2000,1.0,16
renal,elastic_net,2007-2008,5649,677,combined_mec_weight,model0_core,model1_renal,extended_calibration_slope,1.0265159442158005,1.029373752636573,0.002857808420772434,0.04091449099310851,0.9548625421007324,1.1108088184066822,0.95,percentile,rao_wu_rescaled_bootstrap,2000,2000,1.0,16
renal,elastic_net,2007-2008,5649,677,combined_mec_weight,model0_core,model1_renal,absolute_intercept_deviation_change,-0.006938547030576753,0.006447881121894236,0.01338642815247099,0.02644748349034347,-0.04751455037628051,0.05929736621647973,0.95,percentile,rao_wu_rescaled_bootstrap,2000,2000,1.0,16
renal,elastic_net,2007-2008,5649,677,combined_mec_weight,model0_core,model1_renal,absolute_slope_deviation_change,-0.0015892313472214425,0.0011822535207265722,0.002771484867948015,0.01583032205131581,-0.036376161394050074,0.02681537724602814,0.95,percentile,rao_wu_rescaled_bootstrap,2000,2000,1.0,16
renal,elastic_net,2009-2010,5990,646,combined_mec_weight,model0_core,model1_renal,delta_AUROC,0.003713795429655553,0.003566494336908341,-0.0001473010927472121,0.0019623836344267636,-0.00018718101017409976,0.0074205778218489685,0.95,percentile,rao_wu_rescaled_bootstrap,2000,2000,1.0,16
renal,elastic_net,2009-2010,5990,646,combined_mec_weight,model0_core,model1_renal,delta_PR_AUC,0.0013463576590095894,0.0013868886011335257,4.053094212393637e-05,0.006549643783898735,-0.01030100717550239,0.014328901000632811,0.95,percentile,rao_wu_rescaled_bootstrap,2000,2000,1.0,16
renal,elastic_net,2009-2010,5990,646,combined_mec_weight,model0_core,model1_renal,delta_Brier_improvement,0.00028190060599685846,0.00027285044092001897,-9.05016507683949e-06,0.00028699530198958656,-0.00029345059377220887,0.0008074501832471612,0.95,percentile,rao_wu_rescaled_bootstrap,2000,2000,1.0,16
renal,elastic_net,2009-2010,5990,646,combined_mec_weight,model0_core,model1_renal,delta_log_loss_improvement,0.0013670895963003027,0.0013443941877974478,-2.26954085028549e-05,0.0007691759186092958,-0.00010728934711591295,0.0028118446332852202,0.95,percentile,rao_wu_rescaled_bootstrap,2000,2000,1.0,16
renal,elastic_net,2009-2010,5990,646,combined_mec_weight,model0_core,model1_renal,core_calibration_intercept,-0.16854203131550619,-0.17046183458599848,-0.001919803270492293,0.06887752394956911,-0.3094943713985606,-0.04621642547003296,0.95,percentile,rao_wu_rescaled_bootstrap,2000,2000,1.0,16
renal,elastic_net,2009-2010,5990,646,combined_mec_weight,model0_core,model1_renal,extended_calibration_intercept,-0.17605328500151168,-0.178452707254566,-0.002399422253054312,0.07089192771402436,-0.32343943846231366,-0.05142507251471454,0.95,percentile,rao_wu_rescaled_bootstrap,2000,2000,1.0,16
renal,elastic_net,2009-2010,5990,646,combined_mec_weight,model0_core,model1_renal,core_calibration_slope,0.9537351286056366,0.9535750402716421,-0.0001600883339945014,0.022158869247436288,0.9114812373940467,0.9945771731788536,0.95,percentile,rao_wu_rescaled_bootstrap,2000,2000,1.0,16
renal,elastic_net,2009-2010,5990,646,combined_mec_weight,model0_core,model1_renal,extended_calibration_slope,0.9385821363806764,0.9382430269708945,-0.0003391094097819902,0.02082648438609046,0.8991487294136193,0.9784353700132454,0.95,percentile,rao_wu_rescaled_bootstrap,2000,2000,1.0,16
renal,elastic_net,2009-2010,5990,646,combined_mec_weight,model0_core,model1_renal,absolute_intercept_deviation_change,-0.007511253686005498,-0.007964897031957211,-0.00045364334595171356,0.013523285359761454,-0.0328909674965789,0.018745703300675015,0.95,percentile,rao_wu_rescaled_bootstrap,2000,2000,1.0,16
renal,elastic_net,2009-2010,5990,646,combined_mec_weight,model0_core,model1_renal,absolute_slope_deviation_change,-0.015152992224960138,-0.015134989213769533,1.800301119060481e-05,0.007680410407481892,-0.030014354831831163,0.00018445683694850385,0.95,percentile,rao_wu_rescaled_bootstrap,2000,2000,1.0,16
renal,elastic_net,2011-2012,5260,550,combined_mec_weight,model0_core,model1_renal,delta_AUROC,0.0051694627894353085,0.005152206951674399,-1.725583776090913e-05,0.00145746107235403,0.0024962318287401865,0.007997812481810479,0.95,percentile,rao_wu_rescaled_bootstrap,2000,2000,1.0,17
renal,elastic_net,2011-2012,5260,550,combined_mec_weight,model0_core,model1_renal,delta_PR_AUC,0.025197669147065394,0.025261767727235963,6.409858017056985e-05,0.007432289271515802,0.012114588533227447,0.04027888266497576,0.95,percentile,rao_wu_rescaled_bootstrap,2000,2000,1.0,17
renal,elastic_net,2011-2012,5260,550,combined_mec_weight,model0_core,model1_renal,delta_Brier_improvement,0.0012357341747646078,0.0012347655405130864,-9.686342515213744e-07,0.00040925748620406014,0.000461622909625402,0.002034919347630069,0.95,percentile,rao_wu_rescaled_bootstrap,2000,2000,1.0,17
renal,elastic_net,2011-2012,5260,550,combined_mec_weight,model0_core,model1_renal,delta_log_loss_improvement,0.003564770749480861,0.0035518583404317984,-1.2912409049062757e-05,0.0009149366532497481,0.0018445847448942132,0.005384077258477888,0.95,percentile,rao_wu_rescaled_bootstrap,2000,2000,1.0,17
renal,elastic_net,2011-2012,5260,550,combined_mec_weight,model0_core,model1_renal,core_calibration_intercept,-0.04663188899651374,-0.04479941961038836,0.001832469386125385,0.10241768028844596,-0.2365140395550103,0.1689850071672979,0.95,percentile,rao_wu_rescaled_bootstrap,2000,2000,1.0,17
renal,elastic_net,2011-2012,5260,550,combined_mec_weight,model0_core,model1_renal,extended_calibration_intercept,-0.026721335842773468,-0.02493589915306216,0.0017854366897113068,0.1133308753396057,-0.23925795527688343,0.20562816464578554,0.95,percentile,rao_wu_rescaled_bootstrap,2000,2000,1.0,17
renal,elastic_net,2011-2012,5260,550,combined_mec_weight,model0_core,model1_renal,core_calibration_slope,0.9539106390038108,0.9557987652279498,0.0018881262241390306,0.05369850553317107,0.8566209246540087,1.0674992382380721,0.95,percentile,rao_wu_rescaled_bootstrap,2000,2000,1.0,17
renal,elastic_net,2011-2012,5260,550,combined_mec_weight,model0_core,model1_renal,extended_calibration_slope,0.9601564411194156,0.9620558960391925,0.001899454919776944,0.0587492663542304,0.8564589208637028,1.0842206730788853,0.95,percentile,rao_wu_rescaled_bootstrap,2000,2000,1.0,17
renal,elastic_net,2011-2012,5260,550,combined_mec_weight,model0_core,model1_renal,absolute_intercept_deviation_change,0.019910553153740275,-0.003179468826684999,-0.023090021980425274,0.026616160690752688,-0.058198419791220445,0.0397992455318787,0.95,percentile,rao_wu_rescaled_bootstrap,2000,2000,1.0,17
renal,elastic_net,2011-2012,5260,550,combined_mec_weight,model0_core,model1_renal,absolute_slope_deviation_change,0.0062458021156047705,0.00024155967627531428,-0.006004242439329456,0.010022863201412673,-0.022262076836747944,0.017275525315023375,0.95,percentile,rao_wu_rescaled_bootstrap,2000,2000,1.0,17
renal,elastic_net,2013-2014,5522,573,combined_mec_weight,model0_core,model1_renal,delta_AUROC,0.006679683405393155,0.006816910579767425,0.00013722717437426955,0.002262234469876387,0.0027420885239575793,0.011119018563429716,0.95,percentile,rao_wu_rescaled_bootstrap,2000,2000,1.0,15
renal,elastic_net,2013-2014,5522,573,combined_mec_weight,model0_core,model1_renal,delta_PR_AUC,0.017916526805418942,0.018386971263953156,0.0004704444585342145,0.007331007224091109,0.004879409414487232,0.0326914652997172,0.95,percentile,rao_wu_rescaled_bootstrap,2000,2000,1.0,15
renal,elastic_net,2013-2014,5522,573,combined_mec_weight,model0_core,model1_renal,delta_Brier_improvement,0.0013177920286472633,0.001324412312564556,6.620283917292604e-06,0.00034513246621938244,0.0006802535676697272,0.00198525818524389,0.95,percentile,rao_wu_rescaled_bootstrap,2000,2000,1.0,15
renal,elastic_net,2013-2014,5522,573,combined_mec_weight,model0_core,model1_renal,delta_log_loss_improvement,0.004087794399938255,0.00411526523508697,2.7470835148714866e-05,0.0010422023145711735,0.0020985302764147105,0.00615769102280938,0.95,percentile,rao_wu_rescaled_bootstrap,2000,2000,1.0,15
renal,elastic_net,2013-2014,5522,573,combined_mec_weight,model0_core,model1_renal,core_calibration_intercept,-0.045830673565890524,-0.04345750708079577,0.002373166485094752,0.06688749839378952,-0.16949322673862072,0.08800702631182379,0.95,percentile,rao_wu_rescaled_bootstrap,2000,2000,1.0,15
renal,elastic_net,2013-2014,5522,573,combined_mec_weight,model0_core,model1_renal,extended_calibration_intercept,-0.04333135790566572,-0.04085674634088122,0.0024746115647844985,0.06310351623357344,-0.16326502944890553,0.08118376916864006,0.95,percentile,rao_wu_rescaled_bootstrap,2000,2000,1.0,15
renal,elastic_net,2013-2014,5522,573,combined_mec_weight,model0_core,model1_renal,core_calibration_slope,0.9919471897383996,0.9955632319490162,0.0036160422106166212,0.047301467016582825,0.9128122857236818,1.0907802526778072,0.95,percentile,rao_wu_rescaled_bootstrap,2000,2000,1.0,15
renal,elastic_net,2013-2014,5522,573,combined_mec_weight,model0_core,model1_renal,extended_calibration_slope,1.009175537295416,1.0130825776875778,0.00390704039216172,0.04807333413102232,0.9275067496702689,1.1056110389605986,0.95,percentile,rao_wu_rescaled_bootstrap,2000,2000,1.0,15
renal,elastic_net,2013-2014,5522,573,combined_mec_weight,model0_core,model1_renal,absolute_intercept_deviation_change,0.0024993156602248073,0.004374469653045273,0.0018751539928204657,0.02341610627937767,-0.041463244790241105,0.05119536551169005,0.95,percentile,rao_wu_rescaled_bootstrap,2000,2000,1.0,15
renal,elastic_net,2013-2014,5522,573,combined_mec_weight,model0_core,model1_renal,absolute_slope_deviation_change,-0.0011227270338156625,-0.0011907067447777635,-6.797971096210095e-05,0.019955135719076224,-0.03814958117246099,0.03392603740224435,0.95,percentile,rao_wu_rescaled_bootstrap,2000,2000,1.0,15
renal,elastic_net,2015-2016,5404,597,combined_mec_weight,model0_core,model1_renal,delta_AUROC,0.0051359957379115695,0.005164002258698166,2.8006520786596698e-05,0.001634166634949352,0.0020069470736186123,0.008306904225376723,0.95,percentile,rao_wu_rescaled_bootstrap,2000,2000,1.0,15
renal,elastic_net,2015-2016,5404,597,combined_mec_weight,model0_core,model1_renal,delta_PR_AUC,0.011889917387983007,0.012347719252142753,0.00045780186415974623,0.007185846396182545,-0.0012591818529944954,0.026305314654334604,0.95,percentile,rao_wu_rescaled_bootstrap,2000,2000,1.0,15
renal,elastic_net,2015-2016,5404,597,combined_mec_weight,model0_core,model1_renal,delta_Brier_improvement,0.0006619465176565115,0.0006635405363866034,1.594018730091966e-06,0.0003771167012551054,-5.2385409065915446e-05,0.001381226512272068,0.95,percentile,rao_wu_rescaled_bootstrap,2000,2000,1.0,15
renal,elastic_net,2015-2016,5404,597,combined_mec_weight,model0_core,model1_renal,delta_log_loss_improvement,0.0023598526604986514,0.002369031930657636,9.179270158984811e-06,0.0011268938917016187,0.00028242277539724067,0.0045305866531682535,0.95,percentile,rao_wu_rescaled_bootstrap,2000,2000,1.0,15
renal,elastic_net,2015-2016,5404,597,combined_mec_weight,model0_core,model1_renal,core_calibration_intercept,0.02334687933904837,0.029637393459951533,0.006290514120903163,0.10531474527203405,-0.14690785779264598,0.23531489018419469,0.95,percentile,rao_wu_rescaled_bootstrap,2000,2000,1.0,15
renal,elastic_net,2015-2016,5404,597,combined_mec_weight,model0_core,model1_renal,extended_calibration_intercept,0.010850448054112196,0.01605887483975681,0.005208426785644614,0.10687622150609777,-0.1601659651998242,0.21032579346582833,0.95,percentile,rao_wu_rescaled_bootstrap,2000,2000,1.0,15
renal,elastic_net,2015-2016,5404,597,combined_mec_weight,model0_core,model1_renal,core_calibration_slope,1.0516499852966867,1.05472580689893,0.0030758216022432894,0.057948327910311445,0.9545218588534475,1.1738025812830881,0.95,percentile,rao_wu_rescaled_bootstrap,2000,2000,1.0,15
renal,elastic_net,2015-2016,5404,597,combined_mec_weight,model0_core,model1_renal,extended_calibration_slope,1.0354276245969545,1.038400565493419,0.0029729408964644932,0.056273183868575084,0.9426877853688157,1.1482840193816786,0.95,percentile,rao_wu_rescaled_bootstrap,2000,2000,1.0,15
renal,elastic_net,2015-2016,5404,597,combined_mec_weight,model0_core,model1_renal,absolute_intercept_deviation_change,0.012496431284936174,-0.0007770228379604052,-0.013273454122896579,0.03394944166081686,-0.06527545283992088,0.06818627526368513,0.95,percentile,rao_wu_rescaled_bootstrap,2000,2000,1.0,15
renal,elastic_net,2015-2016,5404,597,combined_mec_weight,model0_core,model1_renal,absolute_slope_deviation_change,0.016222360699732263,0.009379565668669546,-0.006842795031062717,0.019102936933363436,-0.02652921118663706,0.047562806661663015,0.95,percentile,rao_wu_rescaled_bootstrap,2000,2000,1.0,15
renal,elastic_net,2017-2018,5209,646,combined_mec_weight,model0_core,model1_renal,delta_AUROC,0.002189903456152442,0.0022517793816890044,6.187592553656219e-05,0.0018358488694582514,-0.0010592532053653484,0.005916926366626186,0.95,percentile,rao_wu_rescaled_bootstrap,2000,2000,1.0,15
renal,elastic_net,2017-2018,5209,646,combined_mec_weight,model0_core,model1_renal,delta_PR_AUC,0.011794469460005785,0.011410837918714344,-0.0003836315412914411,0.007244844825228572,-0.002801064907380092,0.02507212154381388,0.95,percentile,rao_wu_rescaled_bootstrap,2000,2000,1.0,15
renal,elastic_net,2017-2018,5209,646,combined_mec_weight,model0_core,model1_renal,delta_Brier_improvement,0.0002148962522229847,0.00022356382033958028,8.667568116595587e-06,0.0003906166574176178,-0.0005102484312758545,0.0009721896559046066,0.95,percentile,rao_wu_rescaled_bootstrap,2000,2000,1.0,15
renal,elastic_net,2017-2018,5209,646,combined_mec_weight,model0_core,model1_renal,delta_log_loss_improvement,0.0008415218173746797,0.0008646488359332942,2.3127018558614563e-05,0.0011526805350582931,-0.0011870678227451743,0.002973515708273769,0.95,percentile,rao_wu_rescaled_bootstrap,2000,2000,1.0,15
renal,elastic_net,2017-2018,5209,646,combined_mec_weight,model0_core,model1_renal,core_calibration_intercept,0.0030521736358614694,0.004326040723790236,0.0012738670879287664,0.10114737212229731,-0.1934141210564018,0.19276887363682998,0.95,percentile,rao_wu_rescaled_bootstrap,2000,2000,1.0,15
renal,elastic_net,2017-2018,5209,646,combined_mec_weight,model0_core,model1_renal,extended_calibration_intercept,0.001697198128359693,0.0034018391478210707,0.0017046410194613778,0.09871458433082049,-0.18862947620370948,0.1910911596811739,0.95,percentile,rao_wu_rescaled_bootstrap,2000,2000,1.0,15
renal,elastic_net,2017-2018,5209,646,combined_mec_weight,model0_core,model1_renal,core_calibration_slope,0.9965290708848359,0.997704349020671,0.0011752781358350672,0.0337325966278608,0.9361894480619923,1.0687494405073696,0.95,percentile,rao_wu_rescaled_bootstrap,2000,2000,1.0,15
renal,elastic_net,2017-2018,5209,646,combined_mec_weight,model0_core,model1_renal,extended_calibration_slope,0.984000474125755,0.9854951488076599,0.001494674681904895,0.032618545030505465,0.9250519017580207,1.052380533990616,0.95,percentile,rao_wu_rescaled_bootstrap,2000,2000,1.0,15
renal,elastic_net,2017-2018,5209,646,combined_mec_weight,model0_core,model1_renal,absolute_intercept_deviation_change,0.0013549755075017765,0.002051644743017514,0.0006966692355157374,0.015740377739477007,-0.029515979980429333,0.032841058362737256,0.95,percentile,rao_wu_rescaled_bootstrap,2000,2000,1.0,15
renal,elastic_net,2017-2018,5209,646,combined_mec_weight,model0_core,model1_renal,absolute_slope_deviation_change,-0.012528596759080912,-0.0019286795121304305,0.010599917246950481,0.01368896787580461,-0.02490949836072161,0.026001433503184866,0.95,percentile,rao_wu_rescaled_bootstrap,2000,2000,1.0,15
renal,xgboost,2005-2006,4448,533,combined_mec_weight,model0_core,model1_renal,delta_AUROC,0.0028764217003444115,0.0026262001413700302,-0.00025022155897438123,0.0020914754141299306,-0.0015380116538653815,0.0064439444179741024,0.95,percentile,rao_wu_rescaled_bootstrap,2000,2000,1.0,15
renal,xgboost,2005-2006,4448,533,combined_mec_weight,model0_core,model1_renal,delta_PR_AUC,0.015499190822048259,0.015971966726295295,0.00047277590424703655,0.012465932657927267,-0.006998771197183427,0.04144974440949065,0.95,percentile,rao_wu_rescaled_bootstrap,2000,2000,1.0,15
renal,xgboost,2005-2006,4448,533,combined_mec_weight,model0_core,model1_renal,delta_Brier_improvement,0.0015825039436733052,0.0015554740383919683,-2.70299052813369e-05,0.0005518207119507847,0.0004735630278061874,0.00256820810560471,0.95,percentile,rao_wu_rescaled_bootstrap,2000,2000,1.0,15
renal,xgboost,2005-2006,4448,533,combined_mec_weight,model0_core,model1_renal,delta_log_loss_improvement,0.00331713424730265,0.00322098899717598,-9.614525012666998e-05,0.0016729143392344996,-5.857628782559744e-05,0.006295017043186171,0.95,percentile,rao_wu_rescaled_bootstrap,2000,2000,1.0,15
renal,xgboost,2005-2006,4448,533,combined_mec_weight,model0_core,model1_renal,core_calibration_intercept,0.3468511733231403,0.3453927918284867,-0.0014583814946536044,0.10876656226059729,0.13726534391700373,0.5504480607428505,0.95,percentile,rao_wu_rescaled_bootstrap,2000,2000,1.0,15
renal,xgboost,2005-2006,4448,533,combined_mec_weight,model0_core,model1_renal,extended_calibration_intercept,0.14200625520695054,0.14018535154711673,-0.0018209036598338113,0.11168188092244102,-0.07078416867150103,0.34788607914572617,0.95,percentile,rao_wu_rescaled_bootstrap,2000,2000,1.0,15
renal,xgboost,2005-2006,4448,533,combined_mec_weight,model0_core,model1_renal,core_calibration_slope,1.0914968823179598,1.092915857972364,0.0014189756544040755,0.05437901732163427,0.9915011326811688,1.2030578804158376,0.95,percentile,rao_wu_rescaled_bootstrap,2000,2000,1.0,15
renal,xgboost,2005-2006,4448,533,combined_mec_weight,model0_core,model1_renal,extended_calibration_slope,1.00158780653088,1.0025464481673416,0.0009586416364615324,0.05412688820321,0.9018281245007364,1.1102799855952452,0.95,percentile,rao_wu_rescaled_bootstrap,2000,2000,1.0,15
renal,xgboost,2005-2006,4448,533,combined_mec_weight,model0_core,model1_renal,absolute_intercept_deviation_change,0.20484491811618977,0.19491494439413795,-0.009929973722051816,0.04429829305482684,0.0727501063695069,0.24790625650236908,0.95,percentile,rao_wu_rescaled_bootstrap,2000,2000,1.0,15
renal,xgboost,2005-2006,4448,533,combined_mec_weight,model0_core,model1_renal,absolute_slope_deviation_change,0.08990907578707974,0.04996073956016154,-0.0399483362269182,0.056468603229755124,-0.08739453323792795,0.11048834808896173,0.95,percentile,rao_wu_rescaled_bootstrap,2000,2000,1.0,15
renal,xgboost,2007-2008,5649,677,combined_mec_weight,model0_core,model1_renal,delta_AUROC,0.0017032643142096404,0.0018318476042728223,0.00012858329006318185,0.0026036561356012804,-0.0027465920163640854,0.007275976901699729,0.95,percentile,rao_wu_rescaled_bootstrap,2000,2000,1.0,16
renal,xgboost,2007-2008,5649,677,combined_mec_weight,model0_core,model1_renal,delta_PR_AUC,0.0205958060592758,0.020426197277716426,-0.00016960878155937442,0.009530661077122141,0.003126120467704093,0.039193607092353595,0.95,percentile,rao_wu_rescaled_bootstrap,2000,2000,1.0,16
renal,xgboost,2007-2008,5649,677,combined_mec_weight,model0_core,model1_renal,delta_Brier_improvement,0.0008831172126543552,0.0009039771179410392,2.0859905286684075e-05,0.00042184875513542305,0.00010963970737226005,0.0017355808128615324,0.95,percentile,rao_wu_rescaled_bootstrap,2000,2000,1.0,16
renal,xgboost,2007-2008,5649,677,combined_mec_weight,model0_core,model1_renal,delta_log_loss_improvement,0.0019450993761292168,0.00198356294334401,3.846356721479323e-05,0.0013756924585802185,-0.0006399946526379325,0.004724757628000415,0.95,percentile,rao_wu_rescaled_bootstrap,2000,2000,1.0,16
renal,xgboost,2007-2008,5649,677,combined_mec_weight,model0_core,model1_renal,core_calibration_intercept,0.221208351089792,0.2203500114445778,-0.0008583396452142011,0.09250141365257293,0.04242702135195014,0.38623396769634927,0.95,percentile,rao_wu_rescaled_bootstrap,2000,2000,1.0,16
renal,xgboost,2007-2008,5649,677,combined_mec_weight,model0_core,model1_renal,extended_calibration_intercept,0.22549470716651135,0.22702781943884617,0.0015331122723348245,0.0873986568481282,0.05950128740664751,0.380683017619893,0.95,percentile,rao_wu_rescaled_bootstrap,2000,2000,1.0,16
renal,xgboost,2007-2008,5649,677,combined_mec_weight,model0_core,model1_renal,core_calibration_slope,1.1048125532757327,1.1059755566462353,0.0011630033705025689,0.043133355554804825,1.0273592189335534,1.1894589867050251,0.95,percentile,rao_wu_rescaled_bootstrap,2000,2000,1.0,16
renal,xgboost,2007-2008,5649,677,combined_mec_weight,model0_core,model1_renal,extended_calibration_slope,1.1037839752213279,1.1063642201167896,0.002580244895461714,0.04552999899798634,1.0250766541377823,1.193335302388633,0.95,percentile,rao_wu_rescaled_bootstrap,2000,2000,1.0,16
renal,xgboost,2007-2008,5649,677,combined_mec_weight,model0_core,model1_renal,absolute_intercept_deviation_change,-0.004286356076719344,-0.006597111753902373,-0.0023107556771830287,0.02134084911648312,-0.05079705592824838,0.031417786951367786,0.95,percentile,rao_wu_rescaled_bootstrap,2000,2000,1.0,16
renal,xgboost,2007-2008,5649,677,combined_mec_weight,model0_core,model1_renal,absolute_slope_deviation_change,0.0010285780544048162,-0.0003892276035615935,-0.0014178056579664097,0.014910504498343675,-0.03235317674834274,0.02587633755948039,0.95,percentile,rao_wu_rescaled_bootstrap,2000,2000,1.0,16
renal,xgboost,2009-2010,5990,646,combined_mec_weight,model0_core,model1_renal,delta_AUROC,0.0018395386169133277,0.0017255058351115626,-0.00011403278180176506,0.001698910338642636,-0.001635842632719811,0.005070775332092948,0.95,percentile,rao_wu_rescaled_bootstrap,2000,2000,1.0,16
renal,xgboost,2009-2010,5990,646,combined_mec_weight,model0_core,model1_renal,delta_PR_AUC,-0.003985475162491925,-0.005081051463916971,-0.0010955763014250464,0.007763399714033936,-0.01976010769615701,0.010679632260855079,0.95,percentile,rao_wu_rescaled_bootstrap,2000,2000,1.0,16
renal,xgboost,2009-2010,5990,646,combined_mec_weight,model0_core,model1_renal,delta_Brier_improvement,9.026916308852578e-05,8.497126071893948e-05,-5.297902369586307e-06,0.00032851550623128083,-0.0005237709600591247,0.0007245737508731771,0.95,percentile,rao_wu_rescaled_bootstrap,2000,2000,1.0,16
renal,xgboost,2009-2010,5990,646,combined_mec_weight,model0_core,model1_renal,delta_log_loss_improvement,0.0005747934814633038,0.0005635911036852765,-1.1202377778027264e-05,0.0008507865320183468,-0.001087559197889465,0.0021963765677002283,0.95,percentile,rao_wu_rescaled_bootstrap,2000,2000,1.0,16
renal,xgboost,2009-2010,5990,646,combined_mec_weight,model0_core,model1_renal,core_calibration_intercept,-0.043858445971230654,-0.0463457157542022,-0.002487269782971549,0.0743887772495841,-0.19840521247250048,0.08953996253123932,0.95,percentile,rao_wu_rescaled_bootstrap,2000,2000,1.0,16
renal,xgboost,2009-2010,5990,646,combined_mec_weight,model0_core,model1_renal,extended_calibration_intercept,-0.06554829089549324,-0.06822966094038793,-0.0026813700448946876,0.07838566570575249,-0.22617022732081793,0.07635044692185852,0.95,percentile,rao_wu_rescaled_bootstrap,2000,2000,1.0,16
renal,xgboost,2009-2010,5990,646,combined_mec_weight,model0_core,model1_renal,core_calibration_slope,1.0171474202076225,1.016780580760196,-0.00036683944742654795,0.01909164628751209,0.9806435811435723,1.0535605885949466,0.95,percentile,rao_wu_rescaled_bootstrap,2000,2000,1.0,16
renal,xgboost,2009-2010,5990,646,combined_mec_weight,model0_core,model1_renal,extended_calibration_slope,0.9911562778110755,0.9907622419489096,-0.000394035862165909,0.01797665734034425,0.9572643119361666,1.0266627086222033,0.95,percentile,rao_wu_rescaled_bootstrap,2000,2000,1.0,16
renal,xgboost,2009-2010,5990,646,combined_mec_weight,model0_core,model1_renal,absolute_intercept_deviation_change,-0.02168984492426259,-0.014177968721770828,0.007511876202491762,0.023087787654359364,-0.054986508536823915,0.03363748256656152,0.95,percentile,rao_wu_rescaled_bootstrap,2000,2000,1.0,16
renal,xgboost,2009-2010,5990,646,combined_mec_weight,model0_core,model1_renal,absolute_slope_deviation_change,0.008303698018698014,0.004336924160647679,-0.003966773858050335,0.02069571431917309,-0.032536696819877683,0.03966884119020624,0.95,percentile,rao_wu_rescaled_bootstrap,2000,2000,1.0,16
renal,xgboost,2011-2012,5260,550,combined_mec_weight,model0_core,model1_renal,delta_AUROC,0.0033743708410318707,0.003356353103853479,-1.8017737178391627e-05,0.002552939231981482,-0.0015748756262872559,0.00822826787140709,0.95,percentile,rao_wu_rescaled_bootstrap,2000,2000,1.0,17
renal,xgboost,2011-2012,5260,550,combined_mec_weight,model0_core,model1_renal,delta_PR_AUC,0.020542299720866297,0.02137805831453565,0.0008357585936693522,0.01203057635025178,-0.001040547398270584,0.0458164701751487,0.95,percentile,rao_wu_rescaled_bootstrap,2000,2000,1.0,17
renal,xgboost,2011-2012,5260,550,combined_mec_weight,model0_core,model1_renal,delta_Brier_improvement,0.0007379659315942394,0.000751587774773711,1.3621843179471567e-05,0.000596117999692026,-0.00038201170727438584,0.0019014000954834206,0.95,percentile,rao_wu_rescaled_bootstrap,2000,2000,1.0,17
renal,xgboost,2011-2012,5260,550,combined_mec_weight,model0_core,model1_renal,delta_log_loss_improvement,0.0024529822684883074,0.0024849590465388653,3.1976778050557975e-05,0.0016673077857633381,-0.000697748005100047,0.00572339060377327,0.95,percentile,rao_wu_rescaled_bootstrap,2000,2000,1.0,17
renal,xgboost,2011-2012,5260,550,combined_mec_weight,model0_core,model1_renal,core_calibration_intercept,-0.03199788500966368,-0.02875493809414329,0.003242946915520392,0.11844776700571612,-0.24303012418301906,0.21416993799730313,0.95,percentile,rao_wu_rescaled_bootstrap,2000,2000,1.0,17
renal,xgboost,2011-2012,5260,550,combined_mec_weight,model0_core,model1_renal,extended_calibration_intercept,-0.023391302301430814,-0.01781130340660057,0.005579998894830244,0.1341645844332549,-0.256091151898454,0.2538832842899673,0.95,percentile,rao_wu_rescaled_bootstrap,2000,2000,1.0,17
renal,xgboost,2011-2012,5260,550,combined_mec_weight,model0_core,model1_renal,core_calibration_slope,0.9461705156422068,0.9486083128837579,0.0024377972415511318,0.05765919134050288,0.8447451227325821,1.0666222606194569,0.95,percentile,rao_wu_rescaled_bootstrap,2000,2000,1.0,17
renal,xgboost,2011-2012,5260,550,combined_mec_weight,model0_core,model1_renal,extended_calibration_slope,0.9556868178578828,0.9592170770820555,0.003530259224172716,0.06515557091050031,0.8445805487008822,1.0929895998817116,0.95,percentile,rao_wu_rescaled_bootstrap,2000,2000,1.0,17
renal,xgboost,2011-2012,5260,550,combined_mec_weight,model0_core,model1_renal,absolute_intercept_deviation_change,0.00860658270823287,-0.01195439504440916,-0.02056097775264203,0.030697422233451607,-0.07377798248888572,0.04429442868429701,0.95,percentile,rao_wu_rescaled_bootstrap,2000,2000,1.0,17
renal,xgboost,2011-2012,5260,550,combined_mec_weight,model0_core,model1_renal,absolute_slope_deviation_change,0.009516302215676009,0.0005070102836002255,-0.009009291932075784,0.017566955601393625,-0.03605672637926938,0.03316135201800305,0.95,percentile,rao_wu_rescaled_bootstrap,2000,2000,1.0,17
renal,xgboost,2013-2014,5522,573,combined_mec_weight,model0_core,model1_renal,delta_AUROC,0.004958854327179796,0.005008318531538511,4.946420435871478e-05,0.0020657150984534937,0.0010923842730887453,0.00896910815497051,0.95,percentile,rao_wu_rescaled_bootstrap,2000,2000,1.0,15
renal,xgboost,2013-2014,5522,573,combined_mec_weight,model0_core,model1_renal,delta_PR_AUC,0.0032178250131638664,0.0025496806592304935,-0.0006681443539333729,0.009109427435225964,-0.014579470209645163,0.020087100016179416,0.95,percentile,rao_wu_rescaled_bootstrap,2000,2000,1.0,15
renal,xgboost,2013-2014,5522,573,combined_mec_weight,model0_core,model1_renal,delta_Brier_improvement,0.0007717071085597688,0.000782104327247334,1.0397218687565224e-05,0.0005301344393020555,-0.00019874098090275096,0.001823223755327702,0.95,percentile,rao_wu_rescaled_bootstrap,2000,2000,1.0,15
renal,xgboost,2013-2014,5522,573,combined_mec_weight,model0_core,model1_renal,delta_log_loss_improvement,0.002673872378882669,0.0026886284857360714,1.4756106853402312e-05,0.0013631551322866302,6.924270549396616e-05,0.005343379374298017,0.95,percentile,rao_wu_rescaled_bootstrap,2000,2000,1.0,15
renal,xgboost,2013-2014,5522,573,combined_mec_weight,model0_core,model1_renal,core_calibration_intercept,-0.15639975697187156,-0.15296352976433997,0.003436227207531589,0.06120512209941377,-0.2719384583920764,-0.0296776223591295,0.95,percentile,rao_wu_rescaled_bootstrap,2000,2000,1.0,15
renal,xgboost,2013-2014,5522,573,combined_mec_weight,model0_core,model1_renal,extended_calibration_intercept,-0.16422312233618894,-0.1605745185313982,0.0036486038047907343,0.06824535968884887,-0.28924094774203335,-0.025807724729071717,0.95,percentile,rao_wu_rescaled_bootstrap,2000,2000,1.0,15
renal,xgboost,2013-2014,5522,573,combined_mec_weight,model0_core,model1_renal,core_calibration_slope,0.9440151005637388,0.9485682068953419,0.004553106331603107,0.0454506064765063,0.8719124358169976,1.0410734429690702,0.95,percentile,rao_wu_rescaled_bootstrap,2000,2000,1.0,15
renal,xgboost,2013-2014,5522,573,combined_mec_weight,model0_core,model1_renal,extended_calibration_slope,0.9568848380000458,0.9618583667370368,0.004973528736991084,0.050766662896145946,0.8754009970386988,1.0668573099257537,0.95,percentile,rao_wu_rescaled_bootstrap,2000,2000,1.0,15
renal,xgboost,2013-2014,5522,573,combined_mec_weight,model0_core,model1_renal,absolute_intercept_deviation_change,-0.00782336536431738,-0.007734232043157383,8.913332115999782e-05,0.027340650590951924,-0.06014008372515755,0.04730220049881269,0.95,percentile,rao_wu_rescaled_bootstrap,2000,2000,1.0,15
renal,xgboost,2013-2014,5522,573,combined_mec_weight,model0_core,model1_renal,absolute_slope_deviation_change,0.012869737436306927,0.005181347552728974,-0.007688389883577953,0.01745293903632098,-0.033189275004349206,0.036749327809811196,0.95,percentile,rao_wu_rescaled_bootstrap,2000,2000,1.0,15
renal,xgboost,2015-2016,5404,597,combined_mec_weight,model0_core,model1_renal,delta_AUROC,0.002474860236417742,0.002473806410609285,-1.0538258084567646e-06,0.0016531087014422254,-0.0007611063631163034,0.005429509915255579,0.95,percentile,rao_wu_rescaled_bootstrap,2000,2000,1.0,15
renal,xgboost,2015-2016,5404,597,combined_mec_weight,model0_core,model1_renal,delta_PR_AUC,0.007834154575511953,0.008719975591652435,0.0008858210161404815,0.009438930716462882,-0.0080074877997978,0.02725361932782907,0.95,percentile,rao_wu_rescaled_bootstrap,2000,2000,1.0,15
renal,xgboost,2015-2016,5404,597,combined_mec_weight,model0_core,model1_renal,delta_Brier_improvement,0.0003331097480706313,0.00033753604429206333,4.426296221432015e-06,0.0004375226030079637,-0.00048003616427383226,0.0011767573956691752,0.95,percentile,rao_wu_rescaled_bootstrap,2000,2000,1.0,15
renal,xgboost,2015-2016,5404,597,combined_mec_weight,model0_core,model1_renal,delta_log_loss_improvement,0.0010810949436253492,0.001091162034802298,1.0067091176948909e-05,0.001254254037923052,-0.0012389979901124392,0.0033985633861978335,0.95,percentile,rao_wu_rescaled_bootstrap,2000,2000,1.0,15
renal,xgboost,2015-2016,5404,597,combined_mec_weight,model0_core,model1_renal,core_calibration_intercept,0.0141481790484985,0.019029710530413472,0.004881531481914971,0.08608159198812355,-0.13517381358440894,0.18543591071045018,0.95,percentile,rao_wu_rescaled_bootstrap,2000,2000,1.0,15
renal,xgboost,2015-2016,5404,597,combined_mec_weight,model0_core,model1_renal,extended_calibration_intercept,0.0030167466500900884,0.007244366771516238,0.00422762012142615,0.09723414747368946,-0.15824687156088488,0.18111311096812105,0.95,percentile,rao_wu_rescaled_bootstrap,2000,2000,1.0,15
renal,xgboost,2015-2016,5404,597,combined_mec_weight,model0_core,model1_renal,core_calibration_slope,1.061405147115536,1.0639849412522804,0.0025797941367444732,0.04561486040671237,0.986803426185724,1.1525893374711302,0.95,percentile,rao_wu_rescaled_bootstrap,2000,2000,1.0,15
renal,xgboost,2015-2016,5404,597,combined_mec_weight,model0_core,model1_renal,extended_calibration_slope,1.04733416508781,1.0501175633169502,0.0027833982291400883,0.05157365814247599,0.9668191316115683,1.1406290912713506,0.95,percentile,rao_wu_rescaled_bootstrap,2000,2000,1.0,15
renal,xgboost,2015-2016,5404,597,combined_mec_weight,model0_core,model1_renal,absolute_intercept_deviation_change,0.011131432398408412,-0.010499643700968854,-0.021631076099377266,0.036667403732160535,-0.08199288155318288,0.06284932038741724,0.95,percentile,rao_wu_rescaled_bootstrap,2000,2000,1.0,15
renal,xgboost,2015-2016,5404,597,combined_mec_weight,model0_core,model1_renal,absolute_slope_deviation_change,0.014070982027725831,0.008122823582697038,-0.005948158445028794,0.019403393962818274,-0.02795544697617724,0.047698043331383555,0.95,percentile,rao_wu_rescaled_bootstrap,2000,2000,1.0,15
renal,xgboost,2017-2018,5209,646,combined_mec_weight,model0_core,model1_renal,delta_AUROC,0.0019031486526223107,0.001987275616104665,8.412696348235413e-05,0.0016682075304514197,-0.0010430313351411798,0.005190566868925014,0.95,percentile,rao_wu_rescaled_bootstrap,2000,2000,1.0,15
renal,xgboost,2017-2018,5209,646,combined_mec_weight,model0_core,model1_renal,delta_PR_AUC,0.00794994053091752,0.007248649830496888,-0.0007012907004206332,0.008546043349281177,-0.010331828028981164,0.02163626397506691,0.95,percentile,rao_wu_rescaled_bootstrap,2000,2000,1.0,15
renal,xgboost,2017-2018,5209,646,combined_mec_weight,model0_core,model1_renal,delta_Brier_improvement,0.00012988675343936218,0.00013906467200464022,9.177918565278037e-06,0.00037253101589559447,-0.000568763820187042,0.0008181930626067822,0.95,percentile,rao_wu_rescaled_bootstrap,2000,2000,1.0,15
renal,xgboost,2017-2018,5209,646,combined_mec_weight,model0_core,model1_renal,delta_log_loss_improvement,0.0007280935708352809,0.0007566649741635054,2.8571403328224465e-05,0.000990336732484514,-0.0011379302285520322,0.002599860921368782,0.95,percentile,rao_wu_rescaled_bootstrap,2000,2000,1.0,15
renal,xgboost,2017-2018,5209,646,combined_mec_weight,model0_core,model1_renal,core_calibration_intercept,0.0007755849763541595,0.0002933860887901383,-0.0004821988875640212,0.11195658916484313,-0.2268301211319294,0.20591024173913522,0.95,percentile,rao_wu_rescaled_bootstrap,2000,2000,1.0,15
renal,xgboost,2017-2018,5209,646,combined_mec_weight,model0_core,model1_renal,extended_calibration_intercept,0.027837428766817416,0.028447534653036965,0.0006101058862195488,0.10453808570645877,-0.17784699057084644,0.22486808036520525,0.95,percentile,rao_wu_rescaled_bootstrap,2000,2000,1.0,15
renal,xgboost,2017-2018,5209,646,combined_mec_weight,model0_core,model1_renal,core_calibration_slope,1.007933387907845,1.0085968317645635,0.0006634438567185708,0.03892872938320811,0.9416672426105352,1.0840412054724198,0.95,percentile,rao_wu_rescaled_bootstrap,2000,2000,1.0,15
renal,xgboost,2017-2018,5209,646,combined_mec_weight,model0_core,model1_renal,extended_calibration_slope,1.0095120407750433,1.0105987678121715,0.001086727037128199,0.03475772335550483,0.9480007694967126,1.0796719376071164,0.95,percentile,rao_wu_rescaled_bootstrap,2000,2000,1.0,15
renal,xgboost,2017-2018,5209,646,combined_mec_weight,model0_core,model1_renal,absolute_intercept_deviation_change,-0.027061843790463256,0.0032316152275963556,0.03029345901805961,0.03263826237874427,-0.0529686278437047,0.06146934731080627,0.95,percentile,rao_wu_rescaled_bootstrap,2000,2000,1.0,15
renal,xgboost,2017-2018,5209,646,combined_mec_weight,model0_core,model1_renal,absolute_slope_deviation_change,-0.0015786528671983824,0.003359294729069927,0.004937947596268309,0.010082920284699462,-0.016451445961346893,0.021993619567827777,0.95,percentile,rao_wu_rescaled_bootstrap,2000,2000,1.0,15
metabolic,elastic_net,2005-2006,1836,216,combined_fasting_weight,model0_paired_metabolic,model2_metabolic,delta_AUROC,0.003367131482436725,0.003221916902928924,-0.00014521457950780097,0.0020822225763135116,-0.00041794633820275143,0.006935121620572503,0.95,percentile,rao_wu_rescaled_bootstrap,2000,2000,1.0,15
metabolic,elastic_net,2005-2006,1836,216,combined_fasting_weight,model0_paired_metabolic,model2_metabolic,delta_PR_AUC,0.005025747255379687,0.005377932759861127,0.00035218550448144065,0.004908086909804982,-0.0023510591878759006,0.016018565157957153,0.95,percentile,rao_wu_rescaled_bootstrap,2000,2000,1.0,15
metabolic,elastic_net,2005-2006,1836,216,combined_fasting_weight,model0_paired_metabolic,model2_metabolic,delta_Brier_improvement,0.0002699588961467547,0.0002703884261815397,4.2953003478497526e-07,0.00027817849721976614,-0.00026292936407911735,0.0007869223580423241,0.95,percentile,rao_wu_rescaled_bootstrap,2000,2000,1.0,15
metabolic,elastic_net,2005-2006,1836,216,combined_fasting_weight,model0_paired_metabolic,model2_metabolic,delta_log_loss_improvement,0.0015475743921466723,0.0015492633119326073,1.6889197859350398e-06,0.0009771367330881273,-0.0003605896014989722,0.0033942009024029145,0.95,percentile,rao_wu_rescaled_bootstrap,2000,2000,1.0,15
metabolic,elastic_net,2005-2006,1836,216,combined_fasting_weight,model0_paired_metabolic,model2_metabolic,core_calibration_intercept,-0.037452011008405166,-0.045678897956380984,-0.008226886947975819,0.13211989563641663,-0.3266740659350248,0.2054349349107969,0.95,percentile,rao_wu_rescaled_bootstrap,2000,2000,1.0,15
metabolic,elastic_net,2005-2006,1836,216,combined_fasting_weight,model0_paired_metabolic,model2_metabolic,extended_calibration_intercept,-0.02543303737076285,-0.03284016605722449,-0.007407128686461643,0.1381777611844861,-0.3158113374176049,0.22913905147115096,0.95,percentile,rao_wu_rescaled_bootstrap,2000,2000,1.0,15
metabolic,elastic_net,2005-2006,1836,216,combined_fasting_weight,model0_paired_metabolic,model2_metabolic,core_calibration_slope,0.9169226161188437,0.9187776220209357,0.0018550059020919774,0.07683166606248185,0.7841649269647293,1.0849594306382917,0.95,percentile,rao_wu_rescaled_bootstrap,2000,2000,1.0,15
metabolic,elastic_net,2005-2006,1836,216,combined_fasting_weight,model0_paired_metabolic,model2_metabolic,extended_calibration_slope,0.9269292456119125,0.9292128218144821,0.0022835762025695816,0.07951735337768737,0.7892208518287648,1.1044940759177875,0.95,percentile,rao_wu_rescaled_bootstrap,2000,2000,1.0,15
metabolic,elastic_net,2005-2006,1836,216,combined_fasting_weight,model0_paired_metabolic,model2_metabolic,absolute_intercept_deviation_change,0.012018973637642316,-0.0019809831108905753,-0.013999956748532891,0.0189126806933252,-0.041461765486678716,0.03219693302504755,0.95,percentile,rao_wu_rescaled_bootstrap,2000,2000,1.0,15
metabolic,elastic_net,2005-2006,1836,216,combined_fasting_weight,model0_paired_metabolic,model2_metabolic,absolute_slope_deviation_change,0.010006629493068742,0.005290546671711805,-0.004716082821356936,0.012421738733109321,-0.026306365859687382,0.024922134980553533,0.95,percentile,rao_wu_rescaled_bootstrap,2000,2000,1.0,15
metabolic,elastic_net,2007-2008,2337,288,combined_fasting_weight,model0_paired_metabolic,model2_metabolic,delta_AUROC,0.0007543095902586838,0.0007363082947343636,-1.8001295524320204e-05,0.00128367073538376,-0.0016605043333375474,0.0030419289788616065,0.95,percentile,rao_wu_rescaled_bootstrap,2000,2000,1.0,16
metabolic,elastic_net,2007-2008,2337,288,combined_fasting_weight,model0_paired_metabolic,model2_metabolic,delta_PR_AUC,-0.004316419765807322,-0.0041981382748880695,0.00011828149091925276,0.005264888823982082,-0.013815625936147415,0.00626813841351142,0.95,percentile,rao_wu_rescaled_bootstrap,2000,2000,1.0,16
metabolic,elastic_net,2007-2008,2337,288,combined_fasting_weight,model0_paired_metabolic,model2_metabolic,delta_Brier_improvement,-1.3628502191859182e-05,-4.052971527481297e-06,9.575530664377884e-06,0.0002729400171958711,-0.0004900910054716521,0.0004952062015873795,0.95,percentile,rao_wu_rescaled_bootstrap,2000,2000,1.0,16
metabolic,elastic_net,2007-2008,2337,288,combined_fasting_weight,model0_paired_metabolic,model2_metabolic,delta_log_loss_improvement,0.0002892503817994718,0.00030655738268494466,1.7307000885472836e-05,0.0008853117103991433,-0.0012171527870397725,0.0018308231715867852,0.95,percentile,rao_wu_rescaled_bootstrap,2000,2000,1.0,16
metabolic,elastic_net,2007-2008,2337,288,combined_fasting_weight,model0_paired_metabolic,model2_metabolic,core_calibration_intercept,0.08536096448356896,0.09243806782673507,0.007077103343166108,0.18719116552505535,-0.250981067061004,0.4341880076720056,0.95,percentile,rao_wu_rescaled_bootstrap,2000,2000,1.0,16
metabolic,elastic_net,2007-2008,2337,288,combined_fasting_weight,model0_paired_metabolic,model2_metabolic,extended_calibration_intercept,0.07196322543904074,0.07877054833815827,0.006807322899117535,0.1939925338696694,-0.27134080859690135,0.4253845291292207,0.95,percentile,rao_wu_rescaled_bootstrap,2000,2000,1.0,16
metabolic,elastic_net,2007-2008,2337,288,combined_fasting_weight,model0_paired_metabolic,model2_metabolic,core_calibration_slope,1.0347236697885005,1.0407949383463138,0.006071268557813259,0.07132282663426213,0.9154591186503751,1.1856945849972238,0.95,percentile,rao_wu_rescaled_bootstrap,2000,2000,1.0,16
metabolic,elastic_net,2007-2008,2337,288,combined_fasting_weight,model0_paired_metabolic,model2_metabolic,extended_calibration_slope,1.0299380556321265,1.0361807488787367,0.006242693246610198,0.07646949184069846,0.9049500092903714,1.1867826899500638,0.95,percentile,rao_wu_rescaled_bootstrap,2000,2000,1.0,16
metabolic,elastic_net,2007-2008,2337,288,combined_fasting_weight,model0_paired_metabolic,model2_metabolic,absolute_intercept_deviation_change,0.01339773904452822,-0.0020213741106854337,-0.015419113155213654,0.01959558424179729,-0.0379755386772605,0.036531145572113344,0.95,percentile,rao_wu_rescaled_bootstrap,2000,2000,1.0,16
metabolic,elastic_net,2007-2008,2337,288,combined_fasting_weight,model0_paired_metabolic,model2_metabolic,absolute_slope_deviation_change,0.0047856141563740184,-0.0024793659352727797,-0.0072649800916467985,0.008821376577536042,-0.017224450775395358,0.016542956873887536,0.95,percentile,rao_wu_rescaled_bootstrap,2000,2000,1.0,16
metabolic,elastic_net,2009-2010,2594,273,combined_fasting_weight,model0_paired_metabolic,model2_metabolic,delta_AUROC,0.0020727032968979042,0.002164134216499535,9.143091960163094e-05,0.0010620729630624697,0.00010758846135292586,0.004245010359147529,0.95,percentile,rao_wu_rescaled_bootstrap,2000,2000,1.0,16
metabolic,elastic_net,2009-2010,2594,273,combined_fasting_weight,model0_paired_metabolic,model2_metabolic,delta_PR_AUC,0.001174192149474118,0.0016674382081005622,0.0004932460586264441,0.003509046655259324,-0.004927520840424551,0.00823251484528009,0.95,percentile,rao_wu_rescaled_bootstrap,2000,2000,1.0,16
metabolic,elastic_net,2009-2010,2594,273,combined_fasting_weight,model0_paired_metabolic,model2_metabolic,delta_Brier_improvement,0.00026216802253965776,0.0002658188881798474,3.650865640189636e-06,0.0001475056503263252,-1.179281864235706e-05,0.0005605349752065018,0.95,percentile,rao_wu_rescaled_bootstrap,2000,2000,1.0,16
metabolic,elastic_net,2009-2010,2594,273,combined_fasting_weight,model0_paired_metabolic,model2_metabolic,delta_log_loss_improvement,0.0010024670224907384,0.001017520879830882,1.5053857340143655e-05,0.0004867850020364286,9.123646731688897e-05,0.0019941685768943684,0.95,percentile,rao_wu_rescaled_bootstrap,2000,2000,1.0,16
metabolic,elastic_net,2009-2010,2594,273,combined_fasting_weight,model0_paired_metabolic,model2_metabolic,core_calibration_intercept,-0.16763073341904453,-0.1699536334780181,-0.002322900058973565,0.08658021142143091,-0.3511973202228825,-0.010563235702635052,0.95,percentile,rao_wu_rescaled_bootstrap,2000,2000,1.0,16
metabolic,elastic_net,2009-2010,2594,273,combined_fasting_weight,model0_paired_metabolic,model2_metabolic,extended_calibration_intercept,-0.1427029267267965,-0.14493346203302193,-0.0022305353062254396,0.08516646443889016,-0.32160297480145594,0.010971639782339714,0.95,percentile,rao_wu_rescaled_bootstrap,2000,2000,1.0,16
metabolic,elastic_net,2009-2010,2594,273,combined_fasting_weight,model0_paired_metabolic,model2_metabolic,core_calibration_slope,0.9693975315895418,0.9702428659113955,0.0008453343218537412,0.030427101857884116,0.9136425237038313,1.0281676161872808,0.95,percentile,rao_wu_rescaled_bootstrap,2000,2000,1.0,16
metabolic,elastic_net,2009-2010,2594,273,combined_fasting_weight,model0_paired_metabolic,model2_metabolic,extended_calibration_slope,0.9787573198908756,0.9797582792715033,0.0010009593806277195,0.03071610279794116,0.9229747954958393,1.037420554168917,0.95,percentile,rao_wu_rescaled_bootstrap,2000,2000,1.0,16
metabolic,elastic_net,2009-2010,2594,273,combined_fasting_weight,model0_paired_metabolic,model2_metabolic,absolute_intercept_deviation_change,0.024927806692248033,0.02395336206562255,-0.0009744446266254821,0.012240050292703258,-0.0024003216947827105,0.04361539427093392,0.95,percentile,rao_wu_rescaled_bootstrap,2000,2000,1.0,16
metabolic,elastic_net,2009-2010,2594,273,combined_fasting_weight,model0_paired_metabolic,model2_metabolic,absolute_slope_deviation_change,0.009359788301333771,0.005050664305173836,-0.0043091239961599356,0.008891504573895315,-0.015008076394703473,0.018017501857044493,0.95,percentile,rao_wu_rescaled_bootstrap,2000,2000,1.0,16
metabolic,elastic_net,2011-2012,2294,239,combined_fasting_weight,model0_paired_metabolic,model2_metabolic,delta_AUROC,0.001741808927121169,0.0016373849842149187,-0.00010442394290625023,0.0020546290989435774,-0.0018541710689031514,0.005831027511573211,0.95,percentile,rao_wu_rescaled_bootstrap,2000,2000,1.0,17
metabolic,elastic_net,2011-2012,2294,239,combined_fasting_weight,model0_paired_metabolic,model2_metabolic,delta_PR_AUC,0.0006013971812858232,0.000895133620407982,0.00029373643912215884,0.0037563530792810314,-0.007037272390908447,0.007906397705333707,0.95,percentile,rao_wu_rescaled_bootstrap,2000,2000,1.0,17
metabolic,elastic_net,2011-2012,2294,239,combined_fasting_weight,model0_paired_metabolic,model2_metabolic,delta_Brier_improvement,5.311271871207002e-05,4.345512229202823e-05,-9.657596420041785e-06,0.00021449633081458411,-0.000400400451359613,0.0004254861800662447,0.95,percentile,rao_wu_rescaled_bootstrap,2000,2000,1.0,17
metabolic,elastic_net,2011-2012,2294,239,combined_fasting_weight,model0_paired_metabolic,model2_metabolic,delta_log_loss_improvement,0.00028325905800247186,0.00025189583974389527,-3.1363218258576595e-05,0.0008087516701695797,-0.0013351299799852397,0.001844040508058162,0.95,percentile,rao_wu_rescaled_bootstrap,2000,2000,1.0,17
metabolic,elastic_net,2011-2012,2294,239,combined_fasting_weight,model0_paired_metabolic,model2_metabolic,core_calibration_intercept,-0.04368025486658256,-0.038769671991678405,0.004910582874904153,0.1313028926565985,-0.2834872490238185,0.22916729875945793,0.95,percentile,rao_wu_rescaled_bootstrap,2000,2000,1.0,17
metabolic,elastic_net,2011-2012,2294,239,combined_fasting_weight,model0_paired_metabolic,model2_metabolic,extended_calibration_intercept,-0.05957656883564306,-0.05467506430643666,0.004901504529206395,0.13241274187353108,-0.29937343164351576,0.21330926498631236,0.95,percentile,rao_wu_rescaled_bootstrap,2000,2000,1.0,17
metabolic,elastic_net,2011-2012,2294,239,combined_fasting_weight,model0_paired_metabolic,model2_metabolic,core_calibration_slope,0.9109750364633603,0.9188885823537278,0.007913545890367524,0.08136023313948974,0.7831823739842454,1.0835273042249496,0.95,percentile,rao_wu_rescaled_bootstrap,2000,2000,1.0,17
metabolic,elastic_net,2011-2012,2294,239,combined_fasting_weight,model0_paired_metabolic,model2_metabolic,extended_calibration_slope,0.9064394364242851,0.9142288744340967,0.007789438009811578,0.08138258858032496,0.7778299741938017,1.08053044662153,0.95,percentile,rao_wu_rescaled_bootstrap,2000,2000,1.0,17
metabolic,elastic_net,2011-2012,2294,239,combined_fasting_weight,model0_paired_metabolic,model2_metabolic,absolute_intercept_deviation_change,-0.0158963139690605,-0.005569352300010879,0.010326961669049622,0.021493958346233428,-0.04214090776362164,0.039115037965999126,0.95,percentile,rao_wu_rescaled_bootstrap,2000,2000,1.0,17
metabolic,elastic_net,2011-2012,2294,239,combined_fasting_weight,model0_paired_metabolic,model2_metabolic,absolute_slope_deviation_change,-0.0045356000390751605,-0.0030218961615690217,0.0015137038775061389,0.007953392959035506,-0.017377825003730675,0.014265114072738219,0.95,percentile,rao_wu_rescaled_bootstrap,2000,2000,1.0,17
metabolic,elastic_net,2013-2014,2370,244,combined_fasting_weight,model0_paired_metabolic,model2_metabolic,delta_AUROC,-0.00014079879879358437,-0.00014244601282001768,-1.6472140264333149e-06,0.0013801658892120601,-0.002849585325537576,0.0023875285939396395,0.95,percentile,rao_wu_rescaled_bootstrap,2000,2000,1.0,15
metabolic,elastic_net,2013-2014,2370,244,combined_fasting_weight,model0_paired_metabolic,model2_metabolic,delta_PR_AUC,0.00020903390267368316,0.0007948118965008138,0.0005857779938271306,0.007424946632020913,-0.014418047983787029,0.01354743625838798,0.95,percentile,rao_wu_rescaled_bootstrap,2000,2000,1.0,15
metabolic,elastic_net,2013-2014,2370,244,combined_fasting_weight,model0_paired_metabolic,model2_metabolic,delta_Brier_improvement,0.0001950311879257427,0.00019316267478760885,-1.8685131381338481e-06,0.00032556931092683387,-0.00044380674863957745,0.0008125086276730872,0.95,percentile,rao_wu_rescaled_bootstrap,2000,2000,1.0,15
metabolic,elastic_net,2013-2014,2370,244,combined_fasting_weight,model0_paired_metabolic,model2_metabolic,delta_log_loss_improvement,0.00022057764910313193,0.00021978734414102724,-7.903049621046931e-07,0.0008173446462634071,-0.001371224929389426,0.0017490533323849962,0.95,percentile,rao_wu_rescaled_bootstrap,2000,2000,1.0,15
metabolic,elastic_net,2013-2014,2370,244,combined_fasting_weight,model0_paired_metabolic,model2_metabolic,core_calibration_intercept,0.1728778828919373,0.16890840744804647,-0.003969475443890841,0.174011556069418,-0.15134546371790764,0.4723651465397834,0.95,percentile,rao_wu_rescaled_bootstrap,2000,2000,1.0,15
metabolic,elastic_net,2013-2014,2370,244,combined_fasting_weight,model0_paired_metabolic,model2_metabolic,extended_calibration_intercept,0.16722315981190386,0.16215212541734497,-0.005071034394558888,0.1696596860096895,-0.15019669789688347,0.45405724228963473,0.95,percentile,rao_wu_rescaled_bootstrap,2000,2000,1.0,15
metabolic,elastic_net,2013-2014,2370,244,combined_fasting_weight,model0_paired_metabolic,model2_metabolic,core_calibration_slope,1.1480926140439256,1.1534063914246868,0.00531377738076122,0.09790560531550718,0.9725018215774568,1.3573528325674937,0.95,percentile,rao_wu_rescaled_bootstrap,2000,2000,1.0,15
metabolic,elastic_net,2013-2014,2370,244,combined_fasting_weight,model0_paired_metabolic,model2_metabolic,extended_calibration_slope,1.1418382951176238,1.1465324754148358,0.004694180297212025,0.09540565467153668,0.9683361850561713,1.3463176031006951,0.95,percentile,rao_wu_rescaled_bootstrap,2000,2000,1.0,15
metabolic,elastic_net,2013-2014,2370,244,combined_fasting_weight,model0_paired_metabolic,model2_metabolic,absolute_intercept_deviation_change,0.0056547230800334525,0.00537126791705627,-0.00028345516297718226,0.014017437478257,-0.02064903191199852,0.034865579642826244,0.95,percentile,rao_wu_rescaled_bootstrap,2000,2000,1.0,15
metabolic,elastic_net,2013-2014,2370,244,combined_fasting_weight,model0_paired_metabolic,model2_metabolic,absolute_slope_deviation_change,0.006254318926301794,0.006567354987130725,0.00031303606082893135,0.00882924193407113,-0.00951694178923429,0.02477973455864893,0.95,percentile,rao_wu_rescaled_bootstrap,2000,2000,1.0,15
metabolic,elastic_net,2015-2016,2246,266,combined_fasting_weight,model0_paired_metabolic,model2_metabolic,delta_AUROC,0.0013124950929399581,0.001309060817521945,-3.4342754180131246e-06,0.0012024768250979674,-0.0007509367992846452,0.00382668677643746,0.95,percentile,rao_wu_rescaled_bootstrap,2000,2000,1.0,15
metabolic,elastic_net,2015-2016,2246,266,combined_fasting_weight,model0_paired_metabolic,model2_metabolic,delta_PR_AUC,0.0036913069697706025,0.003088425262540652,-0.0006028817072299504,0.004504703763913443,-0.004899792823754718,0.012094976115376892,0.95,percentile,rao_wu_rescaled_bootstrap,2000,2000,1.0,15
metabolic,elastic_net,2015-2016,2246,266,combined_fasting_weight,model0_paired_metabolic,model2_metabolic,delta_Brier_improvement,0.0003527978141320137,0.00034212884409542477,-1.066897003658895e-05,0.00020604098074530167,-6.724154723175762e-05,0.0007311257172686584,0.95,percentile,rao_wu_rescaled_bootstrap,2000,2000,1.0,15
metabolic,elastic_net,2015-2016,2246,266,combined_fasting_weight,model0_paired_metabolic,model2_metabolic,delta_log_loss_improvement,0.0009103972813598316,0.0009062749867867531,-4.122294573078453e-06,0.00046908578615580213,4.662790713086817e-05,0.001824064240963994,0.95,percentile,rao_wu_rescaled_bootstrap,2000,2000,1.0,15
metabolic,elastic_net,2015-2016,2246,266,combined_fasting_weight,model0_paired_metabolic,model2_metabolic,core_calibration_intercept,0.06893065306342679,0.07426470117358074,0.005334048110153949,0.16760939941296013,-0.23966719750509236,0.4096041263993814,0.95,percentile,rao_wu_rescaled_bootstrap,2000,2000,1.0,15
metabolic,elastic_net,2015-2016,2246,266,combined_fasting_weight,model0_paired_metabolic,model2_metabolic,extended_calibration_intercept,0.07769686485362919,0.08248282105040203,0.004785956196772842,0.1583387623641829,-0.21596679354989332,0.39856700011443025,0.95,percentile,rao_wu_rescaled_bootstrap,2000,2000,1.0,15
metabolic,elastic_net,2015-2016,2246,266,combined_fasting_weight,model0_paired_metabolic,model2_metabolic,core_calibration_slope,1.0773942084573385,1.0813543001319763,0.0039600916746378445,0.06197050566136908,0.9694411199467,1.2102836839140816,0.95,percentile,rao_wu_rescaled_bootstrap,2000,2000,1.0,15
metabolic,elastic_net,2015-2016,2246,266,combined_fasting_weight,model0_paired_metabolic,model2_metabolic,extended_calibration_slope,1.0879437601908108,1.0916035929347334,0.003659832743922564,0.058823140598922796,0.9862887249487512,1.213166585910231,0.95,percentile,rao_wu_rescaled_bootstrap,2000,2000,1.0,15
metabolic,elastic_net,2015-2016,2246,266,combined_fasting_weight,model0_paired_metabolic,model2_metabolic,absolute_intercept_deviation_change,-0.0087662117902024,0.0037565647334866716,0.01252277652368907,0.012840675559086951,-0.01826245068430871,0.027305922594700802,0.95,percentile,rao_wu_rescaled_bootstrap,2000,2000,1.0,15
metabolic,elastic_net,2015-2016,2246,266,combined_fasting_weight,model0_paired_metabolic,model2_metabolic,absolute_slope_deviation_change,-0.010549551733472384,-0.008117970633513525,0.0024315810999588593,0.008481147584756625,-0.021997937573077664,0.014613872993538677,0.95,percentile,rao_wu_rescaled_bootstrap,2000,2000,1.0,15
metabolic,elastic_net,2017-2018,2279,287,combined_fasting_weight,model0_paired_metabolic,model2_metabolic,delta_AUROC,0.00033105893447338275,0.0001721547398884111,-0.00015890419458497164,0.0029090089033935182,-0.005304041506620915,0.005060931874748473,0.95,percentile,rao_wu_rescaled_bootstrap,2000,2000,1.0,15
metabolic,elastic_net,2017-2018,2279,287,combined_fasting_weight,model0_paired_metabolic,model2_metabolic,delta_PR_AUC,-0.0024652187211272047,-0.00311955583647752,-0.0006543371153503153,0.005909862363068756,-0.015315288492480882,0.007407628468826354,0.95,percentile,rao_wu_rescaled_bootstrap,2000,2000,1.0,15
metabolic,elastic_net,2017-2018,2279,287,combined_fasting_weight,model0_paired_metabolic,model2_metabolic,delta_Brier_improvement,-0.0003341213459908954,-0.0003405566860859266,-6.435340095031241e-06,0.00042801779352198775,-0.0012066108269106319,0.00047931609541499863,0.95,percentile,rao_wu_rescaled_bootstrap,2000,2000,1.0,15
metabolic,elastic_net,2017-2018,2279,287,combined_fasting_weight,model0_paired_metabolic,model2_metabolic,delta_log_loss_improvement,-0.0007038435283351907,-0.0007351280036762411,-3.1284475341050396e-05,0.00145202307002293,-0.0036352839549171493,0.0019713999873213132,0.95,percentile,rao_wu_rescaled_bootstrap,2000,2000,1.0,15
metabolic,elastic_net,2017-2018,2279,287,combined_fasting_weight,model0_paired_metabolic,model2_metabolic,core_calibration_intercept,-0.1987602530811134,-0.19854682971066326,0.00021342337045013315,0.14638517273810808,-0.4948618058873006,0.071278045499148,0.95,percentile,rao_wu_rescaled_bootstrap,2000,2000,1.0,15
metabolic,elastic_net,2017-2018,2279,287,combined_fasting_weight,model0_paired_metabolic,model2_metabolic,extended_calibration_intercept,-0.20870589883316037,-0.20896548507391555,-0.0002595862407551719,0.14704951655568888,-0.5024135832176408,0.06214360396292661,0.95,percentile,rao_wu_rescaled_bootstrap,2000,2000,1.0,15
metabolic,elastic_net,2017-2018,2279,287,combined_fasting_weight,model0_paired_metabolic,model2_metabolic,core_calibration_slope,0.8858956257277609,0.8867377375079727,0.0008421117802117628,0.050114207213485265,0.7937102413222886,0.9818408673880636,0.95,percentile,rao_wu_rescaled_bootstrap,2000,2000,1.0,15
metabolic,elastic_net,2017-2018,2279,287,combined_fasting_weight,model0_paired_metabolic,model2_metabolic,extended_calibration_slope,0.8745640414795369,0.8749790045431537,0.00041496306361676893,0.047942194766522686,0.7841077243123126,0.9675598543701774,0.95,percentile,rao_wu_rescaled_bootstrap,2000,2000,1.0,15
metabolic,elastic_net,2017-2018,2279,287,combined_fasting_weight,model0_paired_metabolic,model2_metabolic,absolute_intercept_deviation_change,-0.009945645752046983,-0.009179798810261734,0.0007658469417852493,0.020196202227069998,-0.04826216280043265,0.02771335398063044,0.95,percentile,rao_wu_rescaled_bootstrap,2000,2000,1.0,15
metabolic,elastic_net,2017-2018,2279,287,combined_fasting_weight,model0_paired_metabolic,model2_metabolic,absolute_slope_deviation_change,-0.011331584248224003,-0.011684322106361495,-0.00035273785813749216,0.012270415179802588,-0.03624591748951607,0.009971222106399228,0.95,percentile,rao_wu_rescaled_bootstrap,2000,2000,1.0,15
metabolic,xgboost,2005-2006,1836,216,combined_fasting_weight,model0_paired_metabolic,model2_metabolic,delta_AUROC,0.004481499175459591,0.004482473101899998,9.739264404066278e-07,0.0036730361088541884,-0.0031011362171529805,0.011312205096214289,0.95,percentile,rao_wu_rescaled_bootstrap,2000,2000,1.0,15
metabolic,xgboost,2005-2006,1836,216,combined_fasting_weight,model0_paired_metabolic,model2_metabolic,delta_PR_AUC,0.01210340345082922,0.011388905163988059,-0.0007144982868411611,0.00506372569705269,0.0010451574645855947,0.02121176772885769,0.95,percentile,rao_wu_rescaled_bootstrap,2000,2000,1.0,15
metabolic,xgboost,2005-2006,1836,216,combined_fasting_weight,model0_paired_metabolic,model2_metabolic,delta_Brier_improvement,0.0003902981691539936,0.0003948557217004883,4.557552546494701e-06,0.00034498207065234365,-0.00028384402410983907,0.0010427651592740887,0.95,percentile,rao_wu_rescaled_bootstrap,2000,2000,1.0,15
metabolic,xgboost,2005-2006,1836,216,combined_fasting_weight,model0_paired_metabolic,model2_metabolic,delta_log_loss_improvement,0.0023115489616686025,0.0023235191007214377,1.1970139052835255e-05,0.0014353420443838816,-0.00045765863847370105,0.005040315418541196,0.95,percentile,rao_wu_rescaled_bootstrap,2000,2000,1.0,15
metabolic,xgboost,2005-2006,1836,216,combined_fasting_weight,model0_paired_metabolic,model2_metabolic,core_calibration_intercept,0.1921354460031956,0.19094768191538383,-0.0011877640878117657,0.13044403340592337,-0.06446275769948213,0.46057912586114835,0.95,percentile,rao_wu_rescaled_bootstrap,2000,2000,1.0,15
metabolic,xgboost,2005-2006,1836,216,combined_fasting_weight,model0_paired_metabolic,model2_metabolic,extended_calibration_intercept,0.13704993102813415,0.13569903954589135,-0.0013508914822427942,0.13289001981028295,-0.13354661457007438,0.39891431491419593,0.95,percentile,rao_wu_rescaled_bootstrap,2000,2000,1.0,15
metabolic,xgboost,2005-2006,1836,216,combined_fasting_weight,model0_paired_metabolic,model2_metabolic,core_calibration_slope,1.0130147382868342,1.0183564565582166,0.005341718271382412,0.08159772132980977,0.8776452085693018,1.1907731894101683,0.95,percentile,rao_wu_rescaled_bootstrap,2000,2000,1.0,15
metabolic,xgboost,2005-2006,1836,216,combined_fasting_weight,model0_paired_metabolic,model2_metabolic,extended_calibration_slope,0.9832916066142243,0.9889631099958108,0.005671503381586507,0.08171227904467929,0.8487459000301958,1.1567964864114575,0.95,percentile,rao_wu_rescaled_bootstrap,2000,2000,1.0,15
metabolic,xgboost,2005-2006,1836,216,combined_fasting_weight,model0_paired_metabolic,model2_metabolic,absolute_intercept_deviation_change,0.05508551497506145,0.041658394261666634,-0.013427120713394816,0.0406021180881986,-0.07117132242982976,0.1051654082020319,0.95,percentile,rao_wu_rescaled_bootstrap,2000,2000,1.0,15
metabolic,xgboost,2005-2006,1836,216,combined_fasting_weight,model0_paired_metabolic,model2_metabolic,absolute_slope_deviation_change,-0.003693655098941484,-0.0001743141444139116,0.0035193409545275726,0.030235693240838163,-0.04754878052173382,0.05394444451355892,0.95,percentile,rao_wu_rescaled_bootstrap,2000,2000,1.0,15
metabolic,xgboost,2007-2008,2337,288,combined_fasting_weight,model0_paired_metabolic,model2_metabolic,delta_AUROC,0.004460674510622709,0.004298912613267505,-0.00016176189735520388,0.0014202296027086387,0.0014779208195780029,0.0069794875747063775,0.95,percentile,rao_wu_rescaled_bootstrap,2000,2000,1.0,16
metabolic,xgboost,2007-2008,2337,288,combined_fasting_weight,model0_paired_metabolic,model2_metabolic,delta_PR_AUC,-0.0023528064024717077,-0.00040995683884310165,0.001942849563628606,0.006008940114397246,-0.011586949512372005,0.01082291792228477,0.95,percentile,rao_wu_rescaled_bootstrap,2000,2000,1.0,16
metabolic,xgboost,2007-2008,2337,288,combined_fasting_weight,model0_paired_metabolic,model2_metabolic,delta_Brier_improvement,9.366458821001566e-05,0.000101550341665258,7.88575345524234e-06,0.0002098692200146908,-0.0002934940885528208,0.0005034357141250197,0.95,percentile,rao_wu_rescaled_bootstrap,2000,2000,1.0,16
metabolic,xgboost,2007-2008,2337,288,combined_fasting_weight,model0_paired_metabolic,model2_metabolic,delta_log_loss_improvement,0.0014736815528643143,0.001478217476674785,4.535923810470568e-06,0.0007429935001649187,9.184804072606235e-05,0.002894777516644991,0.95,percentile,rao_wu_rescaled_bootstrap,2000,2000,1.0,16
metabolic,xgboost,2007-2008,2337,288,combined_fasting_weight,model0_paired_metabolic,model2_metabolic,core_calibration_intercept,0.19575978196880822,0.201053364642406,0.00529358267359778,0.14949100487019132,-0.08103032490489884,0.483677894750729,0.95,percentile,rao_wu_rescaled_bootstrap,2000,2000,1.0,16
metabolic,xgboost,2007-2008,2337,288,combined_fasting_weight,model0_paired_metabolic,model2_metabolic,extended_calibration_intercept,0.23579598924094888,0.24120502374129393,0.00540903450034505,0.15249748009627503,-0.04321120668980085,0.5226292759602397,0.95,percentile,rao_wu_rescaled_bootstrap,2000,2000,1.0,16
metabolic,xgboost,2007-2008,2337,288,combined_fasting_weight,model0_paired_metabolic,model2_metabolic,core_calibration_slope,1.0888872184926521,1.0936411742450896,0.004753955752437422,0.05943742775407751,0.9835725330596504,1.210853572852066,0.95,percentile,rao_wu_rescaled_bootstrap,2000,2000,1.0,16
metabolic,xgboost,2007-2008,2337,288,combined_fasting_weight,model0_paired_metabolic,model2_metabolic,extended_calibration_slope,1.1096677934023786,1.1145423679171673,0.0048745745147886765,0.059731579421360564,1.0045776365484334,1.2281606482270118,0.95,percentile,rao_wu_rescaled_bootstrap,2000,2000,1.0,16
metabolic,xgboost,2007-2008,2337,288,combined_fasting_weight,model0_paired_metabolic,model2_metabolic,absolute_intercept_deviation_change,-0.04003620727214066,-0.03384302579196355,0.006193181480177112,0.03098554184122389,-0.08243088507210798,0.040880792202601296,0.95,percentile,rao_wu_rescaled_bootstrap,2000,2000,1.0,16
metabolic,xgboost,2007-2008,2337,288,combined_fasting_weight,model0_paired_metabolic,model2_metabolic,absolute_slope_deviation_change,-0.020780574909726512,-0.01931517012559471,0.0014654047841318012,0.013121288927128626,-0.0417698839658367,0.011124244311150479,0.95,percentile,rao_wu_rescaled_bootstrap,2000,2000,1.0,16
metabolic,xgboost,2009-2010,2594,273,combined_fasting_weight,model0_paired_metabolic,model2_metabolic,delta_AUROC,-0.001939365171183871,-0.0019973390596579013,-5.797388847403025e-05,0.002765939687423912,-0.006825017029403196,0.003003327239231917,0.95,percentile,rao_wu_rescaled_bootstrap,2000,2000,1.0,16
metabolic,xgboost,2009-2010,2594,273,combined_fasting_weight,model0_paired_metabolic,model2_metabolic,delta_PR_AUC,-0.010921487491585002,-0.008387492140668456,0.0025339953509165465,0.008462203374135216,-0.024478156732820736,0.008167851004277091,0.95,percentile,rao_wu_rescaled_bootstrap,2000,2000,1.0,16
metabolic,xgboost,2009-2010,2594,273,combined_fasting_weight,model0_paired_metabolic,model2_metabolic,delta_Brier_improvement,-0.00029563306226493974,-0.0003005985731000997,-4.965510835159984e-06,0.0004555097348192225,-0.0011622804691895506,0.000635946298912282,0.95,percentile,rao_wu_rescaled_bootstrap,2000,2000,1.0,16
metabolic,xgboost,2009-2010,2594,273,combined_fasting_weight,model0_paired_metabolic,model2_metabolic,delta_log_loss_improvement,-0.0009793806288113105,-0.0009842489050338218,-4.86827622251133e-06,0.0014077148322065595,-0.003605882305200699,0.001757350703715098,0.95,percentile,rao_wu_rescaled_bootstrap,2000,2000,1.0,16
metabolic,xgboost,2009-2010,2594,273,combined_fasting_weight,model0_paired_metabolic,model2_metabolic,core_calibration_intercept,-0.07402577699473324,-0.07636706682596917,-0.0023412898312359237,0.09239188903322157,-0.2633741541788099,0.09602006310824707,0.95,percentile,rao_wu_rescaled_bootstrap,2000,2000,1.0,16
metabolic,xgboost,2009-2010,2594,273,combined_fasting_weight,model0_paired_metabolic,model2_metabolic,extended_calibration_intercept,-0.16443352434447062,-0.16672651730577645,-0.002292992961305834,0.08159072652324849,-0.33239094196127167,-0.010323622348540227,0.95,percentile,rao_wu_rescaled_bootstrap,2000,2000,1.0,16
metabolic,xgboost,2009-2010,2594,273,combined_fasting_weight,model0_paired_metabolic,model2_metabolic,core_calibration_slope,1.005044232841052,1.006132583587597,0.0010883507465448972,0.03090393002081232,0.9453751979363173,1.0655540188769694,0.95,percentile,rao_wu_rescaled_bootstrap,2000,2000,1.0,16
metabolic,xgboost,2009-2010,2594,273,combined_fasting_weight,model0_paired_metabolic,model2_metabolic,extended_calibration_slope,0.9529148615664339,0.9540698263600648,0.0011549647936308638,0.030146027130404776,0.8970216167357221,1.0157720043498446,0.95,percentile,rao_wu_rescaled_bootstrap,2000,2000,1.0,16
metabolic,xgboost,2009-2010,2594,273,combined_fasting_weight,model0_paired_metabolic,model2_metabolic,absolute_intercept_deviation_change,-0.09040774734973737,-0.07067660465853823,0.019731142691199147,0.05115186170939355,-0.14866747123145307,0.07230414871807574,0.95,percentile,rao_wu_rescaled_bootstrap,2000,2000,1.0,16
metabolic,xgboost,2009-2010,2594,273,combined_fasting_weight,model0_paired_metabolic,model2_metabolic,absolute_slope_deviation_change,-0.042040905592514055,-0.022439225437942252,0.019601680154571803,0.03469324270829765,-0.07479265476677698,0.05191939760069433,0.95,percentile,rao_wu_rescaled_bootstrap,2000,2000,1.0,16
metabolic,xgboost,2011-2012,2294,239,combined_fasting_weight,model0_paired_metabolic,model2_metabolic,delta_AUROC,0.0010989581729369258,0.0010841869536148683,-1.4771219322057489e-05,0.0021082948670532427,-0.003014694265792816,0.005146859421231107,0.95,percentile,rao_wu_rescaled_bootstrap,2000,2000,1.0,17
metabolic,xgboost,2011-2012,2294,239,combined_fasting_weight,model0_paired_metabolic,model2_metabolic,delta_PR_AUC,-0.006120743402299456,-0.006027380268517716,9.336313378173998e-05,0.008518898261664427,-0.022115421676557057,0.009431951365016117,0.95,percentile,rao_wu_rescaled_bootstrap,2000,2000,1.0,17
metabolic,xgboost,2011-2012,2294,239,combined_fasting_weight,model0_paired_metabolic,model2_metabolic,delta_Brier_improvement,-0.00038820396262524703,-0.00038254899995082583,5.654962674421201e-06,0.0004572146478166279,-0.0011630998539869535,0.0004342370365115071,0.95,percentile,rao_wu_rescaled_bootstrap,2000,2000,1.0,17
metabolic,xgboost,2011-2012,2294,239,combined_fasting_weight,model0_paired_metabolic,model2_metabolic,delta_log_loss_improvement,-0.0004184187687027996,-0.0003923010564118574,2.6117712290942192e-05,0.0012542922007119485,-0.0026710330573799595,0.0019640798014894044,0.95,percentile,rao_wu_rescaled_bootstrap,2000,2000,1.0,17
metabolic,xgboost,2011-2012,2294,239,combined_fasting_weight,model0_paired_metabolic,model2_metabolic,core_calibration_intercept,0.025677557352851394,0.029251071400327285,0.003573514047475891,0.1347559508578568,-0.21330225380032267,0.31809444422228755,0.95,percentile,rao_wu_rescaled_bootstrap,2000,2000,1.0,17
metabolic,xgboost,2011-2012,2294,239,combined_fasting_weight,model0_paired_metabolic,model2_metabolic,extended_calibration_intercept,0.022888886400574397,0.028471110990543502,0.005582224589969105,0.13872488340138978,-0.2143453856225332,0.32330564136359713,0.95,percentile,rao_wu_rescaled_bootstrap,2000,2000,1.0,17
metabolic,xgboost,2011-2012,2294,239,combined_fasting_weight,model0_paired_metabolic,model2_metabolic,core_calibration_slope,0.9296720861332384,0.9371492227355943,0.007477136602355938,0.08869943635336218,0.7885480874613182,1.1237937265411486,0.95,percentile,rao_wu_rescaled_bootstrap,2000,2000,1.0,17
metabolic,xgboost,2011-2012,2294,239,combined_fasting_weight,model0_paired_metabolic,model2_metabolic,extended_calibration_slope,0.9295951941340684,0.9377075519060349,0.008112357771966505,0.08876579851456116,0.7937756093883427,1.133588007615422,0.95,percentile,rao_wu_rescaled_bootstrap,2000,2000,1.0,17
metabolic,xgboost,2011-2012,2294,239,combined_fasting_weight,model0_paired_metabolic,model2_metabolic,absolute_intercept_deviation_change,0.002788670952276997,-0.002456503157143544,-0.00524517410942054,0.023690368066072057,-0.04783051381499597,0.040841891502014234,0.95,percentile,rao_wu_rescaled_bootstrap,2000,2000,1.0,17
metabolic,xgboost,2011-2012,2294,239,combined_fasting_weight,model0_paired_metabolic,model2_metabolic,absolute_slope_deviation_change,-7.689199916993683e-05,0.0002507635320327057,0.0003276555312026425,0.011800896865761136,-0.022457519499031593,0.02199550256971167,0.95,percentile,rao_wu_rescaled_bootstrap,2000,2000,1.0,17
metabolic,xgboost,2013-2014,2370,244,combined_fasting_weight,model0_paired_metabolic,model2_metabolic,delta_AUROC,-0.0006181300106326004,-0.0006931334915663257,-7.500348093372527e-05,0.002386946165867298,-0.0054351714126295615,0.00367264792170103,0.95,percentile,rao_wu_rescaled_bootstrap,2000,2000,1.0,15
metabolic,xgboost,2013-2014,2370,244,combined_fasting_weight,model0_paired_metabolic,model2_metabolic,delta_PR_AUC,0.004432988116679859,0.0044322876828138905,-7.004338659685055e-07,0.008505896209326411,-0.00957326435863746,0.018537798666216975,0.95,percentile,rao_wu_rescaled_bootstrap,2000,2000,1.0,15
metabolic,xgboost,2013-2014,2370,244,combined_fasting_weight,model0_paired_metabolic,model2_metabolic,delta_Brier_improvement,4.3993193622623994e-05,3.715205273173131e-05,-6.841140890892687e-06,0.0002784909328158382,-0.00045646773120829975,0.0005184021291584669,0.95,percentile,rao_wu_rescaled_bootstrap,2000,2000,1.0,15
metabolic,xgboost,2013-2014,2370,244,combined_fasting_weight,model0_paired_metabolic,model2_metabolic,delta_log_loss_improvement,-9.18888794871342e-05,-9.550140929466982e-05,-3.612529807535617e-06,0.0010185042611001054,-0.00203918147153999,0.0018442762491656533,0.95,percentile,rao_wu_rescaled_bootstrap,2000,2000,1.0,15
metabolic,xgboost,2013-2014,2370,244,combined_fasting_weight,model0_paired_metabolic,model2_metabolic,core_calibration_intercept,0.08018304716911702,0.07700122088694215,-0.0031818262821748655,0.14561498358754962,-0.20166479500664913,0.3319235055856802,0.95,percentile,rao_wu_rescaled_bootstrap,2000,2000,1.0,15
metabolic,xgboost,2013-2014,2370,244,combined_fasting_weight,model0_paired_metabolic,model2_metabolic,extended_calibration_intercept,0.07039990472590282,0.06608418111474001,-0.004315723611162808,0.13380879683646824,-0.1857435104595306,0.2926114503019585,0.95,percentile,rao_wu_rescaled_bootstrap,2000,2000,1.0,15
metabolic,xgboost,2013-2014,2370,244,combined_fasting_weight,model0_paired_metabolic,model2_metabolic,core_calibration_slope,1.1170008469740702,1.1234685474042683,0.0064677004301980645,0.09304170917317978,0.9574819722712874,1.317397091305336,0.95,percentile,rao_wu_rescaled_bootstrap,2000,2000,1.0,15
metabolic,xgboost,2013-2014,2370,244,combined_fasting_weight,model0_paired_metabolic,model2_metabolic,extended_calibration_slope,1.1093429685620104,1.1144556948906965,0.00511272632868609,0.08299868363778799,0.9653413976043932,1.2886727088611178,0.95,percentile,rao_wu_rescaled_bootstrap,2000,2000,1.0,15
metabolic,xgboost,2013-2014,2370,244,combined_fasting_weight,model0_paired_metabolic,model2_metabolic,absolute_intercept_deviation_change,0.009783142443214196,0.01191798196404712,0.002134839520832923,0.018511536931457098,-0.020863706883086086,0.051542358213837486,0.95,percentile,rao_wu_rescaled_bootstrap,2000,2000,1.0,15
metabolic,xgboost,2013-2014,2370,244,combined_fasting_weight,model0_paired_metabolic,model2_metabolic,absolute_slope_deviation_change,0.007657878412059782,0.010171875398793538,0.0025139969867337564,0.013533994826867648,-0.012606623427915103,0.04083103628779411,0.95,percentile,rao_wu_rescaled_bootstrap,2000,2000,1.0,15
metabolic,xgboost,2015-2016,2246,266,combined_fasting_weight,model0_paired_metabolic,model2_metabolic,delta_AUROC,-0.0015597947467510531,-0.001459838444947958,9.99563018030951e-05,0.0025680611059384606,-0.006377079935427493,0.0035930136233279803,0.95,percentile,rao_wu_rescaled_bootstrap,2000,2000,1.0,15
metabolic,xgboost,2015-2016,2246,266,combined_fasting_weight,model0_paired_metabolic,model2_metabolic,delta_PR_AUC,-0.006003777074907679,-0.005941180488010392,6.259658689728668e-05,0.010645822755562884,-0.03010822158406427,0.011361130156647357,0.95,percentile,rao_wu_rescaled_bootstrap,2000,2000,1.0,15
metabolic,xgboost,2015-2016,2246,266,combined_fasting_weight,model0_paired_metabolic,model2_metabolic,delta_Brier_improvement,-0.00033908408265623247,-0.0003636111420733853,-2.452705941715283e-05,0.0004967330092159015,-0.001343504796856502,0.0005517759214676425,0.95,percentile,rao_wu_rescaled_bootstrap,2000,2000,1.0,15
metabolic,xgboost,2015-2016,2246,266,combined_fasting_weight,model0_paired_metabolic,model2_metabolic,delta_log_loss_improvement,-0.0007559118871370285,-0.0007932559746376108,-3.734408750058233e-05,0.001366670080996817,-0.003454858344452746,0.0017552821645591425,0.95,percentile,rao_wu_rescaled_bootstrap,2000,2000,1.0,15
metabolic,xgboost,2015-2016,2246,266,combined_fasting_weight,model0_paired_metabolic,model2_metabolic,core_calibration_intercept,0.029384713397857528,0.04062509038545532,0.011240376987597795,0.18214202298635312,-0.3062472729532664,0.4062910989945399,0.95,percentile,rao_wu_rescaled_bootstrap,2000,2000,1.0,15
metabolic,xgboost,2015-2016,2246,266,combined_fasting_weight,model0_paired_metabolic,model2_metabolic,extended_calibration_intercept,0.040632241414198064,0.05151467445047229,0.010882433036274224,0.17941644571161525,-0.29069950294149693,0.41576885979695993,0.95,percentile,rao_wu_rescaled_bootstrap,2000,2000,1.0,15
metabolic,xgboost,2015-2016,2246,266,combined_fasting_weight,model0_paired_metabolic,model2_metabolic,core_calibration_slope,1.1004014630029793,1.1090107589814715,0.008609295978492248,0.07978413957884721,0.9668336798826836,1.2747165040559172,0.95,percentile,rao_wu_rescaled_bootstrap,2000,2000,1.0,15
metabolic,xgboost,2015-2016,2246,266,combined_fasting_weight,model0_paired_metabolic,model2_metabolic,extended_calibration_slope,1.1013498298972442,1.1094376495906473,0.008087819693403109,0.07943401614606548,0.970972960511202,1.2759095370346816,0.95,percentile,rao_wu_rescaled_bootstrap,2000,2000,1.0,15
metabolic,xgboost,2015-2016,2246,266,combined_fasting_weight,model0_paired_metabolic,model2_metabolic,absolute_intercept_deviation_change,-0.011247528016340536,-8.949331709844522e-06,0.011238578684630691,0.03460242082112596,-0.07065367143960342,0.06615353564178293,0.95,percentile,rao_wu_rescaled_bootstrap,2000,2000,1.0,15
metabolic,xgboost,2015-2016,2246,266,combined_fasting_weight,model0_paired_metabolic,model2_metabolic,absolute_slope_deviation_change,-0.0009483668942649182,-0.00023268108298498435,0.0007156858112799338,0.018851643217782817,-0.035813253344105185,0.037261341358569545,0.95,percentile,rao_wu_rescaled_bootstrap,2000,2000,1.0,15
metabolic,xgboost,2017-2018,2279,287,combined_fasting_weight,model0_paired_metabolic,model2_metabolic,delta_AUROC,-0.0024186737835578676,-0.002603629538112138,-0.0001849557545542703,0.0031420564410698858,-0.00937392339639715,0.002837986063535027,0.95,percentile,rao_wu_rescaled_bootstrap,2000,2000,1.0,15
metabolic,xgboost,2017-2018,2279,287,combined_fasting_weight,model0_paired_metabolic,model2_metabolic,delta_PR_AUC,-0.012479012123045197,-0.012627678221133226,-0.00014866609808802944,0.006148743230187328,-0.026183317446557556,-0.0020100816958712464,0.95,percentile,rao_wu_rescaled_bootstrap,2000,2000,1.0,15
metabolic,xgboost,2017-2018,2279,287,combined_fasting_weight,model0_paired_metabolic,model2_metabolic,delta_Brier_improvement,-0.0016755056438181593,-0.0016904319997214975,-1.4926355903338226e-05,0.0005616998555805503,-0.0028221587868308895,-0.000621287553493483,0.95,percentile,rao_wu_rescaled_bootstrap,2000,2000,1.0,15
metabolic,xgboost,2017-2018,2279,287,combined_fasting_weight,model0_paired_metabolic,model2_metabolic,delta_log_loss_improvement,-0.003918509816301152,-0.003979276204581989,-6.0766388280836595e-05,0.0016160705171229814,-0.007178637500340613,-0.0009873556475190142,0.95,percentile,rao_wu_rescaled_bootstrap,2000,2000,1.0,15
metabolic,xgboost,2017-2018,2279,287,combined_fasting_weight,model0_paired_metabolic,model2_metabolic,core_calibration_intercept,-0.2660737058986605,-0.2643615913553638,0.0017121145432966722,0.1682963066009164,-0.5867090821744164,0.049813868460002964,0.95,percentile,rao_wu_rescaled_bootstrap,2000,2000,1.0,15
metabolic,xgboost,2017-2018,2279,287,combined_fasting_weight,model0_paired_metabolic,model2_metabolic,extended_calibration_intercept,-0.3722997149930182,-0.3720610786756548,0.0002386363173634276,0.1647990319899356,-0.7024123164207376,-0.06701760272960912,0.95,percentile,rao_wu_rescaled_bootstrap,2000,2000,1.0,15
metabolic,xgboost,2017-2018,2279,287,combined_fasting_weight,model0_paired_metabolic,model2_metabolic,core_calibration_slope,0.8588814226538466,0.8610229759324892,0.0021415532786426272,0.061510708933022545,0.7469960421689883,0.9812329993144534,0.95,percentile,rao_wu_rescaled_bootstrap,2000,2000,1.0,15
metabolic,xgboost,2017-2018,2279,287,combined_fasting_weight,model0_paired_metabolic,model2_metabolic,extended_calibration_slope,0.7883923200365233,0.7892667192871204,0.0008743992505971798,0.051452352389661726,0.6897650329862776,0.8873963625000503,0.95,percentile,rao_wu_rescaled_bootstrap,2000,2000,1.0,15
metabolic,xgboost,2017-2018,2279,287,combined_fasting_weight,model0_paired_metabolic,model2_metabolic,absolute_intercept_deviation_change,-0.10622600909435775,-0.1017462623228608,0.004479746771496956,0.0373504312091509,-0.15962612650237054,-0.013988932732318441,0.95,percentile,rao_wu_rescaled_bootstrap,2000,2000,1.0,15
metabolic,xgboost,2017-2018,2279,287,combined_fasting_weight,model0_paired_metabolic,model2_metabolic,absolute_slope_deviation_change,-0.07048910261732333,-0.07163217902832245,-0.0011430764109991165,0.01653440633228019,-0.10736688405085654,-0.043458857730401,0.95,percentile,rao_wu_rescaled_bootstrap,2000,2000,1.0,15
inflammatory,elastic_net,2005-2006,4448,533,combined_mec_weight,model0_core,model3_inflammatory,delta_AUROC,0.0029502536887259234,0.0028736531291341043,-7.660055959181908e-05,0.000795259200679037,0.0013334857381013673,0.004339784905316749,0.95,percentile,rao_wu_rescaled_bootstrap,2000,2000,1.0,15
inflammatory,elastic_net,2005-2006,4448,533,combined_mec_weight,model0_core,model3_inflammatory,delta_PR_AUC,0.0069647088047426475,0.006738413262191727,-0.00022629554255092048,0.003767412771312368,-0.00023151657902297355,0.014120431434610734,0.95,percentile,rao_wu_rescaled_bootstrap,2000,2000,1.0,15
inflammatory,elastic_net,2005-2006,4448,533,combined_mec_weight,model0_core,model3_inflammatory,delta_Brier_improvement,0.0003418973040958534,0.00033807017198653785,-3.8271321093155414e-06,0.00014724501600407153,4.375377890168781e-05,0.0006092447749132032,0.95,percentile,rao_wu_rescaled_bootstrap,2000,2000,1.0,15
inflammatory,elastic_net,2005-2006,4448,533,combined_mec_weight,model0_core,model3_inflammatory,delta_log_loss_improvement,0.0013944623706920733,0.0013817801704131898,-1.268220027888351e-05,0.00044438566883794753,0.0005002388875081865,0.002222013372185872,0.95,percentile,rao_wu_rescaled_bootstrap,2000,2000,1.0,15
inflammatory,elastic_net,2005-2006,4448,533,combined_mec_weight,model0_core,model3_inflammatory,core_calibration_intercept,0.10594717044057432,0.1037625165214819,-0.002184653919092422,0.11349900803018151,-0.11187333066647226,0.32260404150141436,0.95,percentile,rao_wu_rescaled_bootstrap,2000,2000,1.0,15
inflammatory,elastic_net,2005-2006,4448,533,combined_mec_weight,model0_core,model3_inflammatory,extended_calibration_intercept,0.1334182326801469,0.13128665938463263,-0.0021315732955142774,0.11619583775760883,-0.08848385956920449,0.35542716342076336,0.95,percentile,rao_wu_rescaled_bootstrap,2000,2000,1.0,15
inflammatory,elastic_net,2005-2006,4448,533,combined_mec_weight,model0_core,model3_inflammatory,core_calibration_slope,0.994741625358759,0.9959781608941026,0.0012365355353436414,0.05431427102520386,0.8982236827546961,1.1025070396676866,0.95,percentile,rao_wu_rescaled_bootstrap,2000,2000,1.0,15
inflammatory,elastic_net,2005-2006,4448,533,combined_mec_weight,model0_core,model3_inflammatory,extended_calibration_slope,1.0056286794560059,1.0067311129740963,0.0011024335180904732,0.05427251240610305,0.9081180734754958,1.1130946124333032,0.95,percentile,rao_wu_rescaled_bootstrap,2000,2000,1.0,15
inflammatory,elastic_net,2005-2006,4448,533,combined_mec_weight,model0_core,model3_inflammatory,absolute_intercept_deviation_change,-0.02747106223957259,-0.019828762569863413,0.007642299669709175,0.021322131429510477,-0.04897558569473307,0.032857617921941355,0.95,percentile,rao_wu_rescaled_bootstrap,2000,2000,1.0,15
inflammatory,elastic_net,2005-2006,4448,533,combined_mec_weight,model0_core,model3_inflammatory,absolute_slope_deviation_change,-0.00037030481476485466,-4.179674918593768e-05,0.000328508065578917,0.01121665039815899,-0.01805297348178326,0.01708490735278367,0.95,percentile,rao_wu_rescaled_bootstrap,2000,2000,1.0,15
inflammatory,elastic_net,2007-2008,5649,677,combined_mec_weight,model0_core,model3_inflammatory,delta_AUROC,0.000857057646850623,0.0008907889720068679,3.373132515624487e-05,0.0008869374077001924,-0.0007891252175358936,0.0025963920347323445,0.95,percentile,rao_wu_rescaled_bootstrap,2000,2000,1.0,16
inflammatory,elastic_net,2007-2008,5649,677,combined_mec_weight,model0_core,model3_inflammatory,delta_PR_AUC,0.00745827650288633,0.007150260510758434,-0.0003080159921278955,0.0033530947231473125,0.0014385902805885132,0.014006083879942998,0.95,percentile,rao_wu_rescaled_bootstrap,2000,2000,1.0,16
inflammatory,elastic_net,2007-2008,5649,677,combined_mec_weight,model0_core,model3_inflammatory,delta_Brier_improvement,0.0002814743925179941,0.0002814487806076046,-2.5611910389506005e-08,0.00011273932428455402,7.163392438310215e-05,0.0005054549312354047,0.95,percentile,rao_wu_rescaled_bootstrap,2000,2000,1.0,16
inflammatory,elastic_net,2007-2008,5649,677,combined_mec_weight,model0_core,model3_inflammatory,delta_log_loss_improvement,0.0006780370211075526,0.0006840356099805311,5.998588872978489e-06,0.000399485690549103,-5.448680419891588e-05,0.0014857312535005078,0.95,percentile,rao_wu_rescaled_bootstrap,2000,2000,1.0,16
inflammatory,elastic_net,2007-2008,5649,677,combined_mec_weight,model0_core,model3_inflammatory,core_calibration_intercept,0.06945362258101226,0.07014394362519809,0.0006903210441858293,0.10402258231387941,-0.11409727114024122,0.24390093588208867,0.95,percentile,rao_wu_rescaled_bootstrap,2000,2000,1.0,16
inflammatory,elastic_net,2007-2008,5649,677,combined_mec_weight,model0_core,model3_inflammatory,extended_calibration_intercept,0.09490970132687626,0.09566600723143293,0.0007563059045566645,0.10524927862068145,-0.09435420727726902,0.2720456147591542,0.95,percentile,rao_wu_rescaled_bootstrap,2000,2000,1.0,16
inflammatory,elastic_net,2007-2008,5649,677,combined_mec_weight,model0_core,model3_inflammatory,core_calibration_slope,1.024926712868579,1.0267768246933102,0.0018501118247311599,0.043980424816085426,0.9491265734559201,1.1103041638421447,0.95,percentile,rao_wu_rescaled_bootstrap,2000,2000,1.0,16
inflammatory,elastic_net,2007-2008,5649,677,combined_mec_weight,model0_core,model3_inflammatory,extended_calibration_slope,1.034111040381283,1.0360030582254063,0.0018920178441232949,0.04436762059442708,0.9575349140060055,1.1213274538546336,0.95,percentile,rao_wu_rescaled_bootstrap,2000,2000,1.0,16
inflammatory,elastic_net,2007-2008,5649,677,combined_mec_weight,model0_core,model3_inflammatory,absolute_intercept_deviation_change,-0.025456078745864003,-0.013027405526375897,0.012428673219488106,0.022590534829828667,-0.041493189112109766,0.03367731843888784,0.95,percentile,rao_wu_rescaled_bootstrap,2000,2000,1.0,16
inflammatory,elastic_net,2007-2008,5649,677,combined_mec_weight,model0_core,model3_inflammatory,absolute_slope_deviation_change,-0.009184327512703927,-0.004542782005439339,0.004641545507264588,0.009125144867441502,-0.018368068686480662,0.014545528889657712,0.95,percentile,rao_wu_rescaled_bootstrap,2000,2000,1.0,16
inflammatory,elastic_net,2009-2010,5990,646,combined_mec_weight,model0_core,model3_inflammatory,delta_AUROC,0.00015542740292362467,0.0001230890611690758,-3.233834175454887e-05,0.0007020000330089705,-0.0011343480070070465,0.0015221872193355126,0.95,percentile,rao_wu_rescaled_bootstrap,2000,2000,1.0,16
inflammatory,elastic_net,2009-2010,5990,646,combined_mec_weight,model0_core,model3_inflammatory,delta_PR_AUC,0.002890736759268542,0.0032294609411497835,0.0003387241818812417,0.00310271316464408,-0.002237880029995573,0.009486761671484881,0.95,percentile,rao_wu_rescaled_bootstrap,2000,2000,1.0,16
inflammatory,elastic_net,2009-2010,5990,646,combined_mec_weight,model0_core,model3_inflammatory,delta_Brier_improvement,0.00011388889419874232,0.00011068464150824496,-3.2042526904973567e-06,0.00012660323645689118,-0.00013085277890242125,0.0003497089085050343,0.95,percentile,rao_wu_rescaled_bootstrap,2000,2000,1.0,16
inflammatory,elastic_net,2009-2010,5990,646,combined_mec_weight,model0_core,model3_inflammatory,delta_log_loss_improvement,0.00022421636605926554,0.0002143478015361438,-9.868564523121725e-06,0.00039704863690299627,-0.0005265153430901455,0.0009806442592421932,0.95,percentile,rao_wu_rescaled_bootstrap,2000,2000,1.0,16
inflammatory,elastic_net,2009-2010,5990,646,combined_mec_weight,model0_core,model3_inflammatory,core_calibration_intercept,-0.16854203131550619,-0.17046183458599848,-0.001919803270492293,0.06887752394956911,-0.3094943713985606,-0.04621642547003296,0.95,percentile,rao_wu_rescaled_bootstrap,2000,2000,1.0,16
inflammatory,elastic_net,2009-2010,5990,646,combined_mec_weight,model0_core,model3_inflammatory,extended_calibration_intercept,-0.16000875217523933,-0.16205769465843792,-0.0020489424831985903,0.06409078816764159,-0.29565370966493165,-0.04911932952507729,0.95,percentile,rao_wu_rescaled_bootstrap,2000,2000,1.0,16
inflammatory,elastic_net,2009-2010,5990,646,combined_mec_weight,model0_core,model3_inflammatory,core_calibration_slope,0.9537351286056366,0.9535750402716421,-0.0001600883339945014,0.022158869247436288,0.9114812373940467,0.9945771731788536,0.95,percentile,rao_wu_rescaled_bootstrap,2000,2000,1.0,16
inflammatory,elastic_net,2009-2010,5990,646,combined_mec_weight,model0_core,model3_inflammatory,extended_calibration_slope,0.9538202882220391,0.9535808822016686,-0.00023940602037053615,0.022333858941963807,0.9106872426613181,0.9966162531148808,0.95,percentile,rao_wu_rescaled_bootstrap,2000,2000,1.0,16
inflammatory,elastic_net,2009-2010,5990,646,combined_mec_weight,model0_core,model3_inflammatory,absolute_intercept_deviation_change,0.008533279140266858,0.008426850377635076,-0.0001064287626317828,0.00788931730667187,-0.005850396989583602,0.024626200917403345,0.95,percentile,rao_wu_rescaled_bootstrap,2000,2000,1.0,16
inflammatory,elastic_net,2009-2010,5990,646,combined_mec_weight,model0_core,model3_inflammatory,absolute_slope_deviation_change,8.515961640254144e-05,-2.2642660605686426e-05,-0.00010780227700822786,0.0039483653793746815,-0.007332877560736608,0.00793505280042963,0.95,percentile,rao_wu_rescaled_bootstrap,2000,2000,1.0,16
inflammatory,elastic_net,2011-2012,5260,550,combined_mec_weight,model0_core,model3_inflammatory,delta_AUROC,0.0011908636450707055,0.0011725381291891224,-1.8325515881583137e-05,0.0007349286812598263,-0.0002418903802084147,0.002605309550631657,0.95,percentile,rao_wu_rescaled_bootstrap,2000,2000,1.0,17
inflammatory,elastic_net,2011-2012,5260,550,combined_mec_weight,model0_core,model3_inflammatory,delta_PR_AUC,0.0036056812687756956,0.004666236205285287,0.0010605549365095912,0.004309767865838193,-0.004384550220494069,0.012687927972006956,0.95,percentile,rao_wu_rescaled_bootstrap,2000,2000,1.0,17
inflammatory,elastic_net,2011-2012,5260,550,combined_mec_weight,model0_core,model3_inflammatory,delta_Brier_improvement,0.00026641805495056237,0.00026988483531291977,3.466780362357399e-06,0.00019440361120120117,-0.00010274175711474314,0.0006427967154055774,0.95,percentile,rao_wu_rescaled_bootstrap,2000,2000,1.0,17
inflammatory,elastic_net,2011-2012,5260,550,combined_mec_weight,model0_core,model3_inflammatory,delta_log_loss_improvement,0.0005881278557765268,0.0005960376257848386,7.909770008311732e-06,0.0005835155594504219,-0.0005412239740314274,0.00176625699822808,0.95,percentile,rao_wu_rescaled_bootstrap,2000,2000,1.0,17
inflammatory,elastic_net,2011-2012,5260,550,combined_mec_weight,model0_core,model3_inflammatory,core_calibration_intercept,-0.04663188899651374,-0.04479941961038836,0.001832469386125385,0.10241768028844596,-0.2365140395550103,0.1689850071672979,0.95,percentile,rao_wu_rescaled_bootstrap,2000,2000,1.0,17
inflammatory,elastic_net,2011-2012,5260,550,combined_mec_weight,model0_core,model3_inflammatory,extended_calibration_intercept,-0.027541230517443702,-0.025071040305441175,0.0024701902120025272,0.10796875797990776,-0.22672285272596646,0.20477328374448497,0.95,percentile,rao_wu_rescaled_bootstrap,2000,2000,1.0,17
inflammatory,elastic_net,2011-2012,5260,550,combined_mec_weight,model0_core,model3_inflammatory,core_calibration_slope,0.9539106390038108,0.9557987652279498,0.0018881262241390306,0.05369850553317107,0.8566209246540087,1.0674992382380721,0.95,percentile,rao_wu_rescaled_bootstrap,2000,2000,1.0,17
inflammatory,elastic_net,2011-2012,5260,550,combined_mec_weight,model0_core,model3_inflammatory,extended_calibration_slope,0.9576590654564427,0.9597957528802215,0.002136687423778705,0.05586146602829898,0.856475670987955,1.0788989766817891,0.95,percentile,rao_wu_rescaled_bootstrap,2000,2000,1.0,17
inflammatory,elastic_net,2011-2012,5260,550,combined_mec_weight,model0_core,model3_inflammatory,absolute_intercept_deviation_change,0.01909065847907004,0.0007265742775770166,-0.018364084201493023,0.022986642191327268,-0.04626713077725512,0.03767693339466512,0.95,percentile,rao_wu_rescaled_bootstrap,2000,2000,1.0,17
inflammatory,elastic_net,2011-2012,5260,550,combined_mec_weight,model0_core,model3_inflammatory,absolute_slope_deviation_change,0.003748426452631959,0.0009950357524375702,-0.0027533907001943887,0.007207278979197393,-0.01470945390156374,0.014818653975025612,0.95,percentile,rao_wu_rescaled_bootstrap,2000,2000,1.0,17
inflammatory,elastic_net,2013-2014,5522,573,combined_mec_weight,model0_core,model3_inflammatory,delta_AUROC,0.0009006344154007806,0.0009892821314819115,8.864771608113088e-05,0.00163518132988035,-0.002112494767776293,0.004011648349690754,0.95,percentile,rao_wu_rescaled_bootstrap,2000,2000,1.0,15
inflammatory,elastic_net,2013-2014,5522,573,combined_mec_weight,model0_core,model3_inflammatory,delta_PR_AUC,-0.000657214080332813,-0.0007763941461957912,-0.00011918006586297814,0.004221245228372078,-0.009243741021583374,0.006376310252489112,0.95,percentile,rao_wu_rescaled_bootstrap,2000,2000,1.0,15
inflammatory,elastic_net,2013-2014,5522,573,combined_mec_weight,model0_core,model3_inflammatory,delta_Brier_improvement,4.438903380461767e-05,4.0945403657479216e-05,-3.4436301471384566e-06,0.0002695735209234693,-0.00046680839195114177,0.0005350801955742659,0.95,percentile,rao_wu_rescaled_bootstrap,2000,2000,1.0,15
inflammatory,elastic_net,2013-2014,5522,573,combined_mec_weight,model0_core,model3_inflammatory,delta_log_loss_improvement,0.00035370138717646937,0.00036456436378679566,1.0862976610326292e-05,0.0008495410167787712,-0.001223413803571891,0.0019516911602434595,0.95,percentile,rao_wu_rescaled_bootstrap,2000,2000,1.0,15
inflammatory,elastic_net,2013-2014,5522,573,combined_mec_weight,model0_core,model3_inflammatory,core_calibration_intercept,-0.045830673565890524,-0.04345750708079577,0.002373166485094752,0.06688749839378952,-0.16949322673862072,0.08800702631182379,0.95,percentile,rao_wu_rescaled_bootstrap,2000,2000,1.0,15
inflammatory,elastic_net,2013-2014,5522,573,combined_mec_weight,model0_core,model3_inflammatory,extended_calibration_intercept,-0.07910414047025267,-0.07698200337225418,0.0021221370979984944,0.07280836374109911,-0.21521400672084684,0.06273330739946217,0.95,percentile,rao_wu_rescaled_bootstrap,2000,2000,1.0,15
inflammatory,elastic_net,2013-2014,5522,573,combined_mec_weight,model0_core,model3_inflammatory,core_calibration_slope,0.9919471897383996,0.9955632319490162,0.0036160422106166212,0.047301467016582825,0.9128122857236818,1.0907802526778072,0.95,percentile,rao_wu_rescaled_bootstrap,2000,2000,1.0,15
inflammatory,elastic_net,2013-2014,5522,573,combined_mec_weight,model0_core,model3_inflammatory,extended_calibration_slope,0.9838899238670372,0.9875305105119213,0.0036405866448840918,0.04983491547425443,0.9005994098398249,1.0859344967738116,0.95,percentile,rao_wu_rescaled_bootstrap,2000,2000,1.0,15
inflammatory,elastic_net,2013-2014,5522,573,combined_mec_weight,model0_core,model3_inflammatory,absolute_intercept_deviation_change,-0.03327346690436215,-0.02280253256984969,0.01047093433451246,0.0256715720739375,-0.055904306090529626,0.03494235140500999,0.95,percentile,rao_wu_rescaled_bootstrap,2000,2000,1.0,15
inflammatory,elastic_net,2013-2014,5522,573,combined_mec_weight,model0_core,model3_inflammatory,absolute_slope_deviation_change,-0.008057265871362351,-0.003448000317047742,0.004609265554314609,0.010047445091670857,-0.021314891789052496,0.016622019337265252,0.95,percentile,rao_wu_rescaled_bootstrap,2000,2000,1.0,15
inflammatory,elastic_net,2015-2016,5404,597,combined_mec_weight,model0_core,model3_inflammatory,delta_AUROC,0.0008743577332194219,0.000781418353849735,-9.293937936968692e-05,0.0006145572812914623,-0.0004035886782160961,0.0019432741070100677,0.95,percentile,rao_wu_rescaled_bootstrap,2000,2000,1.0,15
inflammatory,elastic_net,2015-2016,5404,597,combined_mec_weight,model0_core,model3_inflammatory,delta_PR_AUC,0.007375545293840935,0.006808764010284152,-0.0005667812835567828,0.0036178121703700256,-0.0002322101430534597,0.013447935984239075,0.95,percentile,rao_wu_rescaled_bootstrap,2000,2000,1.0,15
inflammatory,elastic_net,2015-2016,5404,597,combined_mec_weight,model0_core,model3_inflammatory,delta_Brier_improvement,0.00024053260274665977,0.00023799635073486135,-2.5362520117984237e-06,0.0001937678972542376,-0.00012817692448560626,0.0006184861631105916,0.95,percentile,rao_wu_rescaled_bootstrap,2000,2000,1.0,15
inflammatory,elastic_net,2015-2016,5404,597,combined_mec_weight,model0_core,model3_inflammatory,delta_log_loss_improvement,0.0006231071733115989,0.0006164602192452094,-6.646954066389494e-06,0.0004733161423276479,-0.000274341378768207,0.0015532946762249983,0.95,percentile,rao_wu_rescaled_bootstrap,2000,2000,1.0,15
inflammatory,elastic_net,2015-2016,5404,597,combined_mec_weight,model0_core,model3_inflammatory,core_calibration_intercept,0.02334687933904837,0.029637393459951533,0.006290514120903163,0.10531474527203405,-0.14690785779264598,0.23531489018419469,0.95,percentile,rao_wu_rescaled_bootstrap,2000,2000,1.0,15
inflammatory,elastic_net,2015-2016,5404,597,combined_mec_weight,model0_core,model3_inflammatory,extended_calibration_intercept,0.008020616229784295,0.013976403477370688,0.005955787247586393,0.10634388138567522,-0.1672148598575093,0.22160606441122585,0.95,percentile,rao_wu_rescaled_bootstrap,2000,2000,1.0,15
inflammatory,elastic_net,2015-2016,5404,597,combined_mec_weight,model0_core,model3_inflammatory,core_calibration_slope,1.0516499852966867,1.05472580689893,0.0030758216022432894,0.057948327910311445,0.9545218588534475,1.1738025812830881,0.95,percentile,rao_wu_rescaled_bootstrap,2000,2000,1.0,15
inflammatory,elastic_net,2015-2016,5404,597,combined_mec_weight,model0_core,model3_inflammatory,extended_calibration_slope,1.0496766897241894,1.0525948591869856,0.0029181694627962163,0.05746918869041607,0.9534932383006679,1.1690598655685902,0.95,percentile,rao_wu_rescaled_bootstrap,2000,2000,1.0,15
inflammatory,elastic_net,2015-2016,5404,597,combined_mec_weight,model0_core,model3_inflammatory,absolute_intercept_deviation_change,0.015326263109264075,0.0016887719802062542,-0.013637491129057822,0.01856961299173938,-0.03051927427857787,0.03591852330950178,0.95,percentile,rao_wu_rescaled_bootstrap,2000,2000,1.0,15
inflammatory,elastic_net,2015-2016,5404,597,combined_mec_weight,model0_core,model3_inflammatory,absolute_slope_deviation_change,0.001973295572497369,0.0015366789486630835,-0.00043661662383428536,0.005850976252238366,-0.008884769341128302,0.013567773845439052,0.95,percentile,rao_wu_rescaled_bootstrap,2000,2000,1.0,15
inflammatory,elastic_net,2017-2018,5209,646,combined_mec_weight,model0_core,model3_inflammatory,delta_AUROC,0.0008045261369020729,0.0007171666980431665,-8.735943885890632e-05,0.0011452578748729256,-0.0015065569885184176,0.002843740051635607,0.95,percentile,rao_wu_rescaled_bootstrap,2000,2000,1.0,15
inflammatory,elastic_net,2017-2018,5209,646,combined_mec_weight,model0_core,model3_inflammatory,delta_PR_AUC,-0.004807127308600112,-0.004716452252201708,9.06750563984043e-05,0.004318118605750577,-0.013580674153060641,0.0034666257111281695,0.95,percentile,rao_wu_rescaled_bootstrap,2000,2000,1.0,15
inflammatory,elastic_net,2017-2018,5209,646,combined_mec_weight,model0_core,model3_inflammatory,delta_Brier_improvement,-0.00023262283761348035,-0.0002347761279083797,-2.1532902948993566e-06,0.00018050163773411325,-0.000595802540722103,0.00011064406240513967,0.95,percentile,rao_wu_rescaled_bootstrap,2000,2000,1.0,15
inflammatory,elastic_net,2017-2018,5209,646,combined_mec_weight,model0_core,model3_inflammatory,delta_log_loss_improvement,-0.00019653839298230946,-0.00020189186442793813,-5.353471445628671e-06,0.0005829182289335049,-0.001298657524262971,0.0008922772959537816,0.95,percentile,rao_wu_rescaled_bootstrap,2000,2000,1.0,15
inflammatory,elastic_net,2017-2018,5209,646,combined_mec_weight,model0_core,model3_inflammatory,core_calibration_intercept,0.0030521736358614694,0.004326040723790236,0.0012738670879287664,0.10114737212229731,-0.1934141210564018,0.19276887363682998,0.95,percentile,rao_wu_rescaled_bootstrap,2000,2000,1.0,15
inflammatory,elastic_net,2017-2018,5209,646,combined_mec_weight,model0_core,model3_inflammatory,extended_calibration_intercept,-0.018198306630379614,-0.017071653238034303,0.0011266533923453108,0.10363942453745174,-0.2216607785044082,0.1776296919971581,0.95,percentile,rao_wu_rescaled_bootstrap,2000,2000,1.0,15
inflammatory,elastic_net,2017-2018,5209,646,combined_mec_weight,model0_core,model3_inflammatory,core_calibration_slope,0.9965290708848359,0.997704349020671,0.0011752781358350672,0.0337325966278608,0.9361894480619923,1.0687494405073696,0.95,percentile,rao_wu_rescaled_bootstrap,2000,2000,1.0,15
inflammatory,elastic_net,2017-2018,5209,646,combined_mec_weight,model0_core,model3_inflammatory,extended_calibration_slope,0.9860410184983602,0.9870928087152924,0.0010517902169321358,0.032581050167444704,0.9250880800140943,1.0539172247647335,0.95,percentile,rao_wu_rescaled_bootstrap,2000,2000,1.0,15
inflammatory,elastic_net,2017-2018,5209,646,combined_mec_weight,model0_core,model3_inflammatory,absolute_intercept_deviation_change,-0.015146132994518145,-0.002745977731759729,0.012400155262758415,0.023616460673278415,-0.04230652002296588,0.0401431894147762,0.95,percentile,rao_wu_rescaled_bootstrap,2000,2000,1.0,15
inflammatory,elastic_net,2017-2018,5209,646,combined_mec_weight,model0_core,model3_inflammatory,absolute_slope_deviation_change,-0.010488052386475655,-0.0012665380780667137,0.00922151430840894,0.011798918542893472,-0.02131485870555784,0.02163111390629579,0.95,percentile,rao_wu_rescaled_bootstrap,2000,2000,1.0,15
inflammatory,xgboost,2005-2006,4448,533,combined_mec_weight,model0_core,model3_inflammatory,delta_AUROC,0.0019079851234239387,0.0018970778222222138,-1.0907301201724907e-05,0.0007180325668478323,0.0005231017029620621,0.003256574730033459,0.95,percentile,rao_wu_rescaled_bootstrap,2000,2000,1.0,15
inflammatory,xgboost,2005-2006,4448,533,combined_mec_weight,model0_core,model3_inflammatory,delta_PR_AUC,0.001107501501152408,0.0019325255356774785,0.0008250240345250705,0.003687595020764699,-0.0046855421846100104,0.009772413586620789,0.95,percentile,rao_wu_rescaled_bootstrap,2000,2000,1.0,15
inflammatory,xgboost,2005-2006,4448,533,combined_mec_weight,model0_core,model3_inflammatory,delta_Brier_improvement,0.00019479417887338646,0.00019290226700363405,-1.8919118697524086e-06,0.00010861864044081543,-1.921359784923517e-05,0.0003982140155313994,0.95,percentile,rao_wu_rescaled_bootstrap,2000,2000,1.0,15
inflammatory,xgboost,2005-2006,4448,533,combined_mec_weight,model0_core,model3_inflammatory,delta_log_loss_improvement,0.0007768719776995447,0.0007713916294710666,-5.4803482284781525e-06,0.0003664494543718679,4.1498729507588474e-05,0.0014564690217179366,0.95,percentile,rao_wu_rescaled_bootstrap,2000,2000,1.0,15
inflammatory,xgboost,2005-2006,4448,533,combined_mec_weight,model0_core,model3_inflammatory,core_calibration_intercept,0.3468511733231403,0.3453927918284867,-0.0014583814946536044,0.10876656226059729,0.13726534391700373,0.5504480607428505,0.95,percentile,rao_wu_rescaled_bootstrap,2000,2000,1.0,15
inflammatory,xgboost,2005-2006,4448,533,combined_mec_weight,model0_core,model3_inflammatory,extended_calibration_intercept,0.37306823170858183,0.37181056398243434,-0.0012576677261474933,0.1124333334854065,0.15662448983068433,0.5828353640895695,0.95,percentile,rao_wu_rescaled_bootstrap,2000,2000,1.0,15
inflammatory,xgboost,2005-2006,4448,533,combined_mec_weight,model0_core,model3_inflammatory,core_calibration_slope,1.0914968823179598,1.092915857972364,0.0014189756544040755,0.05437901732163427,0.9915011326811688,1.2030578804158376,0.95,percentile,rao_wu_rescaled_bootstrap,2000,2000,1.0,15
inflammatory,xgboost,2005-2006,4448,533,combined_mec_weight,model0_core,model3_inflammatory,extended_calibration_slope,1.1028834044043352,1.1042820270029057,0.001398622598570487,0.05540801096488356,1.000099073162545,1.2142833118565177,0.95,percentile,rao_wu_rescaled_bootstrap,2000,2000,1.0,15
inflammatory,xgboost,2005-2006,4448,533,combined_mec_weight,model0_core,model3_inflammatory,absolute_intercept_deviation_change,-0.026217058385441527,-0.02641777215394768,-0.00020071376850615275,0.011413264590893018,-0.04885107808538511,-0.004885148218473661,0.95,percentile,rao_wu_rescaled_bootstrap,2000,2000,1.0,15
inflammatory,xgboost,2005-2006,4448,533,combined_mec_weight,model0_core,model3_inflammatory,absolute_slope_deviation_change,-0.011386522086375361,-0.010772733991237364,0.000613788095137997,0.006130375899101436,-0.021303561012875855,0.004087134626078759,0.95,percentile,rao_wu_rescaled_bootstrap,2000,2000,1.0,15
inflammatory,xgboost,2007-2008,5649,677,combined_mec_weight,model0_core,model3_inflammatory,delta_AUROC,-0.00024121603240712108,-0.00018971752895078985,5.149850345633123e-05,0.0012654780501009796,-0.0025525402160231775,0.002256242345802005,0.95,percentile,rao_wu_rescaled_bootstrap,2000,2000,1.0,16
inflammatory,xgboost,2007-2008,5649,677,combined_mec_weight,model0_core,model3_inflammatory,delta_PR_AUC,0.0088947912868923,0.00856715556366426,-0.0003276357232280414,0.0037168630152697364,0.001628558227741754,0.015807274145674923,0.95,percentile,rao_wu_rescaled_bootstrap,2000,2000,1.0,16
inflammatory,xgboost,2007-2008,5649,677,combined_mec_weight,model0_core,model3_inflammatory,delta_Brier_improvement,0.00017672485144044903,0.00018164203753518403,4.917186094735007e-06,0.0001516041803859831,-9.825968190396336e-05,0.00048172259717699657,0.95,percentile,rao_wu_rescaled_bootstrap,2000,2000,1.0,16
inflammatory,xgboost,2007-2008,5649,677,combined_mec_weight,model0_core,model3_inflammatory,delta_log_loss_improvement,0.00018701307144164403,0.00020891206286840973,2.1898991426765702e-05,0.0005798393966700142,-0.0008733947120720209,0.0013143445252219305,0.95,percentile,rao_wu_rescaled_bootstrap,2000,2000,1.0,16
inflammatory,xgboost,2007-2008,5649,677,combined_mec_weight,model0_core,model3_inflammatory,core_calibration_intercept,0.221208351089792,0.2203500114445778,-0.0008583396452142011,0.09250141365257293,0.04242702135195014,0.38623396769634927,0.95,percentile,rao_wu_rescaled_bootstrap,2000,2000,1.0,16
inflammatory,xgboost,2007-2008,5649,677,combined_mec_weight,model0_core,model3_inflammatory,extended_calibration_intercept,0.24338811980647787,0.24299934248331742,-0.00038877732316044966,0.09666662042523838,0.05503244448106552,0.4131117983603559,0.95,percentile,rao_wu_rescaled_bootstrap,2000,2000,1.0,16
inflammatory,xgboost,2007-2008,5649,677,combined_mec_weight,model0_core,model3_inflammatory,core_calibration_slope,1.1048125532757327,1.1059755566462353,0.0011630033705025689,0.043133355554804825,1.0273592189335534,1.1894589867050251,0.95,percentile,rao_wu_rescaled_bootstrap,2000,2000,1.0,16
inflammatory,xgboost,2007-2008,5649,677,combined_mec_weight,model0_core,model3_inflammatory,extended_calibration_slope,1.109888576701425,1.111296721988442,0.0014081452870169375,0.04419000451072715,1.031987109718035,1.1994159093429637,0.95,percentile,rao_wu_rescaled_bootstrap,2000,2000,1.0,16
inflammatory,xgboost,2007-2008,5649,677,combined_mec_weight,model0_core,model3_inflammatory,absolute_intercept_deviation_change,-0.022179768716685866,-0.022588417192806267,-0.0004086484761204011,0.015177317854284498,-0.05153953269391451,0.0048530826179456355,0.95,percentile,rao_wu_rescaled_bootstrap,2000,2000,1.0,16
inflammatory,xgboost,2007-2008,5649,677,combined_mec_weight,model0_core,model3_inflammatory,absolute_slope_deviation_change,-0.005076023425692355,-0.0053152532550768995,-0.0002392298293845442,0.00831074257784442,-0.021301730634408243,0.009784397956810199,0.95,percentile,rao_wu_rescaled_bootstrap,2000,2000,1.0,16
inflammatory,xgboost,2009-2010,5990,646,combined_mec_weight,model0_core,model3_inflammatory,delta_AUROC,-0.0008087358237643949,-0.000901102569250138,-9.23667454857431e-05,0.0012315696725438232,-0.003150663095614078,0.001361773620395232,0.95,percentile,rao_wu_rescaled_bootstrap,2000,2000,1.0,16
inflammatory,xgboost,2009-2010,5990,646,combined_mec_weight,model0_core,model3_inflammatory,delta_PR_AUC,0.002495689707600668,0.0016404138650132963,-0.0008552758425873716,0.005396250459843857,-0.008321121727681773,0.012451514058836845,0.95,percentile,rao_wu_rescaled_bootstrap,2000,2000,1.0,16
inflammatory,xgboost,2009-2010,5990,646,combined_mec_weight,model0_core,model3_inflammatory,delta_Brier_improvement,1.5076762267737798e-05,1.0875071160761266e-05,-4.201691106976532e-06,0.00021310091857414188,-0.0004024613006511211,0.00041803224983994304,0.95,percentile,rao_wu_rescaled_bootstrap,2000,2000,1.0,16
inflammatory,xgboost,2009-2010,5990,646,combined_mec_weight,model0_core,model3_inflammatory,delta_log_loss_improvement,-0.0001524886883726706,-0.00016179721309503116,-9.30852472236056e-06,0.0007011834783887271,-0.0014678791679111828,0.0011604223420324127,0.95,percentile,rao_wu_rescaled_bootstrap,2000,2000,1.0,16
inflammatory,xgboost,2009-2010,5990,646,combined_mec_weight,model0_core,model3_inflammatory,core_calibration_intercept,-0.043858445971230654,-0.0463457157542022,-0.002487269782971549,0.0743887772495841,-0.19840521247250048,0.08953996253123932,0.95,percentile,rao_wu_rescaled_bootstrap,2000,2000,1.0,16
inflammatory,xgboost,2009-2010,5990,646,combined_mec_weight,model0_core,model3_inflammatory,extended_calibration_intercept,-0.12989322952337093,-0.1323779610326766,-0.002484731509305671,0.06807712109855289,-0.2725922622220924,-0.006597980479844124,0.95,percentile,rao_wu_rescaled_bootstrap,2000,2000,1.0,16
inflammatory,xgboost,2009-2010,5990,646,combined_mec_weight,model0_core,model3_inflammatory,core_calibration_slope,1.0171474202076225,1.016780580760196,-0.00036683944742654795,0.01909164628751209,0.9806435811435723,1.0535605885949466,0.95,percentile,rao_wu_rescaled_bootstrap,2000,2000,1.0,16
inflammatory,xgboost,2009-2010,5990,646,combined_mec_weight,model0_core,model3_inflammatory,extended_calibration_slope,0.9647157571889132,0.9642315230167712,-0.00048423417214205067,0.01806453780307933,0.9299224306814666,0.9997370583010422,0.95,percentile,rao_wu_rescaled_bootstrap,2000,2000,1.0,16
inflammatory,xgboost,2009-2010,5990,646,combined_mec_weight,model0_core,model3_inflammatory,absolute_intercept_deviation_change,-0.08603478355214028,-0.06369474736431767,0.022340036187822612,0.04401760606735323,-0.11310506959909462,0.07406219335839995,0.95,percentile,rao_wu_rescaled_bootstrap,2000,2000,1.0,16
inflammatory,xgboost,2009-2010,5990,646,combined_mec_weight,model0_core,model3_inflammatory,absolute_slope_deviation_change,-0.018136822603464275,-0.015197629382790848,0.002939193220673427,0.029966470043392063,-0.05806942526457942,0.048285366507239406,0.95,percentile,rao_wu_rescaled_bootstrap,2000,2000,1.0,16
inflammatory,xgboost,2011-2012,5260,550,combined_mec_weight,model0_core,model3_inflammatory,delta_AUROC,-0.0004935335489753001,-0.0005594569056494125,-6.59233566741124e-05,0.0016996732015024307,-0.003800868268016243,0.002799470478936773,0.95,percentile,rao_wu_rescaled_bootstrap,2000,2000,1.0,17
inflammatory,xgboost,2011-2012,5260,550,combined_mec_weight,model0_core,model3_inflammatory,delta_PR_AUC,0.01072235849172476,0.010820746799781773,9.838830805701353e-05,0.00582119266895997,-0.00041875871405566413,0.022242443459405105,0.95,percentile,rao_wu_rescaled_bootstrap,2000,2000,1.0,17
inflammatory,xgboost,2011-2012,5260,550,combined_mec_weight,model0_core,model3_inflammatory,delta_Brier_improvement,0.0004051013695775263,0.000404620275284909,-4.81094292617318e-07,0.0002907621429319836,-0.00015149098609056725,0.0009776834286020723,0.95,percentile,rao_wu_rescaled_bootstrap,2000,2000,1.0,17
inflammatory,xgboost,2011-2012,5260,550,combined_mec_weight,model0_core,model3_inflammatory,delta_log_loss_improvement,0.00040268002550775117,0.0003862261384506939,-1.6453887057057298e-05,0.0010996955291364438,-0.0017818369288957153,0.0024795360572308677,0.95,percentile,rao_wu_rescaled_bootstrap,2000,2000,1.0,17
inflammatory,xgboost,2011-2012,5260,550,combined_mec_weight,model0_core,model3_inflammatory,core_calibration_intercept,-0.03199788500966368,-0.02875493809414329,0.003242946915520392,0.11844776700571612,-0.24303012418301906,0.21416993799730313,0.95,percentile,rao_wu_rescaled_bootstrap,2000,2000,1.0,17
inflammatory,xgboost,2011-2012,5260,550,combined_mec_weight,model0_core,model3_inflammatory,extended_calibration_intercept,-0.043867882807502576,-0.03988459578984597,0.003983287017656607,0.12385264527095095,-0.25649450391643774,0.2179377074784697,0.95,percentile,rao_wu_rescaled_bootstrap,2000,2000,1.0,17
inflammatory,xgboost,2011-2012,5260,550,combined_mec_weight,model0_core,model3_inflammatory,core_calibration_slope,0.9461705156422068,0.9486083128837579,0.0024377972415511318,0.05765919134050288,0.8447451227325821,1.0666222606194569,0.95,percentile,rao_wu_rescaled_bootstrap,2000,2000,1.0,17
inflammatory,xgboost,2011-2012,5260,550,combined_mec_weight,model0_core,model3_inflammatory,extended_calibration_slope,0.9313839795052203,0.9340602465953632,0.002676267090142903,0.06031700609629556,0.8280105554738062,1.0630591295697713,0.95,percentile,rao_wu_rescaled_bootstrap,2000,2000,1.0,17
inflammatory,xgboost,2011-2012,5260,550,combined_mec_weight,model0_core,model3_inflammatory,absolute_intercept_deviation_change,-0.011869997797838892,-0.0072335846893356115,0.004636413108503281,0.018932776344431725,-0.04310199404245325,0.030253665788696184,0.95,percentile,rao_wu_rescaled_bootstrap,2000,2000,1.0,17
inflammatory,xgboost,2011-2012,5260,550,combined_mec_weight,model0_core,model3_inflammatory,absolute_slope_deviation_change,-0.014786536136986439,-0.011214267925881819,0.00357226821110462,0.012215315114072211,-0.030399507802688845,0.01778440558619674,0.95,percentile,rao_wu_rescaled_bootstrap,2000,2000,1.0,17
inflammatory,xgboost,2013-2014,5522,573,combined_mec_weight,model0_core,model3_inflammatory,delta_AUROC,0.001305052249173655,0.0013678537396654374,6.280149049178252e-05,0.0015930388226852886,-0.0014176725478357878,0.004312906062807169,0.95,percentile,rao_wu_rescaled_bootstrap,2000,2000,1.0,15
inflammatory,xgboost,2013-2014,5522,573,combined_mec_weight,model0_core,model3_inflammatory,delta_PR_AUC,-0.004317636172039008,-0.004220680322815037,9.695584922397079e-05,0.0048900239282199005,-0.012818574593267693,0.005232363604666903,0.95,percentile,rao_wu_rescaled_bootstrap,2000,2000,1.0,15
inflammatory,xgboost,2013-2014,5522,573,combined_mec_weight,model0_core,model3_inflammatory,delta_Brier_improvement,0.0001551879069880968,0.00014588008746168552,-9.30781952641129e-06,0.00021585828176423584,-0.00027166574933791906,0.0005326624273322276,0.95,percentile,rao_wu_rescaled_bootstrap,2000,2000,1.0,15
inflammatory,xgboost,2013-2014,5522,573,combined_mec_weight,model0_core,model3_inflammatory,delta_log_loss_improvement,0.00040109609256866463,0.0003927086096486548,-8.387482920009807e-06,0.000759948564895822,-0.0010656633562990067,0.0018128899881711953,0.95,percentile,rao_wu_rescaled_bootstrap,2000,2000,1.0,15
inflammatory,xgboost,2013-2014,5522,573,combined_mec_weight,model0_core,model3_inflammatory,core_calibration_intercept,-0.15639975697187156,-0.15296352976433997,0.003436227207531589,0.06120512209941377,-0.2719384583920764,-0.0296776223591295,0.95,percentile,rao_wu_rescaled_bootstrap,2000,2000,1.0,15
inflammatory,xgboost,2013-2014,5522,573,combined_mec_weight,model0_core,model3_inflammatory,extended_calibration_intercept,-0.06402166937319868,-0.06066412049254941,0.0033575488806492707,0.06040742415043346,-0.17600447749574752,0.059125767966455245,0.95,percentile,rao_wu_rescaled_bootstrap,2000,2000,1.0,15
inflammatory,xgboost,2013-2014,5522,573,combined_mec_weight,model0_core,model3_inflammatory,core_calibration_slope,0.9440151005637388,0.9485682068953419,0.004553106331603107,0.0454506064765063,0.8719124358169976,1.0410734429690702,0.95,percentile,rao_wu_rescaled_bootstrap,2000,2000,1.0,15
inflammatory,xgboost,2013-2014,5522,573,combined_mec_weight,model0_core,model3_inflammatory,extended_calibration_slope,1.0172064187108678,1.0219202936607694,0.004713874949901609,0.05000390564419518,0.9357846121781658,1.124579353852076,0.95,percentile,rao_wu_rescaled_bootstrap,2000,2000,1.0,15
inflammatory,xgboost,2013-2014,5522,573,combined_mec_weight,model0_core,model3_inflammatory,absolute_intercept_deviation_change,0.09237808759867287,0.08232097601673509,-0.010057111581937783,0.03399567737918393,-0.026996339324475996,0.12207189387342099,0.95,percentile,rao_wu_rescaled_bootstrap,2000,2000,1.0,15
inflammatory,xgboost,2013-2014,5522,573,combined_mec_weight,model0_core,model3_inflammatory,absolute_slope_deviation_change,0.03877848072539336,0.014970509198447318,-0.023807971526946043,0.05747377047321068,-0.08917929226769512,0.08054925511622153,0.95,percentile,rao_wu_rescaled_bootstrap,2000,2000,1.0,15
inflammatory,xgboost,2015-2016,5404,597,combined_mec_weight,model0_core,model3_inflammatory,delta_AUROC,0.001982238663454705,0.0019081593463355943,-7.407931711911082e-05,0.0015741163679936017,-0.0011051582411694396,0.0049367728702169,0.95,percentile,rao_wu_rescaled_bootstrap,2000,2000,1.0,15
inflammatory,xgboost,2015-2016,5404,597,combined_mec_weight,model0_core,model3_inflammatory,delta_PR_AUC,0.0004087551223818098,0.0010666702195782334,0.0006579150971964237,0.004311832011234095,-0.007039061144448225,0.009521327348299687,0.95,percentile,rao_wu_rescaled_bootstrap,2000,2000,1.0,15
inflammatory,xgboost,2015-2016,5404,597,combined_mec_weight,model0_core,model3_inflammatory,delta_Brier_improvement,0.00010406007208006718,0.00011664651863912575,1.2586446559058575e-05,0.00029300214405314186,-0.00045323138393136815,0.0006751255853125721,0.95,percentile,rao_wu_rescaled_bootstrap,2000,2000,1.0,15
inflammatory,xgboost,2015-2016,5404,597,combined_mec_weight,model0_core,model3_inflammatory,delta_log_loss_improvement,0.0007498780492083412,0.0007756666654054298,2.5788616197088584e-05,0.000878546510603876,-0.0009297775668068021,0.002460311891787738,0.95,percentile,rao_wu_rescaled_bootstrap,2000,2000,1.0,15
inflammatory,xgboost,2015-2016,5404,597,combined_mec_weight,model0_core,model3_inflammatory,core_calibration_intercept,0.0141481790484985,0.019029710530413472,0.004881531481914971,0.08608159198812355,-0.13517381358440894,0.18543591071045018,0.95,percentile,rao_wu_rescaled_bootstrap,2000,2000,1.0,15
inflammatory,xgboost,2015-2016,5404,597,combined_mec_weight,model0_core,model3_inflammatory,extended_calibration_intercept,-0.007952564680947282,-0.0025066377719666385,0.005445926908980643,0.09173252847647356,-0.17355691582332367,0.17528245761431194,0.95,percentile,rao_wu_rescaled_bootstrap,2000,2000,1.0,15
inflammatory,xgboost,2015-2016,5404,597,combined_mec_weight,model0_core,model3_inflammatory,core_calibration_slope,1.061405147115536,1.0639849412522804,0.0025797941367444732,0.04561486040671237,0.986803426185724,1.1525893374711302,0.95,percentile,rao_wu_rescaled_bootstrap,2000,2000,1.0,15
inflammatory,xgboost,2015-2016,5404,597,combined_mec_weight,model0_core,model3_inflammatory,extended_calibration_slope,1.0495492445510888,1.0526598922184014,0.003110647667312616,0.04728075068438043,0.9736773496672003,1.1425343652866247,0.95,percentile,rao_wu_rescaled_bootstrap,2000,2000,1.0,15
inflammatory,xgboost,2015-2016,5404,597,combined_mec_weight,model0_core,model3_inflammatory,absolute_intercept_deviation_change,0.006195614367551219,-0.0027307111908428314,-0.00892632555839405,0.027183338140232695,-0.05288456876767213,0.047614716067006006,0.95,percentile,rao_wu_rescaled_bootstrap,2000,2000,1.0,15
inflammatory,xgboost,2015-2016,5404,597,combined_mec_weight,model0_core,model3_inflammatory,absolute_slope_deviation_change,0.01185590256444713,0.008583927687907224,-0.0032719748765399053,0.012426560560367953,-0.016774438200481627,0.0324578367731143,0.95,percentile,rao_wu_rescaled_bootstrap,2000,2000,1.0,15
inflammatory,xgboost,2017-2018,5209,646,combined_mec_weight,model0_core,model3_inflammatory,delta_AUROC,0.0007159653084229944,0.0007102115048192916,-5.753803603702839e-06,0.001984851249438376,-0.0030282361822801095,0.004449674177366741,0.95,percentile,rao_wu_rescaled_bootstrap,2000,2000,1.0,15
inflammatory,xgboost,2017-2018,5209,646,combined_mec_weight,model0_core,model3_inflammatory,delta_PR_AUC,-0.006207660564417017,-0.006646461948446124,-0.0004388013840291071,0.008158009280834457,-0.02228074841090718,0.008859554971502202,0.95,percentile,rao_wu_rescaled_bootstrap,2000,2000,1.0,15
inflammatory,xgboost,2017-2018,5209,646,combined_mec_weight,model0_core,model3_inflammatory,delta_Brier_improvement,-0.000695717253640496,-0.00069835840967296,-2.641156032464026e-06,0.0005067215670474241,-0.0017037098154154575,0.00022457334764486707,0.95,percentile,rao_wu_rescaled_bootstrap,2000,2000,1.0,15
inflammatory,xgboost,2017-2018,5209,646,combined_mec_weight,model0_core,model3_inflammatory,delta_log_loss_improvement,-0.0008265755478454595,-0.000835905653931429,-9.330106085969538e-06,0.001409313190394067,-0.0035885857760950273,0.0017061838605435242,0.95,percentile,rao_wu_rescaled_bootstrap,2000,2000,1.0,15
inflammatory,xgboost,2017-2018,5209,646,combined_mec_weight,model0_core,model3_inflammatory,core_calibration_intercept,0.0007755849763541595,0.0002933860887901383,-0.0004821988875640212,0.11195658916484313,-0.2268301211319294,0.20591024173913522,0.95,percentile,rao_wu_rescaled_bootstrap,2000,2000,1.0,15
inflammatory,xgboost,2017-2018,5209,646,combined_mec_weight,model0_core,model3_inflammatory,extended_calibration_intercept,-0.08918289683108337,-0.08886398440686508,0.00031891242421829,0.11647870256626036,-0.31708667481101566,0.12908994327248544,0.95,percentile,rao_wu_rescaled_bootstrap,2000,2000,1.0,15
inflammatory,xgboost,2017-2018,5209,646,combined_mec_weight,model0_core,model3_inflammatory,core_calibration_slope,1.007933387907845,1.0085968317645635,0.0006634438567185708,0.03892872938320811,0.9416672426105352,1.0840412054724198,0.95,percentile,rao_wu_rescaled_bootstrap,2000,2000,1.0,15
inflammatory,xgboost,2017-2018,5209,646,combined_mec_weight,model0_core,model3_inflammatory,extended_calibration_slope,0.9568383450536485,0.9577580046598954,0.0009196596062468476,0.03786467035164411,0.8903880423165578,1.0317805227403813,0.95,percentile,rao_wu_rescaled_bootstrap,2000,2000,1.0,15
inflammatory,xgboost,2017-2018,5209,646,combined_mec_weight,model0_core,model3_inflammatory,absolute_intercept_deviation_change,-0.0884073118547292,-0.026955487067417294,0.06145182478731191,0.07790974048357373,-0.12651684083341894,0.1095459455080337,0.95,percentile,rao_wu_rescaled_bootstrap,2000,2000,1.0,15
inflammatory,xgboost,2017-2018,5209,646,combined_mec_weight,model0_core,model3_inflammatory,absolute_slope_deviation_change,-0.03522826703850657,-0.015048185029154573,0.020180082009351993,0.04013044956701885,-0.06966000032714084,0.06620691825362424,0.95,percentile,rao_wu_rescaled_bootstrap,2000,2000,1.0,15
combined,elastic_net,2005-2006,1836,216,combined_fasting_weight,model0_paired_combined,model4_combined,delta_AUROC,0.014875444496366352,0.014419403884859261,-0.00045604061150709106,0.0055617951515126735,0.0030202671655428777,0.024646631035775128,0.95,percentile,rao_wu_rescaled_bootstrap,2000,2000,1.0,15
combined,elastic_net,2005-2006,1836,216,combined_fasting_weight,model0_paired_combined,model4_combined,delta_PR_AUC,0.05019666109678106,0.05062994663153448,0.00043328553475342063,0.022165910467210104,0.010625363570047102,0.09634735751071508,0.95,percentile,rao_wu_rescaled_bootstrap,2000,2000,1.0,15
combined,elastic_net,2005-2006,1836,216,combined_fasting_weight,model0_paired_combined,model4_combined,delta_Brier_improvement,0.002741281297061998,0.002712515176177103,-2.8766120884895358e-05,0.0012704117437932643,0.00030383708949171,0.005072424268847502,0.95,percentile,rao_wu_rescaled_bootstrap,2000,2000,1.0,15
combined,elastic_net,2005-2006,1836,216,combined_fasting_weight,model0_paired_combined,model4_combined,delta_log_loss_improvement,0.009484607538806367,0.009409799450789126,-7.480808801724019e-05,0.004264314936644512,0.00122429245917979,0.01727959048239919,0.95,percentile,rao_wu_rescaled_bootstrap,2000,2000,1.0,15
combined,elastic_net,2005-2006,1836,216,combined_fasting_weight,model0_paired_combined,model4_combined,core_calibration_intercept,-0.037452011008405166,-0.045678897956380984,-0.008226886947975819,0.13211989563641663,-0.3266740659350248,0.2054349349107969,0.95,percentile,rao_wu_rescaled_bootstrap,2000,2000,1.0,15
combined,elastic_net,2005-2006,1836,216,combined_fasting_weight,model0_paired_combined,model4_combined,extended_calibration_intercept,0.01864582129470529,0.011595421138220702,-0.007050400156484589,0.15006203251932113,-0.3003210257634359,0.3022484716323331,0.95,percentile,rao_wu_rescaled_bootstrap,2000,2000,1.0,15
combined,elastic_net,2005-2006,1836,216,combined_fasting_weight,model0_paired_combined,model4_combined,core_calibration_slope,0.9169226161188437,0.9187776220209357,0.0018550059020919774,0.07683166606248185,0.7841649269647293,1.0849594306382917,0.95,percentile,rao_wu_rescaled_bootstrap,2000,2000,1.0,15
combined,elastic_net,2005-2006,1836,216,combined_fasting_weight,model0_paired_combined,model4_combined,extended_calibration_slope,0.9781258590066747,0.979767482768174,0.0016416237614993445,0.07985191133494858,0.8355954464794504,1.1462377074290506,0.95,percentile,rao_wu_rescaled_bootstrap,2000,2000,1.0,15
combined,elastic_net,2005-2006,1836,216,combined_fasting_weight,model0_paired_combined,model4_combined,absolute_intercept_deviation_change,0.018806189713699874,-0.009039259715186928,-0.027845449428886802,0.0666651731802066,-0.14232674405813314,0.11040275587244931,0.95,percentile,rao_wu_rescaled_bootstrap,2000,2000,1.0,15
combined,elastic_net,2005-2006,1836,216,combined_fasting_weight,model0_paired_combined,model4_combined,absolute_slope_deviation_change,0.061203242887830966,0.02788559546207273,-0.03331764742575824,0.05171720865503138,-0.08641579870754168,0.10503170437942087,0.95,percentile,rao_wu_rescaled_bootstrap,2000,2000,1.0,15
combined,elastic_net,2007-2008,2337,288,combined_fasting_weight,model0_paired_combined,model4_combined,delta_AUROC,0.009568355490448655,0.010362770485811813,0.0007944149953631584,0.00687040120426364,0.00018778596836035796,0.022689845094336858,0.95,percentile,rao_wu_rescaled_bootstrap,2000,2000,1.0,16
combined,elastic_net,2007-2008,2337,288,combined_fasting_weight,model0_paired_combined,model4_combined,delta_PR_AUC,0.01936210618036255,0.022229732103006255,0.0028676259226437066,0.017312836337786474,-0.006113697819401592,0.059834147799729495,0.95,percentile,rao_wu_rescaled_bootstrap,2000,2000,1.0,16
combined,elastic_net,2007-2008,2337,288,combined_fasting_weight,model0_paired_combined,model4_combined,delta_Brier_improvement,0.0010884657359840344,0.0011321993650689624,4.373362908492804e-05,0.0011179178915998037,-0.0009743984426624139,0.0032636367438921817,0.95,percentile,rao_wu_rescaled_bootstrap,2000,2000,1.0,16
combined,elastic_net,2007-2008,2337,288,combined_fasting_weight,model0_paired_combined,model4_combined,delta_log_loss_improvement,0.004433612914517243,0.004551719869156609,0.00011810695463936559,0.0031752441833506387,-0.0014109872044521558,0.010972308602924183,0.95,percentile,rao_wu_rescaled_bootstrap,2000,2000,1.0,16
combined,elastic_net,2007-2008,2337,288,combined_fasting_weight,model0_paired_combined,model4_combined,core_calibration_intercept,0.08536096448356896,0.09243806782673507,0.007077103343166108,0.18719116552505535,-0.250981067061004,0.4341880076720056,0.95,percentile,rao_wu_rescaled_bootstrap,2000,2000,1.0,16
combined,elastic_net,2007-2008,2337,288,combined_fasting_weight,model0_paired_combined,model4_combined,extended_calibration_intercept,0.05039615478531352,0.06426365026684076,0.013867495481527242,0.1712651108585074,-0.25399316978756403,0.3974775744722877,0.95,percentile,rao_wu_rescaled_bootstrap,2000,2000,1.0,16
combined,elastic_net,2007-2008,2337,288,combined_fasting_weight,model0_paired_combined,model4_combined,core_calibration_slope,1.0347236697885005,1.0407949383463138,0.006071268557813259,0.07132282663426213,0.9154591186503751,1.1856945849972238,0.95,percentile,rao_wu_rescaled_bootstrap,2000,2000,1.0,16
combined,elastic_net,2007-2008,2337,288,combined_fasting_weight,model0_paired_combined,model4_combined,extended_calibration_slope,1.0221725867461962,1.031994246515137,0.009821659768940894,0.07385427943988294,0.9020161531400818,1.1889976717562583,0.95,percentile,rao_wu_rescaled_bootstrap,2000,2000,1.0,16
combined,elastic_net,2007-2008,2337,288,combined_fasting_weight,model0_paired_combined,model4_combined,absolute_intercept_deviation_change,0.03496480969825544,0.023975122363053335,-0.010989687335202104,0.06413530330896777,-0.09672244299648829,0.14259881305255315,0.95,percentile,rao_wu_rescaled_bootstrap,2000,2000,1.0,16
combined,elastic_net,2007-2008,2337,288,combined_fasting_weight,model0_paired_combined,model4_combined,absolute_slope_deviation_change,0.012551083042304345,0.003607727558081202,-0.008943355484223143,0.034793270483728246,-0.06905570926344319,0.06893163077114496,0.95,percentile,rao_wu_rescaled_bootstrap,2000,2000,1.0,16
combined,elastic_net,2009-2010,2594,273,combined_fasting_weight,model0_paired_combined,model4_combined,delta_AUROC,0.005229346756693842,0.005254163711432547,2.4816954738704315e-05,0.0036998138027532646,-0.0015331513963430258,0.012544708579519158,0.95,percentile,rao_wu_rescaled_bootstrap,2000,2000,1.0,16
combined,elastic_net,2009-2010,2594,273,combined_fasting_weight,model0_paired_combined,model4_combined,delta_PR_AUC,0.0034121036996984655,0.004854860129828005,0.0014427564301295395,0.01340947646904017,-0.020439334700298996,0.03115699302778315,0.95,percentile,rao_wu_rescaled_bootstrap,2000,2000,1.0,16
combined,elastic_net,2009-2010,2594,273,combined_fasting_weight,model0_paired_combined,model4_combined,delta_Brier_improvement,0.0005613712161818829,0.0005432025263333129,-1.8168689848570025e-05,0.0005655693055193566,-0.0005231820394062552,0.001648106976045884,0.95,percentile,rao_wu_rescaled_bootstrap,2000,2000,1.0,16
combined,elastic_net,2009-2010,2594,273,combined_fasting_weight,model0_paired_combined,model4_combined,delta_log_loss_improvement,0.002315726331705542,0.0022557449287903325,-5.9981402915209626e-05,0.00153956461176646,-0.0006035285959812333,0.005368387633579106,0.95,percentile,rao_wu_rescaled_bootstrap,2000,2000,1.0,16
combined,elastic_net,2009-2010,2594,273,combined_fasting_weight,model0_paired_combined,model4_combined,core_calibration_intercept,-0.16763073341904453,-0.1699536334780181,-0.002322900058973565,0.08658021142143091,-0.3511973202228825,-0.010563235702635052,0.95,percentile,rao_wu_rescaled_bootstrap,2000,2000,1.0,16
combined,elastic_net,2009-2010,2594,273,combined_fasting_weight,model0_paired_combined,model4_combined,extended_calibration_intercept,-0.1610416261780568,-0.16408630032609164,-0.0030446741480348316,0.09826608082918237,-0.358231427647039,0.027102546941498308,0.95,percentile,rao_wu_rescaled_bootstrap,2000,2000,1.0,16
combined,elastic_net,2009-2010,2594,273,combined_fasting_weight,model0_paired_combined,model4_combined,core_calibration_slope,0.9693975315895418,0.9702428659113955,0.0008453343218537412,0.030427101857884116,0.9136425237038313,1.0281676161872808,0.95,percentile,rao_wu_rescaled_bootstrap,2000,2000,1.0,16
combined,elastic_net,2009-2010,2594,273,combined_fasting_weight,model0_paired_combined,model4_combined,extended_calibration_slope,0.9569613279676353,0.9574632834967896,0.0005019555291542188,0.0324364434445065,0.8975865250442407,1.0206486737236262,0.95,percentile,rao_wu_rescaled_bootstrap,2000,2000,1.0,16
combined,elastic_net,2009-2010,2594,273,combined_fasting_weight,model0_paired_combined,model4_combined,absolute_intercept_deviation_change,0.006589107240987713,0.003360917657099665,-0.0032281895838880475,0.027258438547154876,-0.048911758929371725,0.057726719432242696,0.95,percentile,rao_wu_rescaled_bootstrap,2000,2000,1.0,16
combined,elastic_net,2009-2010,2594,273,combined_fasting_weight,model0_paired_combined,model4_combined,absolute_slope_deviation_change,-0.01243620362190645,-0.010491446021088023,0.0019447576008184263,0.016069201726395352,-0.040603459458429456,0.019897411145368114,0.95,percentile,rao_wu_rescaled_bootstrap,2000,2000,1.0,16
combined,elastic_net,2011-2012,2294,239,combined_fasting_weight,model0_paired_combined,model4_combined,delta_AUROC,0.0066550482356013685,0.006537067060350242,-0.00011798117525112662,0.003221686457085936,3.6019826131474206e-05,0.01235840762742883,0.95,percentile,rao_wu_rescaled_bootstrap,2000,2000,1.0,17
combined,elastic_net,2011-2012,2294,239,combined_fasting_weight,model0_paired_combined,model4_combined,delta_PR_AUC,0.02201545275501493,0.022540899114273275,0.0005254463592583442,0.011881249078259664,-0.00024560783269716313,0.04687058246721306,0.95,percentile,rao_wu_rescaled_bootstrap,2000,2000,1.0,17
combined,elastic_net,2011-2012,2294,239,combined_fasting_weight,model0_paired_combined,model4_combined,delta_Brier_improvement,0.001501073556298041,0.0014851280900570697,-1.5945466240971243e-05,0.0007385968672790223,5.7526355566405086e-05,0.002793766466354611,0.95,percentile,rao_wu_rescaled_bootstrap,2000,2000,1.0,17
combined,elastic_net,2011-2012,2294,239,combined_fasting_weight,model0_paired_combined,model4_combined,delta_log_loss_improvement,0.004144725368609298,0.004061809030262458,-8.291633834683985e-05,0.0017317626744280303,0.0006411739734117489,0.007210294977745667,0.95,percentile,rao_wu_rescaled_bootstrap,2000,2000,1.0,17
combined,elastic_net,2011-2012,2294,239,combined_fasting_weight,model0_paired_combined,model4_combined,core_calibration_intercept,-0.04368025486658256,-0.038769671991678405,0.004910582874904153,0.1313028926565985,-0.2834872490238185,0.22916729875945793,0.95,percentile,rao_wu_rescaled_bootstrap,2000,2000,1.0,17
combined,elastic_net,2011-2012,2294,239,combined_fasting_weight,model0_paired_combined,model4_combined,extended_calibration_intercept,-0.02002389462951555,-0.01877845436597005,0.0012454402635455018,0.13260439430294024,-0.26700805325165544,0.2501664596840181,0.95,percentile,rao_wu_rescaled_bootstrap,2000,2000,1.0,17
combined,elastic_net,2011-2012,2294,239,combined_fasting_weight,model0_paired_combined,model4_combined,core_calibration_slope,0.9109750364633603,0.9188885823537278,0.007913545890367524,0.08136023313948974,0.7831823739842454,1.0835273042249496,0.95,percentile,rao_wu_rescaled_bootstrap,2000,2000,1.0,17
combined,elastic_net,2011-2012,2294,239,combined_fasting_weight,model0_paired_combined,model4_combined,extended_calibration_slope,0.912200442024655,0.9178793003458923,0.005678858321237268,0.076969074431989,0.7875970786655434,1.0765630799468966,0.95,percentile,rao_wu_rescaled_bootstrap,2000,2000,1.0,17
combined,elastic_net,2011-2012,2294,239,combined_fasting_weight,model0_paired_combined,model4_combined,absolute_intercept_deviation_change,0.023656360237067006,0.0026289488880397267,-0.02102741134902728,0.03778000486696764,-0.07263599334335315,0.07103386715880342,0.95,percentile,rao_wu_rescaled_bootstrap,2000,2000,1.0,17
combined,elastic_net,2011-2012,2294,239,combined_fasting_weight,model0_paired_combined,model4_combined,absolute_slope_deviation_change,0.0012254055612946901,0.002189264273772132,0.0009638587124774418,0.016787027733423242,-0.03304094835414463,0.03468459276924693,0.95,percentile,rao_wu_rescaled_bootstrap,2000,2000,1.0,17
combined,elastic_net,2013-2014,2370,244,combined_fasting_weight,model0_paired_combined,model4_combined,delta_AUROC,0.0037145581308207776,0.004063135390205485,0.0003485772593847074,0.005105481956931898,-0.005003716571011251,0.014030985652156637,0.95,percentile,rao_wu_rescaled_bootstrap,2000,2000,1.0,15
combined,elastic_net,2013-2014,2370,244,combined_fasting_weight,model0_paired_combined,model4_combined,delta_PR_AUC,0.018490393343842615,0.020977544517819788,0.002487151173977173,0.019751707321690248,-0.01734727333203152,0.05617111481684992,0.95,percentile,rao_wu_rescaled_bootstrap,2000,2000,1.0,15
combined,elastic_net,2013-2014,2370,244,combined_fasting_weight,model0_paired_combined,model4_combined,delta_Brier_improvement,0.0016141680773976846,0.0016149006460236994,7.325686260147967e-07,0.0008996840428504289,-9.895818874955681e-05,0.0032964823332801794,0.95,percentile,rao_wu_rescaled_bootstrap,2000,2000,1.0,15
combined,elastic_net,2013-2014,2370,244,combined_fasting_weight,model0_paired_combined,model4_combined,delta_log_loss_improvement,0.0033570709703926727,0.003411396385664105,5.432541527143229e-05,0.0027129580374225144,-0.001712195417266124,0.00826617708231159,0.95,percentile,rao_wu_rescaled_bootstrap,2000,2000,1.0,15
combined,elastic_net,2013-2014,2370,244,combined_fasting_weight,model0_paired_combined,model4_combined,core_calibration_intercept,0.1728778828919373,0.16890840744804647,-0.003969475443890841,0.174011556069418,-0.15134546371790764,0.4723651465397834,0.95,percentile,rao_wu_rescaled_bootstrap,2000,2000,1.0,15
combined,elastic_net,2013-2014,2370,244,combined_fasting_weight,model0_paired_combined,model4_combined,extended_calibration_intercept,0.08754228889611378,0.0803985449829749,-0.007143743913138878,0.14381991486279538,-0.20205146284742945,0.3274579604168394,0.95,percentile,rao_wu_rescaled_bootstrap,2000,2000,1.0,15
combined,elastic_net,2013-2014,2370,244,combined_fasting_weight,model0_paired_combined,model4_combined,core_calibration_slope,1.1480926140439256,1.1534063914246868,0.00531377738076122,0.09790560531550718,0.9725018215774568,1.3573528325674937,0.95,percentile,rao_wu_rescaled_bootstrap,2000,2000,1.0,15
combined,elastic_net,2013-2014,2370,244,combined_fasting_weight,model0_paired_combined,model4_combined,extended_calibration_slope,1.1188491241776117,1.1224186313410518,0.0035695071634400666,0.08133977084457765,0.9727609496404748,1.2890563199889735,0.95,percentile,rao_wu_rescaled_bootstrap,2000,2000,1.0,15
combined,elastic_net,2013-2014,2370,244,combined_fasting_weight,model0_paired_combined,model4_combined,absolute_intercept_deviation_change,0.08533559399582354,0.06287663610122318,-0.022458957894600354,0.08707220908267277,-0.10696684523111115,0.22606858933138707,0.95,percentile,rao_wu_rescaled_bootstrap,2000,2000,1.0,15
combined,elastic_net,2013-2014,2370,244,combined_fasting_weight,model0_paired_combined,model4_combined,absolute_slope_deviation_change,0.029243489866313865,0.03106882417543131,0.0018253343091174448,0.04126223261174967,-0.042473167390795305,0.11642871171013194,0.95,percentile,rao_wu_rescaled_bootstrap,2000,2000,1.0,15
combined,elastic_net,2015-2016,2246,266,combined_fasting_weight,model0_paired_combined,model4_combined,delta_AUROC,0.008949320326612331,0.009071828672446696,0.00012250834583436496,0.003963049220105879,0.00146364527494379,0.017045947251649866,0.95,percentile,rao_wu_rescaled_bootstrap,2000,2000,1.0,15
combined,elastic_net,2015-2016,2246,266,combined_fasting_weight,model0_paired_combined,model4_combined,delta_PR_AUC,0.034871660282669525,0.03496767970311356,9.60194204440365e-05,0.009099038273422549,0.017783362601979068,0.05324734202462618,0.95,percentile,rao_wu_rescaled_bootstrap,2000,2000,1.0,15
combined,elastic_net,2015-2016,2246,266,combined_fasting_weight,model0_paired_combined,model4_combined,delta_Brier_improvement,0.0016879092869769297,0.001694996442546738,7.08715556980836e-06,0.000601290085324429,0.0005818156020273795,0.0028442296416982906,0.95,percentile,rao_wu_rescaled_bootstrap,2000,2000,1.0,15
combined,elastic_net,2015-2016,2246,266,combined_fasting_weight,model0_paired_combined,model4_combined,delta_log_loss_improvement,0.005539620171733706,0.005598021508029024,5.840133629531844e-05,0.0017783034154685332,0.002281202559570186,0.009102438568883637,0.95,percentile,rao_wu_rescaled_bootstrap,2000,2000,1.0,15
combined,elastic_net,2015-2016,2246,266,combined_fasting_weight,model0_paired_combined,model4_combined,core_calibration_intercept,0.06893065306342679,0.07426470117358074,0.005334048110153949,0.16760939941296013,-0.23966719750509236,0.4096041263993814,0.95,percentile,rao_wu_rescaled_bootstrap,2000,2000,1.0,15
combined,elastic_net,2015-2016,2246,266,combined_fasting_weight,model0_paired_combined,model4_combined,extended_calibration_intercept,0.10440412764792541,0.10787966083879623,0.003475533190870822,0.14789479498637245,-0.17002660167915837,0.3985886372521379,0.95,percentile,rao_wu_rescaled_bootstrap,2000,2000,1.0,15
combined,elastic_net,2015-2016,2246,266,combined_fasting_weight,model0_paired_combined,model4_combined,core_calibration_slope,1.0773942084573385,1.0813543001319763,0.0039600916746378445,0.06197050566136908,0.9694411199467,1.2102836839140816,0.95,percentile,rao_wu_rescaled_bootstrap,2000,2000,1.0,15
combined,elastic_net,2015-2016,2246,266,combined_fasting_weight,model0_paired_combined,model4_combined,extended_calibration_slope,1.0871372055198716,1.0905455037836291,0.0034082982637575476,0.04478375825401773,1.0105285050251411,1.18118061580781,0.95,percentile,rao_wu_rescaled_bootstrap,2000,2000,1.0,15
combined,elastic_net,2015-2016,2246,266,combined_fasting_weight,model0_paired_combined,model4_combined,absolute_intercept_deviation_change,-0.03547347458449862,-0.001187110910110669,0.03428636367438795,0.05045244871566956,-0.09280962282160876,0.099677386584888,0.95,percentile,rao_wu_rescaled_bootstrap,2000,2000,1.0,15
combined,elastic_net,2015-2016,2246,266,combined_fasting_weight,model0_paired_combined,model4_combined,absolute_slope_deviation_change,-0.00974299706253312,-0.005478992693476677,0.0042640043690564434,0.02165959296028141,-0.0424912194504405,0.04144509983575131,0.95,percentile,rao_wu_rescaled_bootstrap,2000,2000,1.0,15
combined,elastic_net,2017-2018,2279,287,combined_fasting_weight,model0_paired_combined,model4_combined,delta_AUROC,0.00374260049516395,0.003605903927106633,-0.00013669656805731728,0.004122187405472967,-0.0045484632089581615,0.011355677434054743,0.95,percentile,rao_wu_rescaled_bootstrap,2000,2000,1.0,15
combined,elastic_net,2017-2018,2279,287,combined_fasting_weight,model0_paired_combined,model4_combined,delta_PR_AUC,0.026567757519007085,0.02469597137719604,-0.0018717861418110458,0.01672078235590467,-0.00647834254029174,0.058174615786081775,0.95,percentile,rao_wu_rescaled_bootstrap,2000,2000,1.0,15
combined,elastic_net,2017-2018,2279,287,combined_fasting_weight,model0_paired_combined,model4_combined,delta_Brier_improvement,0.0005856394125219738,0.0005670293814938851,-1.8610031028088695e-05,0.0010977773349067025,-0.001590698670026915,0.0027021816379283587,0.95,percentile,rao_wu_rescaled_bootstrap,2000,2000,1.0,15
combined,elastic_net,2017-2018,2279,287,combined_fasting_weight,model0_paired_combined,model4_combined,delta_log_loss_improvement,0.0012108498845994076,0.0011286508152825521,-8.219906931685545e-05,0.0026624186807076523,-0.004001446667742725,0.006324085732277125,0.95,percentile,rao_wu_rescaled_bootstrap,2000,2000,1.0,15
combined,elastic_net,2017-2018,2279,287,combined_fasting_weight,model0_paired_combined,model4_combined,core_calibration_intercept,-0.1987602530811134,-0.19854682971066326,0.00021342337045013315,0.14638517273810808,-0.4948618058873006,0.071278045499148,0.95,percentile,rao_wu_rescaled_bootstrap,2000,2000,1.0,15
combined,elastic_net,2017-2018,2279,287,combined_fasting_weight,model0_paired_combined,model4_combined,extended_calibration_intercept,-0.21318941586401102,-0.2126522173278589,0.0005371985361521114,0.13037268156077916,-0.475770658571461,0.029628084782981737,0.95,percentile,rao_wu_rescaled_bootstrap,2000,2000,1.0,15
combined,elastic_net,2017-2018,2279,287,combined_fasting_weight,model0_paired_combined,model4_combined,core_calibration_slope,0.8858956257277609,0.8867377375079727,0.0008421117802117628,0.050114207213485265,0.7937102413222886,0.9818408673880636,0.95,percentile,rao_wu_rescaled_bootstrap,2000,2000,1.0,15
combined,elastic_net,2017-2018,2279,287,combined_fasting_weight,model0_paired_combined,model4_combined,extended_calibration_slope,0.859898128707458,0.8604111655275204,0.0005130368200624291,0.035383141708190326,0.7923658017547031,0.928591997047016,0.95,percentile,rao_wu_rescaled_bootstrap,2000,2000,1.0,15
combined,elastic_net,2017-2018,2279,287,combined_fasting_weight,model0_paired_combined,model4_combined,absolute_intercept_deviation_change,-0.014429162782897631,-0.008597367822398876,0.005831794960498755,0.037175893119153716,-0.08164738482987957,0.06301273599730449,0.95,percentile,rao_wu_rescaled_bootstrap,2000,2000,1.0,15
combined,elastic_net,2017-2018,2279,287,combined_fasting_weight,model0_paired_combined,model4_combined,absolute_slope_deviation_change,-0.025997497020302962,-0.026251020599698662,-0.0002535235793957001,0.021533866031140356,-0.06874284657674475,0.015052507971128922,0.95,percentile,rao_wu_rescaled_bootstrap,2000,2000,1.0,15
combined,xgboost,2005-2006,1836,216,combined_fasting_weight,model0_paired_combined,model4_combined,delta_AUROC,0.01102917527919034,0.010661403612635205,-0.0003677716665551351,0.006205135755541944,-0.0020953574324022108,0.021937771528296887,0.95,percentile,rao_wu_rescaled_bootstrap,2000,2000,1.0,15
combined,xgboost,2005-2006,1836,216,combined_fasting_weight,model0_paired_combined,model4_combined,delta_PR_AUC,0.058286239005872376,0.057810974899463276,-0.00047526410640909983,0.017208944882759886,0.028011715902865334,0.09526383318733143,0.95,percentile,rao_wu_rescaled_bootstrap,2000,2000,1.0,15
combined,xgboost,2005-2006,1836,216,combined_fasting_weight,model0_paired_combined,model4_combined,delta_Brier_improvement,0.0028321701627871537,0.0028226460258304648,-9.52413695668895e-06,0.0010125760787125294,0.0008759098282263936,0.0048213779061301,0.95,percentile,rao_wu_rescaled_bootstrap,2000,2000,1.0,15
combined,xgboost,2005-2006,1836,216,combined_fasting_weight,model0_paired_combined,model4_combined,delta_log_loss_improvement,0.008647462568579067,0.008607201514287902,-4.026105429116508e-05,0.003920155430179443,0.0009686497740929018,0.015963541206995724,0.95,percentile,rao_wu_rescaled_bootstrap,2000,2000,1.0,15
combined,xgboost,2005-2006,1836,216,combined_fasting_weight,model0_paired_combined,model4_combined,core_calibration_intercept,0.1921354460031956,0.19094768191538383,-0.0011877640878117657,0.13044403340592337,-0.06446275769948213,0.46057912586114835,0.95,percentile,rao_wu_rescaled_bootstrap,2000,2000,1.0,15
combined,xgboost,2005-2006,1836,216,combined_fasting_weight,model0_paired_combined,model4_combined,extended_calibration_intercept,0.21813272428590447,0.21662855771954462,-0.0015041665663598491,0.14486060155970554,-0.06419779333055911,0.49716653031342045,0.95,percentile,rao_wu_rescaled_bootstrap,2000,2000,1.0,15
combined,xgboost,2005-2006,1836,216,combined_fasting_weight,model0_paired_combined,model4_combined,core_calibration_slope,1.0130147382868342,1.0183564565582166,0.005341718271382412,0.08159772132980977,0.8776452085693018,1.1907731894101683,0.95,percentile,rao_wu_rescaled_bootstrap,2000,2000,1.0,15
combined,xgboost,2005-2006,1836,216,combined_fasting_weight,model0_paired_combined,model4_combined,extended_calibration_slope,1.0448695087750284,1.0496862525815227,0.004816743806494328,0.08196486513244461,0.9047233637392655,1.221463200668021,0.95,percentile,rao_wu_rescaled_bootstrap,2000,2000,1.0,15
combined,xgboost,2005-2006,1836,216,combined_fasting_weight,model0_paired_combined,model4_combined,absolute_intercept_deviation_change,-0.02599727828270887,-0.026511980034994352,-0.0005147017522854833,0.05157729713211583,-0.12889944456139618,0.07274617935543545,0.95,percentile,rao_wu_rescaled_bootstrap,2000,2000,1.0,15
combined,xgboost,2005-2006,1836,216,combined_fasting_weight,model0_paired_combined,model4_combined,absolute_slope_deviation_change,-0.031854770488194184,-0.009446868509548388,0.022407901978645797,0.037338875732769894,-0.08053390518238132,0.06132141921766652,0.95,percentile,rao_wu_rescaled_bootstrap,2000,2000,1.0,15
combined,xgboost,2007-2008,2337,288,combined_fasting_weight,model0_paired_combined,model4_combined,delta_AUROC,0.0074294471979365895,0.008388633868641577,0.0009591866707049871,0.007021650411142181,-0.0032452574558770784,0.02207435776944907,0.95,percentile,rao_wu_rescaled_bootstrap,2000,2000,1.0,16
combined,xgboost,2007-2008,2337,288,combined_fasting_weight,model0_paired_combined,model4_combined,delta_PR_AUC,0.024837522093207387,0.028671512385822495,0.003833990292615108,0.022045651425161013,-0.009360191836539451,0.07565016301913448,0.95,percentile,rao_wu_rescaled_bootstrap,2000,2000,1.0,16
combined,xgboost,2007-2008,2337,288,combined_fasting_weight,model0_paired_combined,model4_combined,delta_Brier_improvement,0.0014005074218821356,0.001439593347201462,3.908592531932649e-05,0.0012438922496991933,-0.0008659330127340187,0.0038569360103722144,0.95,percentile,rao_wu_rescaled_bootstrap,2000,2000,1.0,16
combined,xgboost,2007-2008,2337,288,combined_fasting_weight,model0_paired_combined,model4_combined,delta_log_loss_improvement,0.004815213869628049,0.004931590615895118,0.00011637674626706947,0.00397371595361232,-0.0024342402501092877,0.012784740586143907,0.95,percentile,rao_wu_rescaled_bootstrap,2000,2000,1.0,16
combined,xgboost,2007-2008,2337,288,combined_fasting_weight,model0_paired_combined,model4_combined,core_calibration_intercept,0.19575978196880822,0.201053364642406,0.00529358267359778,0.14949100487019132,-0.08103032490489884,0.483677894750729,0.95,percentile,rao_wu_rescaled_bootstrap,2000,2000,1.0,16
combined,xgboost,2007-2008,2337,288,combined_fasting_weight,model0_paired_combined,model4_combined,extended_calibration_intercept,0.25275110669628537,0.2674158215566639,0.014664714860378514,0.1379830188420752,0.0017687713979154176,0.538041237290837,0.95,percentile,rao_wu_rescaled_bootstrap,2000,2000,1.0,16
combined,xgboost,2007-2008,2337,288,combined_fasting_weight,model0_paired_combined,model4_combined,core_calibration_slope,1.0888872184926521,1.0936411742450896,0.004753955752437422,0.05943742775407751,0.9835725330596504,1.210853572852066,0.95,percentile,rao_wu_rescaled_bootstrap,2000,2000,1.0,16
combined,xgboost,2007-2008,2337,288,combined_fasting_weight,model0_paired_combined,model4_combined,extended_calibration_slope,1.1068823233672442,1.1172294135396286,0.010347090172384332,0.07392945159700196,0.9917439528970173,1.280527297854166,0.95,percentile,rao_wu_rescaled_bootstrap,2000,2000,1.0,16
combined,xgboost,2007-2008,2337,288,combined_fasting_weight,model0_paired_combined,model4_combined,absolute_intercept_deviation_change,-0.056991324727477144,-0.05614881538116855,0.0008425093463085911,0.07469115427665465,-0.21379313984876255,0.07451903742101294,0.95,percentile,rao_wu_rescaled_bootstrap,2000,2000,1.0,16
combined,xgboost,2007-2008,2337,288,combined_fasting_weight,model0_paired_combined,model4_combined,absolute_slope_deviation_change,-0.017995104874592105,-0.022925816145294757,-0.004930711270702652,0.046912252526730105,-0.13239840042720583,0.05298986068068495,0.95,percentile,rao_wu_rescaled_bootstrap,2000,2000,1.0,16
combined,xgboost,2009-2010,2594,273,combined_fasting_weight,model0_paired_combined,model4_combined,delta_AUROC,0.003701813043822333,0.003573383088903659,-0.00012842995491867387,0.0038128378991380864,-0.0032249307486947013,0.010605365600098192,0.95,percentile,rao_wu_rescaled_bootstrap,2000,2000,1.0,16
combined,xgboost,2009-2010,2594,273,combined_fasting_weight,model0_paired_combined,model4_combined,delta_PR_AUC,-0.018768852894082477,-0.015861696926837955,0.002907155967244522,0.01859246699775526,-0.0492801794015065,0.021565323420119503,0.95,percentile,rao_wu_rescaled_bootstrap,2000,2000,1.0,16
combined,xgboost,2009-2010,2594,273,combined_fasting_weight,model0_paired_combined,model4_combined,delta_Brier_improvement,-0.0003364556678396857,-0.00034494145715637566,-8.485789316689941e-06,0.0007470535921873043,-0.00169247120844188,0.0011246880845962933,0.95,percentile,rao_wu_rescaled_bootstrap,2000,2000,1.0,16
combined,xgboost,2009-2010,2594,273,combined_fasting_weight,model0_paired_combined,model4_combined,delta_log_loss_improvement,0.0006245867054658627,0.0005754576439270785,-4.912906153878424e-05,0.0020443064662972214,-0.003133319621450162,0.004399513169077174,0.95,percentile,rao_wu_rescaled_bootstrap,2000,2000,1.0,16
combined,xgboost,2009-2010,2594,273,combined_fasting_weight,model0_paired_combined,model4_combined,core_calibration_intercept,-0.07402577699473324,-0.07636706682596917,-0.0023412898312359237,0.09239188903322157,-0.2633741541788099,0.09602006310824707,0.95,percentile,rao_wu_rescaled_bootstrap,2000,2000,1.0,16
combined,xgboost,2009-2010,2594,273,combined_fasting_weight,model0_paired_combined,model4_combined,extended_calibration_intercept,-0.1691194595100671,-0.17250825680884843,-0.003388797298781332,0.10513494575878175,-0.38146076374783394,0.029248195612108587,0.95,percentile,rao_wu_rescaled_bootstrap,2000,2000,1.0,16
combined,xgboost,2009-2010,2594,273,combined_fasting_weight,model0_paired_combined,model4_combined,core_calibration_slope,1.005044232841052,1.006132583587597,0.0010883507465448972,0.03090393002081232,0.9453751979363173,1.0655540188769694,0.95,percentile,rao_wu_rescaled_bootstrap,2000,2000,1.0,16
combined,xgboost,2009-2010,2594,273,combined_fasting_weight,model0_paired_combined,model4_combined,extended_calibration_slope,0.936065424673493,0.9365693971306471,0.000503972457154167,0.03132705605554222,0.8757128413421277,0.9986358838451065,0.95,percentile,rao_wu_rescaled_bootstrap,2000,2000,1.0,16
combined,xgboost,2009-2010,2594,273,combined_fasting_weight,model0_paired_combined,model4_combined,absolute_intercept_deviation_change,-0.09509368251533386,-0.07930011827554609,0.01579356423978777,0.05853628923406408,-0.17177798031469688,0.06603861865533277,0.95,percentile,rao_wu_rescaled_bootstrap,2000,2000,1.0,16
combined,xgboost,2009-2010,2594,273,combined_fasting_weight,model0_paired_combined,model4_combined,absolute_slope_deviation_change,-0.058890342485454994,-0.038632662388945985,0.02025768009650901,0.03814128896977591,-0.09847663828430576,0.047747875761558985,0.95,percentile,rao_wu_rescaled_bootstrap,2000,2000,1.0,16
combined,xgboost,2011-2012,2294,239,combined_fasting_weight,model0_paired_combined,model4_combined,delta_AUROC,0.005864058237521674,0.005832427955914019,-3.16302816076551e-05,0.004015034813927944,-0.0017506965918011803,0.0140052787205798,0.95,percentile,rao_wu_rescaled_bootstrap,2000,2000,1.0,17
combined,xgboost,2011-2012,2294,239,combined_fasting_weight,model0_paired_combined,model4_combined,delta_PR_AUC,0.017148569429900673,0.018448538604591596,0.001299969174690923,0.013106478620106726,-0.005447522962837494,0.04363696235094174,0.95,percentile,rao_wu_rescaled_bootstrap,2000,2000,1.0,17
combined,xgboost,2011-2012,2294,239,combined_fasting_weight,model0_paired_combined,model4_combined,delta_Brier_improvement,0.0010340450565970855,0.0010517289134936813,1.768385689659589e-05,0.0006893886995359996,-0.0002212306586291058,0.002382525692174709,0.95,percentile,rao_wu_rescaled_bootstrap,2000,2000,1.0,17
combined,xgboost,2011-2012,2294,239,combined_fasting_weight,model0_paired_combined,model4_combined,delta_log_loss_improvement,0.0035654162968028758,0.0036024823912927635,3.70660944898878e-05,0.0019468205825037934,-9.220616139892278e-05,0.007335695597096162,0.95,percentile,rao_wu_rescaled_bootstrap,2000,2000,1.0,17
combined,xgboost,2011-2012,2294,239,combined_fasting_weight,model0_paired_combined,model4_combined,core_calibration_intercept,0.025677557352851394,0.029251071400327285,0.003573514047475891,0.1347559508578568,-0.21330225380032267,0.31809444422228755,0.95,percentile,rao_wu_rescaled_bootstrap,2000,2000,1.0,17
combined,xgboost,2011-2012,2294,239,combined_fasting_weight,model0_paired_combined,model4_combined,extended_calibration_intercept,0.061942753241164626,0.06876287606628219,0.0068201228251175625,0.15410681977808321,-0.20744260527263897,0.38423664541224584,0.95,percentile,rao_wu_rescaled_bootstrap,2000,2000,1.0,17
combined,xgboost,2011-2012,2294,239,combined_fasting_weight,model0_paired_combined,model4_combined,core_calibration_slope,0.9296720861332384,0.9371492227355943,0.007477136602355938,0.08869943635336218,0.7885480874613182,1.1237937265411486,0.95,percentile,rao_wu_rescaled_bootstrap,2000,2000,1.0,17
combined,xgboost,2011-2012,2294,239,combined_fasting_weight,model0_paired_combined,model4_combined,extended_calibration_slope,0.9442606412169443,0.952985735419155,0.008725094202210681,0.09328760698033058,0.802615162776998,1.1416355004039953,0.95,percentile,rao_wu_rescaled_bootstrap,2000,2000,1.0,17
combined,xgboost,2011-2012,2294,239,combined_fasting_weight,model0_paired_combined,model4_combined,absolute_intercept_deviation_change,-0.03626519588831323,-0.024175049416497025,0.012090146471816204,0.05697756526003812,-0.14709092111683933,0.07391320240737637,0.95,percentile,rao_wu_rescaled_bootstrap,2000,2000,1.0,17
combined,xgboost,2011-2012,2294,239,combined_fasting_weight,model0_paired_combined,model4_combined,absolute_slope_deviation_change,0.014588555083705934,0.003602489014639442,-0.010986066069066491,0.024191115294153742,-0.04615843331328643,0.05059031620770101,0.95,percentile,rao_wu_rescaled_bootstrap,2000,2000,1.0,17
combined,xgboost,2013-2014,2370,244,combined_fasting_weight,model0_paired_combined,model4_combined,delta_AUROC,-0.0011211778806164974,-0.0010206717036805612,0.00010050617693593616,0.0052867572909638325,-0.011261448121047185,0.008407380181483971,0.95,percentile,rao_wu_rescaled_bootstrap,2000,2000,1.0,15
combined,xgboost,2013-2014,2370,244,combined_fasting_weight,model0_paired_combined,model4_combined,delta_PR_AUC,0.029667175789824307,0.03038597221144254,0.0007187964216182341,0.020024151029925028,-0.00512524910016093,0.07243786823812375,0.95,percentile,rao_wu_rescaled_bootstrap,2000,2000,1.0,15
combined,xgboost,2013-2014,2370,244,combined_fasting_weight,model0_paired_combined,model4_combined,delta_Brier_improvement,0.001361367256224419,0.0013908085821605568,2.9441325936137948e-05,0.0009853867480850039,-0.0004259743438866205,0.0032442164920043442,0.95,percentile,rao_wu_rescaled_bootstrap,2000,2000,1.0,15
combined,xgboost,2013-2014,2370,244,combined_fasting_weight,model0_paired_combined,model4_combined,delta_log_loss_improvement,0.0019197711984326182,0.0020359904593051556,0.00011621926087253742,0.0029444676745763267,-0.0034630883678183635,0.007382565163937094,0.95,percentile,rao_wu_rescaled_bootstrap,2000,2000,1.0,15
combined,xgboost,2013-2014,2370,244,combined_fasting_weight,model0_paired_combined,model4_combined,core_calibration_intercept,0.08018304716911702,0.07700122088694215,-0.0031818262821748655,0.14561498358754962,-0.20166479500664913,0.3319235055856802,0.95,percentile,rao_wu_rescaled_bootstrap,2000,2000,1.0,15
combined,xgboost,2013-2014,2370,244,combined_fasting_weight,model0_paired_combined,model4_combined,extended_calibration_intercept,0.003995451488280998,-0.0009212746728423118,-0.00491672616112331,0.12191870855201448,-0.23597447227517596,0.21413335843283968,0.95,percentile,rao_wu_rescaled_bootstrap,2000,2000,1.0,15
combined,xgboost,2013-2014,2370,244,combined_fasting_weight,model0_paired_combined,model4_combined,core_calibration_slope,1.1170008469740702,1.1234685474042683,0.0064677004301980645,0.09304170917317978,0.9574819722712874,1.317397091305336,0.95,percentile,rao_wu_rescaled_bootstrap,2000,2000,1.0,15
combined,xgboost,2013-2014,2370,244,combined_fasting_weight,model0_paired_combined,model4_combined,extended_calibration_slope,1.0889461193840155,1.0950336632081266,0.00608754382411103,0.08180515026412369,0.9533627547021497,1.2733655608278722,0.95,percentile,rao_wu_rescaled_bootstrap,2000,2000,1.0,15
combined,xgboost,2013-2014,2370,244,combined_fasting_weight,model0_paired_combined,model4_combined,absolute_intercept_deviation_change,0.07618759568083602,0.03643932763283732,-0.039748268047998705,0.08157273591148176,-0.11272952576870583,0.18239232052461668,0.95,percentile,rao_wu_rescaled_bootstrap,2000,2000,1.0,15
combined,xgboost,2013-2014,2370,244,combined_fasting_weight,model0_paired_combined,model4_combined,absolute_slope_deviation_change,0.028054727590054673,0.026718883433961345,-0.0013358441560933285,0.037644977214883746,-0.04345753625959429,0.09810702378598457,0.95,percentile,rao_wu_rescaled_bootstrap,2000,2000,1.0,15
combined,xgboost,2015-2016,2246,266,combined_fasting_weight,model0_paired_combined,model4_combined,delta_AUROC,0.007273874565745575,0.007522378488495067,0.000248503922749492,0.0025830261262290537,0.0025952764378187666,0.012513159327549287,0.95,percentile,rao_wu_rescaled_bootstrap,2000,2000,1.0,15
combined,xgboost,2015-2016,2246,266,combined_fasting_weight,model0_paired_combined,model4_combined,delta_PR_AUC,0.03360000617969905,0.031328776364807485,-0.0022712298148915636,0.02232870871636107,-0.010730420366183827,0.06893531637953221,0.95,percentile,rao_wu_rescaled_bootstrap,2000,2000,1.0,15
combined,xgboost,2015-2016,2246,266,combined_fasting_weight,model0_paired_combined,model4_combined,delta_Brier_improvement,0.0015949181336033097,0.0015632881555203814,-3.1629978082928266e-05,0.000770594451279722,9.580704322594344e-05,0.0030106853750773554,0.95,percentile,rao_wu_rescaled_bootstrap,2000,2000,1.0,15
combined,xgboost,2015-2016,2246,266,combined_fasting_weight,model0_paired_combined,model4_combined,delta_log_loss_improvement,0.005147090496836287,0.005091085385180005,-5.6005111656282774e-05,0.001793669370665212,0.0016015809514012154,0.008511287134269447,0.95,percentile,rao_wu_rescaled_bootstrap,2000,2000,1.0,15
combined,xgboost,2015-2016,2246,266,combined_fasting_weight,model0_paired_combined,model4_combined,core_calibration_intercept,0.029384713397857528,0.04062509038545532,0.011240376987597795,0.18214202298635312,-0.3062472729532664,0.4062910989945399,0.95,percentile,rao_wu_rescaled_bootstrap,2000,2000,1.0,15
combined,xgboost,2015-2016,2246,266,combined_fasting_weight,model0_paired_combined,model4_combined,extended_calibration_intercept,0.12586058236525532,0.13096251410191825,0.005101931736662929,0.14378816405832334,-0.146304857375834,0.41258213582183373,0.95,percentile,rao_wu_rescaled_bootstrap,2000,2000,1.0,15
combined,xgboost,2015-2016,2246,266,combined_fasting_weight,model0_paired_combined,model4_combined,core_calibration_slope,1.1004014630029793,1.1090107589814715,0.008609295978492248,0.07978413957884721,0.9668336798826836,1.2747165040559172,0.95,percentile,rao_wu_rescaled_bootstrap,2000,2000,1.0,15
combined,xgboost,2015-2016,2246,266,combined_fasting_weight,model0_paired_combined,model4_combined,extended_calibration_slope,1.1434170462061783,1.1491470834563193,0.005730037250140985,0.06347947727244176,1.0338028157488133,1.2765610620628522,0.95,percentile,rao_wu_rescaled_bootstrap,2000,2000,1.0,15
combined,xgboost,2015-2016,2246,266,combined_fasting_weight,model0_paired_combined,model4_combined,absolute_intercept_deviation_change,-0.0964758689673978,-0.008984036772049642,0.08749183219534815,0.09173938445365479,-0.14466047945811322,0.1725218588208226,0.95,percentile,rao_wu_rescaled_bootstrap,2000,2000,1.0,15
combined,xgboost,2015-2016,2246,266,combined_fasting_weight,model0_paired_combined,model4_combined,absolute_slope_deviation_change,-0.04301558320319909,-0.0362126006595064,0.006802982543692694,0.031134139830731423,-0.08965534221311013,0.02532816092425634,0.95,percentile,rao_wu_rescaled_bootstrap,2000,2000,1.0,15
combined,xgboost,2017-2018,2279,287,combined_fasting_weight,model0_paired_combined,model4_combined,delta_AUROC,-0.008106753680702572,-0.008237109284437534,-0.00013035560373496173,0.003152680528752925,-0.014260456013034054,-0.002097432731243511,0.95,percentile,rao_wu_rescaled_bootstrap,2000,2000,1.0,15
combined,xgboost,2017-2018,2279,287,combined_fasting_weight,model0_paired_combined,model4_combined,delta_PR_AUC,-0.001820437737300229,-0.0002411739074477434,0.0015792638298524856,0.012524950278187374,-0.024223928015836685,0.02504287955049439,0.95,percentile,rao_wu_rescaled_bootstrap,2000,2000,1.0,15
combined,xgboost,2017-2018,2279,287,combined_fasting_weight,model0_paired_combined,model4_combined,delta_Brier_improvement,-0.0014417637155636348,-0.0014066472619805861,3.511645358304869e-05,0.0011669677164746872,-0.0038356181008259893,0.0008594873133426838,0.95,percentile,rao_wu_rescaled_bootstrap,2000,2000,1.0,15
combined,xgboost,2017-2018,2279,287,combined_fasting_weight,model0_paired_combined,model4_combined,delta_log_loss_improvement,-0.0057377784547072985,-0.005684837505538002,5.2940949169296564e-05,0.0024465171217620987,-0.010723395871525479,-0.0011123576257329227,0.95,percentile,rao_wu_rescaled_bootstrap,2000,2000,1.0,15
combined,xgboost,2017-2018,2279,287,combined_fasting_weight,model0_paired_combined,model4_combined,core_calibration_intercept,-0.2660737058986605,-0.2643615913553638,0.0017121145432966722,0.1682963066009164,-0.5867090821744164,0.049813868460002964,0.95,percentile,rao_wu_rescaled_bootstrap,2000,2000,1.0,15
combined,xgboost,2017-2018,2279,287,combined_fasting_weight,model0_paired_combined,model4_combined,extended_calibration_intercept,-0.3742472545287985,-0.369308723538104,0.0049385309906944674,0.16114510214628214,-0.6827415436513593,-0.06492451036003008,0.95,percentile,rao_wu_rescaled_bootstrap,2000,2000,1.0,15
combined,xgboost,2017-2018,2279,287,combined_fasting_weight,model0_paired_combined,model4_combined,core_calibration_slope,0.8588814226538466,0.8610229759324892,0.0021415532786426272,0.061510708933022545,0.7469960421689883,0.9812329993144534,0.95,percentile,rao_wu_rescaled_bootstrap,2000,2000,1.0,15
combined,xgboost,2017-2018,2279,287,combined_fasting_weight,model0_paired_combined,model4_combined,extended_calibration_slope,0.7831014805790432,0.7858655754357774,0.002764094856734234,0.047528915523126214,0.694996015098856,0.8800781248447769,0.95,percentile,rao_wu_rescaled_bootstrap,2000,2000,1.0,15
combined,xgboost,2017-2018,2279,287,combined_fasting_weight,model0_paired_combined,model4_combined,absolute_intercept_deviation_change,-0.108173548630138,-0.09897952323096064,0.009194025399177366,0.05068423303601584,-0.1929074950753703,0.0017823844520372407,0.95,percentile,rao_wu_rescaled_bootstrap,2000,2000,1.0,15
combined,xgboost,2017-2018,2279,287,combined_fasting_weight,model0_paired_combined,model4_combined,absolute_slope_deviation_change,-0.07577994207480343,-0.07503332287966552,0.0007466191951379098,0.024042621664946022,-0.1268460429536711,-0.03125652220549899,0.95,percentile,rao_wu_rescaled_bootstrap,2000,2000,1.0,15
