target_population,comparison_sample,model,model_label,algorithm,cycle,n,events,weight_variable,classification_threshold,classification_threshold_type,survey_weighted_AUROC,survey_weighted_PR_AUC,unweighted_AUROC,unweighted_PR_AUC,weighted_Brier,weighted_log_loss,unweighted_Brier,unweighted_log_loss,calibration_intercept,calibration_slope,observed_expected_ratio,weighted_observed_prevalence,weighted_mean_predicted_probability,calibration_in_the_large,sensitivity,specificity,PPV,NPV,F1,uacr_method
fasting subsample,combined comparison sample,model0_paired_combined,Model 0 paired combined sample,elastic_net,2005-2006,1814,206,combined_fasting_weight,0.5,fixed_0.50,0.8255542492096701,0.3396635980597726,0.8220759068734,0.3714405155348019,0.0708552872865976,0.2459437236499289,0.084883008015818,0.2829768935695795,-0.0858222646933286,0.8974404569480638,1.075367800166139,0.0922601761927907,0.0857940661590732,0.0797607994919449,0.1359223300970873,0.9800995024875622,0.4666666666666667,0.8985176738882554,0.2105263157894736,complete_case_refit
fasting subsample,combined comparison sample,model4_combined,Model 4 combined biomarkers,elastic_net,2005-2006,1814,206,combined_fasting_weight,0.5,fixed_0.50,0.8406449898606834,0.3905858253202477,0.8359808964884317,0.4145790869745187,0.068183498708493,0.2365092477925607,0.0821942625333044,0.2739454083448747,-0.0200938137235446,0.9614508608225204,1.0343372788096972,0.0922601761927907,0.0891973808572022,0.0371293212543557,0.2135922330097087,0.9751243781094528,0.5238095238095238,0.9063583815028902,0.3034482758620689,complete_case_refit
fasting subsample,combined comparison sample,model0_paired_combined,Model 0 paired combined sample,elastic_net,2007-2008,2295,273,combined_fasting_weight,0.5,fixed_0.50,0.8520626297919949,0.3802267473251233,0.8181396579022693,0.372364086543986,0.0644623345394707,0.2226242564253039,0.0880446745171183,0.2926677384951412,0.090365904328392,1.0314875423793948,1.0269136612116032,0.0874164260948351,0.0851253901829458,0.0290652068146477,0.1282051282051282,0.9812067260138476,0.4794520547945205,0.8928892889288929,0.2023121387283237,complete_case_refit
fasting subsample,combined comparison sample,model4_combined,Model 4 combined biomarkers,elastic_net,2007-2008,2295,273,combined_fasting_weight,0.5,fixed_0.50,0.8618592098722043,0.4004387619362676,0.8302953228769253,0.4020655241326673,0.0635726184976649,0.2185718497908065,0.0861100908380407,0.2859973262234444,0.0379335397411997,1.0118935798212685,1.0125117939609125,0.0874164260948351,0.0863362052829676,0.0136171634896911,0.1904761904761904,0.9772502472799208,0.5306122448979592,0.8994082840236687,0.2803234501347709,complete_case_refit
fasting subsample,combined comparison sample,model0_paired_combined,Model 0 paired combined sample,elastic_net,2009-2010,2567,262,combined_fasting_weight,0.5,fixed_0.50,0.8380721943831393,0.3457038623727089,0.8402510307827324,0.3891685457535655,0.0614595127973662,0.2164467347609403,0.0748368463078419,0.2534489437200771,-0.1581409335599736,0.972070985202548,0.9196666432417182,0.0796182921568201,0.0865729911396752,-0.091329032829341,0.1717557251908397,0.9852494577006508,0.569620253164557,0.9127813504823152,0.2639296187683284,complete_case_refit
fasting subsample,combined comparison sample,model4_combined,Model 4 combined biomarkers,elastic_net,2009-2010,2567,262,combined_fasting_weight,0.5,fixed_0.50,0.8432333886925255,0.352136410831571,0.8461707870378037,0.3970671239521602,0.0608785499541197,0.2141436885926155,0.074008347692038,0.2503369452718935,-0.1452177281708853,0.959578882867494,0.9455718237422716,0.0796182921568201,0.0842012104820513,-0.0609572353800458,0.1908396946564885,0.980477223427332,0.5263157894736842,0.9142394822006472,0.2801120448179272,complete_case_refit
fasting subsample,combined comparison sample,model0_paired_combined,Model 0 paired combined sample,elastic_net,2011-2012,2273,229,combined_fasting_weight,0.5,fixed_0.50,0.8277344972318659,0.3631880328643487,0.8208346507832062,0.3376760885886264,0.0711344041001122,0.247198630137729,0.0781149346489981,0.2645766897206809,-0.0678136953304413,0.9014063237827912,1.0810635063523684,0.0943576294506014,0.0872822261561439,0.0857275043416474,0.1572052401746725,0.9843444227005872,0.5294117647058824,0.912471655328798,0.2424242424242424,complete_case_refit
fasting subsample,combined comparison sample,model4_combined,Model 4 combined biomarkers,elastic_net,2011-2012,2273,229,combined_fasting_weight,0.5,fixed_0.50,0.8340442598336306,0.3856052012216597,0.8279446072859963,0.3559093724111224,0.0697723454256272,0.2433684997513867,0.0769050992086535,0.2612358885228769,-0.0488302966431609,0.9007103872616409,1.09702693910761,0.0943576294506014,0.0860121352419638,0.101776538737385,0.1790393013100436,0.9784735812133072,0.4823529411764706,0.9140767824497258,0.2611464968152866,complete_case_refit
fasting subsample,combined comparison sample,model0_paired_combined,Model 0 paired combined sample,elastic_net,2013-2014,2342,236,combined_fasting_weight,0.5,fixed_0.50,0.8663601324656852,0.4012850815564672,0.8447514768136238,0.3998667886211882,0.0627830049830822,0.2152756466388243,0.0737030621391107,0.2487917966701143,0.165682517724127,1.1456919734110114,0.9499704953679116,0.0862164379157801,0.0907569638595876,-0.0563056678853617,0.1398305084745762,0.9857549857549858,0.5238095238095238,0.9109258446687144,0.2207357859531772,complete_case_refit
fasting subsample,combined comparison sample,model4_combined,Model 4 combined biomarkers,elastic_net,2013-2014,2342,236,combined_fasting_weight,0.5,fixed_0.50,0.8719647088963062,0.4251552648090884,0.8565458657266567,0.4257431822794929,0.0608837109069719,0.2109188071737698,0.0713219565488016,0.2418559938053993,0.1036527470843119,1.1328912314588897,0.9260046433083796,0.0862164379157801,0.0931058375773912,-0.0844440168323439,0.2076271186440678,0.9848053181386516,0.6049382716049383,0.9172932330827068,0.3091482649842271,complete_case_refit
fasting subsample,combined comparison sample,model0_paired_combined,Model 0 paired combined sample,elastic_net,2015-2016,2222,261,combined_fasting_weight,0.5,fixed_0.50,0.8634287312981099,0.3765019686795234,0.8313121188853134,0.3767445077711179,0.0659754690419489,0.2234775621154666,0.0862262628668376,0.2833665340869852,0.1435154634656124,1.124219311226928,0.9597214300743364,0.0895671647115393,0.0933262110283416,-0.0452496171637926,0.1226053639846743,0.9847016828148905,0.5161290322580645,0.8939814814814815,0.198142414860681,complete_case_refit
fasting subsample,combined comparison sample,model4_combined,Model 4 combined biomarkers,elastic_net,2015-2016,2222,261,combined_fasting_weight,0.5,fixed_0.50,0.8719546315016242,0.4104850242528574,0.8435644492898884,0.4097960861563935,0.0642833702160214,0.218143119760751,0.083647107257535,0.2759407072872798,0.1721789061185418,1.1280557795058577,0.9753017009775444,0.0895671647115393,0.0918353414351336,-0.0275028443600322,0.160919540229885,0.9806221315655278,0.525,0.8977591036414566,0.2463343108504398,complete_case_refit
fasting subsample,combined comparison sample,model0_paired_combined,Model 0 paired combined sample,elastic_net,2017-2018,2250,277,combined_fasting_weight,0.5,fixed_0.50,0.829685692437289,0.3373698996976763,0.818314392310634,0.3809940209091277,0.0759364061696354,0.2555667261466158,0.0917436431173374,0.2999483340419629,-0.1953772746594096,0.8861062647204894,0.9911882708073768,0.0980661158727433,0.098937930119838,-0.0098178550208749,0.2021660649819494,0.9706031424227064,0.4912280701754385,0.8965355805243446,0.2864450127877238,complete_case_refit
fasting subsample,combined comparison sample,model4_combined,Model 4 combined biomarkers,elastic_net,2017-2018,2250,277,combined_fasting_weight,0.5,fixed_0.50,0.8314749460728517,0.3601432298082107,0.8297869615257235,0.4133573771676502,0.0756575965498204,0.2552528638717736,0.0893987721692078,0.2933406077324627,-0.2214762408488047,0.8519985873781852,1.017638440916044,0.0980661158727433,0.0963663634644811,0.0193674796945342,0.223826714801444,0.969589457678662,0.5081967213114754,0.8989661654135338,0.3107769423558897,complete_case_refit
fasting subsample,combined comparison sample,model0_paired_combined,Model 0 paired combined sample,xgboost,2005-2006,1814,206,combined_fasting_weight,0.5,fixed_0.50,0.833607319273701,0.3676569828634021,0.8276457518234073,0.3868971816189673,0.0700117212048483,0.2425770166778456,0.0836259201169014,0.2788427099944054,0.1365342926792694,0.9882350148825004,1.1279829309057106,0.0922601761927907,0.0817921740346821,0.131896975839898,0.1407766990291262,0.9875621890547264,0.5918367346938775,0.8997167138810198,0.2274509803921569,complete_case_refit
fasting subsample,combined comparison sample,model4_combined,Model 4 combined biomarkers,xgboost,2005-2006,1814,206,combined_fasting_weight,0.5,fixed_0.50,0.8452328320774145,0.4289224827418935,0.8415416847799836,0.4512310384347316,0.0673066895450267,0.2337389018942342,0.0803156718611717,0.2684448307729574,0.1808105591011417,1.0295664898449055,1.098583420499719,0.0922601761927907,0.083981038190822,0.1031008155728234,0.1796116504854369,0.9856965174129352,0.6166666666666667,0.903648802736602,0.2781954887218045,complete_case_refit
fasting subsample,combined comparison sample,model0_paired_combined,Model 0 paired combined sample,xgboost,2007-2008,2295,273,combined_fasting_weight,0.5,fixed_0.50,0.8612609080615151,0.3908457116834005,0.8261142089035264,0.3874182460825918,0.064012969046753,0.2196828966690912,0.0869446098804473,0.2877105429003235,0.1821241647226701,1.0724314222133964,1.0417722762394517,0.0874164260948351,0.0839112616918425,0.0447569413312178,0.1355311355311355,0.9846686449060336,0.5441176470588235,0.8940278401436911,0.2170087976539589,complete_case_refit
fasting subsample,combined comparison sample,model4_combined,Model 4 combined biomarkers,xgboost,2007-2008,2295,273,combined_fasting_weight,0.5,fixed_0.50,0.8702430521026198,0.4169996877762612,0.8378532117404521,0.4225570636561144,0.0626343830528978,0.2146557979030465,0.0843857079744339,0.2796347555175268,0.2439354179168903,1.0925834675026451,1.061177596219825,0.0874164260948351,0.0823768108243463,0.064886399260327,0.1501831501831501,0.9841740850642928,0.5616438356164384,0.8955895589558955,0.2369942196531791,complete_case_refit
fasting subsample,combined comparison sample,model0_paired_combined,Model 0 paired combined sample,xgboost,2009-2010,2567,262,combined_fasting_weight,0.5,fixed_0.50,0.8336100910606442,0.3674221347928496,0.838588531403686,0.403978960996021,0.0605788769948914,0.2161376132672161,0.0741382092237472,0.2531246688198856,-0.0959743827007107,0.9911659545010224,0.940541185563935,0.0796182921568201,0.0846515744114726,-0.0667835381035946,0.1526717557251908,0.9891540130151844,0.6153846153846154,0.9112709832134293,0.2446483180428134,complete_case_refit
fasting subsample,combined comparison sample,model4_combined,Model 4 combined biomarkers,xgboost,2009-2010,2567,262,combined_fasting_weight,0.5,fixed_0.50,0.8363704052225247,0.3533524803789901,0.8435213856369327,0.4026068714881113,0.0610887196312884,0.2159677263587112,0.0741756781935691,0.2513165083185562,-0.1836298779501018,0.9287474201860576,0.9574018528409828,0.0796182921568201,0.083160787625971,-0.0473884346071051,0.1984732824427481,0.9813449023861172,0.5473684210526316,0.9150485436893204,0.2913165266106443,complete_case_refit
fasting subsample,combined comparison sample,model0_paired_combined,Model 0 paired combined sample,xgboost,2011-2012,2273,229,combined_fasting_weight,0.5,fixed_0.50,0.8225566999398114,0.3620488832734944,0.8206252830736889,0.3527045619351826,0.0718608937358594,0.2499746509985823,0.0771743431687355,0.2624120622973058,0.0143366025644643,0.9224684911431632,1.1256710706669042,0.0943576294506014,0.0838234471058221,0.1299439608900185,0.131004366812227,0.9867906066536204,0.5263157894736842,0.9101985559566786,0.2097902097902098,complete_case_refit
fasting subsample,combined comparison sample,model4_combined,Model 4 combined biomarkers,xgboost,2011-2012,2273,229,combined_fasting_weight,0.5,fixed_0.50,0.826787700448123,0.3788749140833789,0.8273357318042368,0.3652163696450675,0.0709890317688204,0.2474063763004897,0.0763057768344879,0.2595972498503135,0.04516604985576,0.9289756073465107,1.140781354095598,0.0943576294506014,0.0827131589343054,0.1444891594587845,0.1615720524017467,0.9818982387475538,0.5,0.91268758526603,0.2442244224422441,complete_case_refit
fasting subsample,combined comparison sample,model0_paired_combined,Model 0 paired combined sample,xgboost,2013-2014,2342,236,combined_fasting_weight,0.5,fixed_0.50,0.8665422792997972,0.4139093440380756,0.8477111400840215,0.4013316136731314,0.0620826550190238,0.2144723178635113,0.0730081722140312,0.2473270979829178,0.1123376011320435,1.1361547641415517,0.9266831854313408,0.0862164379157801,0.093037663001999,-0.08363635111629,0.1864406779661017,0.9862298195631528,0.6027397260273972,0.9153812252093432,0.284789644012945,complete_case_refit
fasting subsample,combined comparison sample,model4_combined,Model 4 combined biomarkers,xgboost,2013-2014,2342,236,combined_fasting_weight,0.5,fixed_0.50,0.8684119711162044,0.449540435008086,0.8561152960870475,0.4377735572173061,0.0604865208034552,0.2110927798882141,0.0707940980792045,0.2410856578955545,0.0856213065200915,1.1295358558032682,0.9186273952520568,0.0862164379157801,0.0938535453671329,-0.0932674824610413,0.2288135593220339,0.9843304843304844,0.6206896551724138,0.9192904656319292,0.3343653250773994,complete_case_refit
fasting subsample,combined comparison sample,model0_paired_combined,Model 0 paired combined sample,xgboost,2015-2016,2222,261,combined_fasting_weight,0.5,fixed_0.50,0.865462865423458,0.3986948396137216,0.8374255843351484,0.3979687328458545,0.0645640337714026,0.221330807611377,0.0840160623192787,0.2783751721692475,0.114207738882839,1.1524118338735894,0.9153242307193112,0.0895671647115393,0.097852937468019,-0.09761950828964,0.1455938697318007,0.98419173890872,0.5507246376811594,0.8964235949837436,0.2303030303030303,complete_case_refit
fasting subsample,combined comparison sample,model4_combined,Model 4 combined biomarkers,xgboost,2015-2016,2222,261,combined_fasting_weight,0.5,fixed_0.50,0.873911860090062,0.4354945997564661,0.8489979895314963,0.4321413368942177,0.0627658098496906,0.2158033332038731,0.0814312025904655,0.2707046973824757,0.1942755244345553,1.1882301439779206,0.932097017249436,0.0895671647115393,0.0960921052787475,-0.0775110347244947,0.1800766283524904,0.9831718510963794,0.5875,0.900093370681606,0.2756598240469208,complete_case_refit
fasting subsample,combined comparison sample,model0_paired_combined,Model 0 paired combined sample,xgboost,2017-2018,2250,277,combined_fasting_weight,0.5,fixed_0.50,0.8246379975413023,0.3173444595157009,0.8141297406687026,0.3639178627280331,0.0769186856033633,0.259179508317179,0.0927616953849792,0.3033472853733407,-0.2772449191704758,0.849444975924597,0.9743817874272134,0.0980661158727433,0.1006444467026421,-0.0288148365027041,0.1841155234657039,0.966548403446528,0.4358974358974359,0.8940459446788561,0.2588832487309645,complete_case_refit
fasting subsample,combined comparison sample,model4_combined,Model 4 combined biomarkers,xgboost,2017-2018,2250,277,combined_fasting_weight,0.5,fixed_0.50,0.8185322601449264,0.3283550264166676,0.8197306233429273,0.398221561349396,0.0782559936508476,0.2639655553685761,0.0916457846760749,0.3001774334090171,-0.3729456468628008,0.7820611607537021,0.9898700494490678,0.0980661158727433,0.0990696869021585,-0.0112949151708252,0.2382671480144404,0.9655347187024836,0.4925373134328358,0.9002835538752363,0.3211678832116789,complete_case_refit
MEC examination sample,core MEC target sample,model0_core,Model 0 core clinical,elastic_net,2005-2006,4305,495,combined_mec_weight,0.5,fixed_0.50,0.846787216075961,0.3680048861755281,0.8378981415201887,0.3969790644429845,0.0647393324495062,0.2249662620894263,0.0828262291783178,0.2756545729874116,0.1254936723698448,1.0023003239445007,1.095184061087872,0.0867706261782064,0.0792292631541908,0.0991464382686864,0.1313131313131313,0.9858267716535432,0.5462184873949579,0.8972766364070712,0.2117263843648208,complete_case_refit
MEC examination sample,core MEC target sample,model0_core,Model 0 core clinical,elastic_net,2007-2008,5467,626,combined_mec_weight,0.5,fixed_0.50,0.8475188980187026,0.365857250175191,0.8230189680398989,0.3650717194218437,0.0625412764840933,0.2179287668042995,0.085323275260117,0.2833204315924624,0.0310974940691428,1.0092398181598186,1.0112307860795016,0.0832118400500983,0.0822876846666299,0.012175717220487,0.1166134185303514,0.9843007643048955,0.4899328859060403,0.8960135389244077,0.1883870967741935,complete_case_refit
MEC examination sample,core MEC target sample,model0_core,Model 0 core clinical,elastic_net,2009-2010,5860,617,combined_mec_weight,0.5,fixed_0.50,0.8446291298664512,0.3457925431210616,0.839638001552429,0.3852226825991732,0.0617931675475706,0.215493384310052,0.0773879350379662,0.2594407455606254,-0.1518607193671436,0.9546608415271964,0.946014674556558,0.0801519788171177,0.0847259360481789,-0.060482115992956,0.1620745542949757,0.9820713332061796,0.5154639175257731,0.9087539710554184,0.2466091245376078,complete_case_refit
MEC examination sample,core MEC target sample,model0_core,Model 0 core clinical,elastic_net,2011-2012,5143,515,combined_mec_weight,0.5,fixed_0.50,0.8352909416904049,0.3549743202899936,0.8272515964454441,0.3495193958506722,0.0635769248149757,0.224098217471024,0.0764690344246816,0.259173373699948,-0.0914134688059647,0.9401316709668492,1.010506627381745,0.0836135229914651,0.0827441609246151,0.0114000515986072,0.1262135922330097,0.9857389801210026,0.4961832061068702,0.9102154828411811,0.2012383900928792,complete_case_refit
MEC examination sample,core MEC target sample,model0_core,Model 0 core clinical,elastic_net,2013-2014,5403,543,combined_mec_weight,0.5,fixed_0.50,0.843375715137635,0.3605443357530484,0.8361817823553039,0.3815830515748404,0.0646352915278697,0.2241014575375213,0.0747471923494463,0.2530705225589499,-0.0531535771532043,0.9889442167893588,0.9743883792846496,0.0852595184918081,0.0875005493747798,-0.0283982229960479,0.1215469613259668,0.9880658436213992,0.532258064516129,0.9096419776472816,0.1979010494752623,complete_case_refit
MEC examination sample,core MEC target sample,model0_core,Model 0 core clinical,elastic_net,2015-2016,5279,570,combined_mec_weight,0.5,fixed_0.50,0.8631982461200023,0.35544840690617,0.8419640628434538,0.3698974226617596,0.0638258474659039,0.2166420206505629,0.0796073309311628,0.263362078213466,0.060450906119013,1.0741696602601252,0.9558860537537808,0.0850460848616238,0.0889709443166855,-0.049415470681732,0.1228070175438596,0.9864090040348268,0.5223880597014925,0.902818270165209,0.1988636363636363,complete_case_refit
MEC examination sample,core MEC target sample,model0_core,Model 0 core clinical,elastic_net,2017-2018,5073,613,combined_mec_weight,0.5,fixed_0.50,0.8493475990528137,0.3644303992754445,0.8237609638695235,0.3785663683163858,0.0705218931669822,0.2377479384901906,0.089071609485122,0.2924182162135768,0.0104056095332158,0.993822873788151,1.015216629872819,0.0941357559926068,0.0927247970754771,0.0166583895807614,0.1517128874388254,0.9807174887892376,0.5195530726256983,0.8937474458520638,0.2348484848484848,complete_case_refit
MEC examination sample,core MEC target sample,model0_core,Model 0 core clinical,xgboost,2005-2006,4305,495,combined_mec_weight,0.5,fixed_0.50,0.8497309833961051,0.4004596514976404,0.8423470929770144,0.4262100516097137,0.0643737098490729,0.2235320843875536,0.0821814239025116,0.2728365907924624,0.3467989901650132,1.0880055365645127,1.1480671207192097,0.0867706261782064,0.0755797501838122,0.1502594678235409,0.103030303030303,0.9921259842519684,0.6296296296296297,0.8948863636363636,0.1770833333333333,complete_case_refit
MEC examination sample,core MEC target sample,model0_core,Model 0 core clinical,xgboost,2007-2008,5467,626,combined_mec_weight,0.5,fixed_0.50,0.8588319296537457,0.3882724877093355,0.8324600902963438,0.3898314388290863,0.0616070179314106,0.213289850777591,0.0836897641420364,0.277071358392353,0.1995657169530936,1.0911738945851996,1.0300378327711055,0.0832118400500983,0.0807852269136891,0.0322388991587279,0.0990415335463258,0.989464986573022,0.5486725663716814,0.8946581994770265,0.1677943166441136,complete_case_refit
MEC examination sample,core MEC target sample,model0_core,Model 0 core clinical,xgboost,2009-2010,5860,617,combined_mec_weight,0.5,fixed_0.50,0.8491575834297893,0.3490526376287068,0.8424465622296117,0.3850175317370183,0.061122330466716,0.2131856412489557,0.0768231675028801,0.2576668457385695,-0.037394262475409,1.0116829576924091,0.9575640292211592,0.0801519788171177,0.0837040410575049,-0.0472317391734296,0.1280388978930308,0.9874117871447644,0.5448275862068965,0.90586176727909,0.2073490813648294,complete_case_refit
MEC examination sample,core MEC target sample,model0_core,Model 0 core clinical,xgboost,2011-2012,5143,515,combined_mec_weight,0.5,fixed_0.50,0.8378014459507984,0.342792898000525,0.8300429634726569,0.3479840640676301,0.063913419195306,0.2240565986627215,0.076108194887638,0.2576651709850641,-0.0851262543633676,0.925547771036433,1.0360527346413375,0.0836135229914651,0.0807039257711245,0.0385880913508347,0.1106796116504854,0.9872515125324114,0.4913793103448275,0.9088919832902328,0.1806656101426307,complete_case_refit
MEC examination sample,core MEC target sample,model0_core,Model 0 core clinical,xgboost,2013-2014,5403,543,combined_mec_weight,0.5,fixed_0.50,0.8438081593480409,0.3730714981498312,0.8358130792957885,0.3815578076332618,0.0643713098718365,0.2236231216697209,0.074609950184822,0.253099192734259,-0.1848928850853222,0.9322091879364652,0.9456936392501712,0.0852595184918081,0.0901555376426232,-0.0612033448162034,0.154696132596685,0.987037037037037,0.5714285714285714,0.9126712328767124,0.2434782608695652,complete_case_refit
MEC examination sample,core MEC target sample,model0_core,Model 0 core clinical,xgboost,2015-2016,5279,570,combined_mec_weight,0.5,fixed_0.50,0.8682067525362487,0.3738996422570731,0.8468721708710085,0.3946848743621265,0.062733055282705,0.2137957069111207,0.0780516937375068,0.2594420466662209,0.0605464807021924,1.0864207706052027,0.943872415544058,0.0850460848616238,0.090103369333664,-0.0633069726497139,0.143859649122807,0.984922488851136,0.5359477124183006,0.9047990635973469,0.2268326417704011,complete_case_refit
MEC examination sample,core MEC target sample,model0_core,Model 0 core clinical,xgboost,2017-2018,5073,613,combined_mec_weight,0.5,fixed_0.50,0.8490702517603254,0.3627117048068219,0.8219516967936853,0.3671967124911225,0.0702343026811018,0.2376146517819967,0.089359775185585,0.2933348203888979,0.0028785362915465,1.002444245122196,0.999208286030648,0.0941357559926068,0.0942103436377223,-0.0008743695872097,0.130505709624796,0.980269058295964,0.4761904761904761,0.891335372069317,0.204865556978233,complete_case_refit
MEC examination sample,renal comparison sample,model1_renal,Model 1 renal,elastic_net,2005-2006,4305,495,combined_mec_weight,0.5,fixed_0.50,0.8507224092124817,0.3924494463555427,0.8451008775418224,0.4184036957114238,0.0632409792761612,0.221047030493371,0.0809233504613334,0.2703335237440707,0.0934370659369762,1.010293852973236,1.056522961970324,0.0867706261782064,0.0821284811608701,0.0600536350182503,0.1919191919191919,0.9803149606299212,0.5588235294117647,0.9032648125755744,0.2857142857142857,complete_case_refit
MEC examination sample,renal comparison sample,model1_renal,Model 1 renal,elastic_net,2007-2008,5467,626,combined_mec_weight,0.5,fixed_0.50,0.851769767408211,0.3910890227298528,0.830015581762013,0.3984150567858096,0.0614048139654477,0.2147769112163449,0.0833796001650703,0.2782221718772815,0.0389847254263278,1.0119156971528571,1.0133232083789203,0.0832118400500983,0.0821177679165345,0.0144278985316712,0.1549520766773162,0.9826482131790952,0.5359116022099447,0.8999243284146803,0.2403965303593556,complete_case_refit
MEC examination sample,renal comparison sample,model1_renal,Model 1 renal,elastic_net,2009-2010,5860,617,combined_mec_weight,0.5,fixed_0.50,0.8481817920225856,0.3478751941146802,0.8447450656598239,0.3940480887820792,0.0615075827154521,0.2141730426281899,0.0766869869534163,0.2570589904884406,-0.1592662641288044,0.9382658952709176,0.9627188546655024,0.0801519788171177,0.0832558523484685,-0.0413738960960992,0.1782820097244732,0.9788289147434674,0.497737556561086,0.9100904415676538,0.2625298329355608,complete_case_refit
MEC examination sample,renal comparison sample,model1_renal,Model 1 renal,elastic_net,2011-2012,5143,515,combined_mec_weight,0.5,fixed_0.50,0.8417156410195499,0.3816213977021472,0.8365915365315388,0.3758447481015473,0.0623008834799254,0.2201282168101173,0.0749090649933587,0.2539685565778984,-0.0570405175998994,0.9530117883052364,1.019564869794451,0.0836135229914651,0.0820090270551613,0.0211253013919581,0.1728155339805825,0.9820656871218668,0.5174418604651163,0.9143029571514786,0.2590975254730713,complete_case_refit
MEC examination sample,renal comparison sample,model1_renal,Model 1 renal,elastic_net,2013-2014,5403,543,combined_mec_weight,0.5,fixed_0.50,0.8506946485656859,0.3791388472638148,0.8457426733055954,0.4003226818586092,0.0632946594650989,0.2198233594143179,0.0730334028561172,0.2475202512334422,-0.0425087230488212,1.0108161947667784,0.9564580439890226,0.0852595184918081,0.0891408870756349,-0.0487705191578311,0.1767955801104972,0.9851851851851852,0.5714285714285714,0.9146131805157592,0.270042194092827,complete_case_refit
MEC examination sample,renal comparison sample,model1_renal,Model 1 renal,elastic_net,2015-2016,5279,570,combined_mec_weight,0.5,fixed_0.50,0.8687976001129326,0.3695609239025734,0.8518410062105786,0.3913442689784159,0.0630564915457786,0.2140037656136965,0.0779350469379594,0.2581116474208937,0.0546023730206687,1.0589288378379185,0.9690162719775748,0.0850460848616238,0.0877653836380489,-0.0344503609511379,0.1543859649122807,0.9815247398598428,0.5028571428571429,0.905564263322884,0.236241610738255,complete_case_refit
MEC examination sample,renal comparison sample,model1_renal,Model 1 renal,elastic_net,2017-2018,5073,613,combined_mec_weight,0.5,fixed_0.50,0.851023857391558,0.3752613423836875,0.8303308729398168,0.397000643060242,0.0703740518361886,0.2371815139759005,0.0879623970044603,0.2889036510101475,0.0059372098532896,0.978363694978758,1.0311278333893013,0.0941357559926068,0.0912939724293777,0.0337853731520856,0.1892332789559543,0.9771300448430492,0.5321100917431193,0.8976313079299691,0.2791817087845968,complete_case_refit
MEC examination sample,renal comparison sample,model1_renal,Model 1 renal,xgboost,2005-2006,4305,495,combined_mec_weight,0.5,fixed_0.50,0.852983655197417,0.4138215556749803,0.8485755189692197,0.4430080743292184,0.0630022215966299,0.2202542149161224,0.0801032036542892,0.2675072897846384,0.1496168989534471,1.0046872046585622,1.109569837174416,0.0867706261782064,0.0782020412515654,0.1133113920483941,0.1858585858585858,0.9837270341207348,0.5974025974025974,0.902914960250542,0.2835130970724191,complete_case_refit
MEC examination sample,renal comparison sample,model1_renal,Model 1 renal,xgboost,2007-2008,5467,626,combined_mec_weight,0.5,fixed_0.50,0.8602741739161077,0.4133758919501921,0.8371719068948472,0.418217978421217,0.060505573141607,0.2110606231902798,0.0819968730211258,0.2731876376631941,0.198131205211175,1.0917229648831308,1.027654882244363,0.0832118400500983,0.0809725536148542,0.0297189490683309,0.1389776357827476,0.9871927287750464,0.5838926174496645,0.8986461075592328,0.2245161290322581,complete_case_refit
MEC examination sample,renal comparison sample,model1_renal,Model 1 renal,xgboost,2009-2010,5860,617,combined_mec_weight,0.5,fixed_0.50,0.8524474906624726,0.349810661825621,0.8460430840719632,0.3907932242308969,0.0609844859508746,0.212132352335198,0.0764497742056846,0.2560649343443976,-0.0303037400008114,0.99945766412886,0.978368217183773,0.0801519788171177,0.0819241441099085,-0.0237976227531517,0.1572123176661264,0.9849322906732788,0.5511363636363636,0.9085151301900072,0.244640605296343,complete_case_refit
MEC examination sample,renal comparison sample,model1_renal,Model 1 renal,xgboost,2011-2012,5143,515,combined_mec_weight,0.5,fixed_0.50,0.843208573348815,0.3686999009931944,0.8382932928313096,0.3691353917587215,0.0629823581590437,0.2207537577565093,0.0749661475419998,0.2533669114880391,-0.0553354363072817,0.9463909097492622,1.0301738912632303,0.0836135229914651,0.0811644749498899,0.0323965553223213,0.1592233009708737,0.9803370786516854,0.4739884393063583,0.9128772635814888,0.2383720930232558,complete_case_refit
MEC examination sample,renal comparison sample,model1_renal,Model 1 renal,xgboost,2013-2014,5403,543,combined_mec_weight,0.5,fixed_0.50,0.8490465846868315,0.374533339282365,0.8442257993618747,0.3908178408844119,0.0637370718904079,0.2209564392922715,0.0734272673726081,0.2486176791482305,-0.1833355476697282,0.9474164754920572,0.9298444531356632,0.0852595184918081,0.0916922375611234,-0.079795093205599,0.1933701657458563,0.9835390946502056,0.5675675675675675,0.9160597930241472,0.2884615384615384,complete_case_refit
MEC examination sample,renal comparison sample,model1_renal,Model 1 renal,xgboost,2015-2016,5279,570,combined_mec_weight,0.5,fixed_0.50,0.8711461831833958,0.3868452821128671,0.8538356935021776,0.4146386552490056,0.0621085735387436,0.2120505243623366,0.0765354484319686,0.2551562517025257,0.0590653575175541,1.080078286555652,0.9496624406531782,0.0850460848616238,0.0895540154279758,-0.0565878088061513,0.1859649122807017,0.9834359736674452,0.5760869565217391,0.9089303238469087,0.2811671087533156,complete_case_refit
MEC examination sample,renal comparison sample,model1_renal,Model 1 renal,xgboost,2017-2018,5073,613,combined_mec_weight,0.5,fixed_0.50,0.8506126249093591,0.3681187091808985,0.8291106738161946,0.3883164325729562,0.070194534106669,0.2372780590478588,0.0881419479846954,0.2891378497887668,0.0250425883464103,0.9994106150556832,1.019215927022626,0.0941357559926068,0.0923609546287212,0.0209909513762371,0.1533442088091354,0.9780269058295964,0.4895833333333333,0.8936693300553166,0.2335403726708074,complete_case_refit
fasting subsample,combined comparison sample,model0_paired_combined,Model 0 paired combined sample,elastic_net,2005-2006,1836,216,combined_fasting_weight,0.5,fixed_0.50,0.830225902612651,0.3544536475460009,0.8269690214906263,0.3869835825344705,0.0718397008640176,0.2480434261685496,0.0861975745293495,0.2858711712471644,-0.0374520110084045,0.9169226161188438,1.0833907616693397,0.0951024285360095,0.0877822037078027,0.0881527337357304,0.1435185185185185,0.9796296296296296,0.484375,0.8955981941309256,0.2214285714285714,main_fold_median
fasting subsample,combined comparison sample,model4_combined,Model 4 combined biomarkers,elastic_net,2005-2006,1836,216,combined_fasting_weight,0.5,fixed_0.50,0.8451013471090172,0.404650308642782,0.8406492912665753,0.4283359283247219,0.0690984195669556,0.2385588186297433,0.0834736844487471,0.2768791780310097,0.0186458212947044,0.9781258590066744,1.0409133176634358,0.0951024285360095,0.0913644075084833,0.0442208866913578,0.2175925925925926,0.974074074074074,0.5280898876404494,0.9032627361190612,0.3081967213114754,main_fold_median
fasting subsample,combined comparison sample,model0_paired_combined,Model 0 paired combined sample,elastic_net,2007-2008,2337,288,combined_fasting_weight,0.5,fixed_0.50,0.8547133606527315,0.3902798756387979,0.8213508622092076,0.386062643623927,0.0654933956191298,0.2250478887090229,0.0900653675958754,0.2973048174203326,0.0853609644835697,1.034723669788501,1.0196420716542305,0.0895634391907447,0.0878381166103123,0.0213449119822244,0.1458333333333333,0.9795021961932652,0.5,0.8908122503328895,0.2258064516129032,main_fold_median
fasting subsample,combined comparison sample,model4_combined,Model 4 combined biomarkers,elastic_net,2007-2008,2337,288,combined_fasting_weight,0.5,fixed_0.50,0.8642817161431804,0.4096419818191604,0.833040168645952,0.4142936504373781,0.0644049298831458,0.2206142757945057,0.0878340518298711,0.290261554484826,0.0503961547853146,1.0221725867461966,1.0091678526729415,0.0895634391907447,0.0887497941531943,0.0100193706005948,0.1979166666666666,0.9755978526110298,0.5327102803738317,0.8964125560538116,0.2886075949367088,main_fold_median
fasting subsample,combined comparison sample,model0_paired_combined,Model 0 paired combined sample,elastic_net,2009-2010,2594,273,combined_fasting_weight,0.5,fixed_0.50,0.8388950285425559,0.3564907202123714,0.8395332945095979,0.399034408949386,0.062502542600401,0.2194161776973696,0.0765789713068165,0.2585322099943034,-0.1676307334190432,0.969397531589542,0.9162007365482968,0.0815187617743325,0.0889747830605846,-0.0956706941416096,0.1831501831501831,0.984489444205084,0.5813953488372093,0.9110845295055822,0.2785515320334261,main_fold_median
fasting subsample,combined comparison sample,model4_combined,Model 4 combined biomarkers,elastic_net,2009-2010,2594,273,combined_fasting_weight,0.5,fixed_0.50,0.8441243752992496,0.3599028239120698,0.8466083679353821,0.4044939224984253,0.0619411713842191,0.217100451365664,0.0757485585127349,0.2550047952869043,-0.1610416261780595,0.9569613279676338,0.9369941689771444,0.0815187617743325,0.0870002871664839,-0.0710641316849458,0.1868131868131868,0.980180956484274,0.5257731958762887,0.9110933119743692,0.2756756756756756,main_fold_median
fasting subsample,combined comparison sample,model0_paired_combined,Model 0 paired combined sample,elastic_net,2011-2012,2294,239,combined_fasting_weight,0.5,fixed_0.50,0.831473891793819,0.3765995251668688,0.8246322369157784,0.3536831650711171,0.0721383548295917,0.2494597239451877,0.0795379376358037,0.2679635086975975,-0.0436802548665805,0.9109750364633608,1.083976726044377,0.0968836554313234,0.0893779848806063,0.0889129440686971,0.1673640167364016,0.9819951338199512,0.5194805194805194,0.9102390617952189,0.2531645569620253,main_fold_median
fasting subsample,combined comparison sample,model4_combined,Model 4 combined biomarkers,elastic_net,2011-2012,2294,239,combined_fasting_weight,0.5,fixed_0.50,0.8381289400294204,0.3986149779218837,0.8319376151645644,0.3672691631308331,0.0706372812732937,0.2453149985765784,0.0784369785842394,0.2648697827011466,-0.0200238946295165,0.9122004420246544,1.1004344252249765,0.0968836554313234,0.088041280071292,0.1054483722894823,0.200836820083682,0.9751824817518248,0.4848484848484848,0.912984054669704,0.2840236686390532,main_fold_median
fasting subsample,combined comparison sample,model0_paired_combined,Model 0 paired combined sample,elastic_net,2013-2014,2370,244,combined_fasting_weight,0.5,fixed_0.50,0.8674863129097505,0.4082182820226039,0.84563869654396,0.4113057936726905,0.064272835963133,0.219088790834411,0.0746355588612408,0.2514044626031728,0.1728778828919389,1.1480926140439265,0.9554129538856329,0.0889931294844987,0.0931462454246267,-0.0501808621865165,0.1598360655737705,0.9854186265286924,0.5571428571428572,0.9108695652173912,0.2484076433121019,main_fold_median
fasting subsample,combined comparison sample,model4_combined,Model 4 combined biomarkers,elastic_net,2013-2014,2370,244,combined_fasting_weight,0.5,fixed_0.50,0.8712008710405712,0.4267086753664466,0.8561390589577903,0.431265221927908,0.0626586678857353,0.2157317198640183,0.0724289408195397,0.2449888100006799,0.0875422888961142,1.1188491241776124,0.932167933639672,0.0889931294844987,0.0954689882294308,-0.0773761428404391,0.2254098360655737,0.9840075258701788,0.6179775280898876,0.9171416045594036,0.3303303303303303,main_fold_median
fasting subsample,combined comparison sample,model0_paired_combined,Model 0 paired combined sample,elastic_net,2015-2016,2246,266,combined_fasting_weight,0.5,fixed_0.50,0.8572657725516403,0.3687250765994022,0.8293840662261713,0.3721941345023808,0.0671813585113954,0.2278776997066469,0.087200952025725,0.2862680849186063,0.0689306530634278,1.077394208457339,0.9600846878893816,0.0905733473179241,0.0943389145357974,-0.0448829726023509,0.1353383458646616,0.9818181818181818,0.5,0.8942042318307267,0.2130177514792899,main_fold_median
fasting subsample,combined comparison sample,model4_combined,Model 4 combined biomarkers,elastic_net,2015-2016,2246,266,combined_fasting_weight,0.5,fixed_0.50,0.8662150928782526,0.4035967368820717,0.8426824637350953,0.4075021393550441,0.0654934492244185,0.2223380795349132,0.0844214831912067,0.2780349493757262,0.1044041276479244,1.0871372055198714,0.9743060200985324,0.0905733473179241,0.092961908732499,-0.0286597384001652,0.1616541353383458,0.9772727272727272,0.4886363636363636,0.896663577386469,0.2429378531073446,main_fold_median
fasting subsample,combined comparison sample,model0_paired_combined,Model 0 paired combined sample,elastic_net,2017-2018,2279,287,combined_fasting_weight,0.5,fixed_0.50,0.8306884029210242,0.3372527450888974,0.8189605110336818,0.3821611332407476,0.0771098265513821,0.2580833270640242,0.0935003687097994,0.3039309230874234,-0.1987602530811134,0.8858956257277596,0.9867449773791296,0.0998769339312416,0.1012185886129589,-0.014835290061538,0.205574912891986,0.968875502008032,0.4876033057851239,0.8943466172381835,0.2892156862745098,main_fold_median
fasting subsample,combined comparison sample,model4_combined,Model 4 combined biomarkers,elastic_net,2017-2018,2279,287,combined_fasting_weight,0.5,fixed_0.50,0.8344310034161879,0.3638205026079044,0.8318395533352924,0.416849545656304,0.0765241871388601,0.2568724771794248,0.0908090507066989,0.2963994850085515,-0.2131894158640108,0.8598981287074584,1.0104586823809838,0.0998769339312416,0.0988431646664638,0.0115521852139881,0.2264808362369338,0.9683734939759036,0.5078125,0.8967921896792189,0.3132530120481928,main_fold_median
fasting subsample,combined comparison sample,model0_paired_combined,Model 0 paired combined sample,xgboost,2005-2006,1836,216,combined_fasting_weight,0.5,fixed_0.50,0.8386534988237614,0.3859267355888998,0.8331418609967993,0.4064615722044798,0.0709180143521695,0.2444173608997302,0.0849415010360889,0.2816153975501143,0.1921354460031971,1.0130147382868349,1.1351446942759515,0.0951024285360095,0.0837800053293384,0.139194874852456,0.1481481481481481,0.9858024691358024,0.5818181818181818,0.8966872543514879,0.2361623616236162,main_fold_median
fasting subsample,combined comparison sample,model4_combined,Model 4 combined biomarkers,xgboost,2005-2006,1836,216,combined_fasting_weight,0.5,fixed_0.50,0.8496826741029517,0.4442129745947721,0.8470821902149063,0.4689928157230953,0.0680858441893823,0.2357698983311512,0.0814809906823945,0.2711535617655189,0.2181327242859041,1.0448695087750275,1.1061511087081783,0.0951024285360095,0.0859759826549151,0.1109216117860261,0.1805555555555555,0.9858024691358024,0.6290322580645161,0.9002254791431793,0.2805755395683453,main_fold_median
fasting subsample,combined comparison sample,model0_paired_combined,Model 0 paired combined sample,xgboost,2007-2008,2337,288,combined_fasting_weight,0.5,fixed_0.50,0.8652230821015916,0.4046427314965533,0.8308321132259638,0.4033463067841523,0.0647036719511071,0.2211196292927655,0.0886766379888715,0.2914791756222816,0.1957597819688072,1.088887218492653,1.0327513465042333,0.0895634391907447,0.0867231395959042,0.0353413065996743,0.1423611111111111,0.9834065397755004,0.5466666666666666,0.8908045977011494,0.2258953168044076,main_fold_median
fasting subsample,combined comparison sample,model4_combined,Model 4 combined biomarkers,xgboost,2007-2008,2337,288,combined_fasting_weight,0.5,fixed_0.50,0.8726525292995277,0.4294802535897608,0.8414351851851853,0.4372298620768418,0.063303164529225,0.2163044154231373,0.0860534107712099,0.2836053735058814,0.2527511066962844,1.1068823233672438,1.0514673338972909,0.0895634391907447,0.0851794785281398,0.0549903224959211,0.15625,0.984382625671059,0.5844155844155844,0.8924778761061947,0.2465753424657534,main_fold_median
fasting subsample,combined comparison sample,model0_paired_combined,Model 0 paired combined sample,xgboost,2009-2010,2594,273,combined_fasting_weight,0.5,fixed_0.50,0.8365712866296584,0.3778575901075901,0.8394859484906879,0.4143120662825747,0.061627965223677,0.2185032679453356,0.0758611222413885,0.2573768883318326,-0.0740257769947322,1.0050442328410525,0.9394274063096976,0.0815187617743325,0.0867749452771006,-0.0682238589908483,0.1538461538461538,0.989659629470056,0.6363636363636364,0.908623417721519,0.247787610619469,main_fold_median
fasting subsample,combined comparison sample,model4_combined,Model 4 combined biomarkers,xgboost,2009-2010,2594,273,combined_fasting_weight,0.5,fixed_0.50,0.8402730996734803,0.3590887372135075,0.8456030541338598,0.4078203330705963,0.0619644208915167,0.2178786812398698,0.0756661575912092,0.2549952764766575,-0.169119459510066,0.9360654246734932,0.9571456549974406,0.0815187617743325,0.0851686066260736,-0.047781398681348,0.2051282051282051,0.981042654028436,0.56,0.91299117882919,0.3002680965147453,main_fold_median
fasting subsample,combined comparison sample,model0_paired_combined,Model 0 paired combined sample,xgboost,2011-2012,2294,239,combined_fasting_weight,0.5,fixed_0.50,0.8263237320790022,0.3820265207610299,0.8262122183876451,0.3702656535193975,0.0724735700514771,0.2514535221495564,0.0784273101979294,0.2651064972790155,0.0256775573528528,0.929672086133239,1.1195217643830122,0.0968836554313234,0.0865402161115801,0.124289561288966,0.1548117154811715,0.9854014598540146,0.5522388059701493,0.9092950157162102,0.2418300653594771,main_fold_median
fasting subsample,combined comparison sample,model4_combined,Model 4 combined biomarkers,xgboost,2011-2012,2294,239,combined_fasting_weight,0.5,fixed_0.50,0.8321877903165239,0.3991750901909305,0.8322104470166651,0.383410930656312,0.07143952499488,0.2478881058527535,0.0774744507118584,0.2620896426432217,0.061942753241165,0.9442606412169444,1.1260814642864028,0.0968836554313234,0.086036098190035,0.1306835640403036,0.1882845188284518,0.9815085158150852,0.5421686746987951,0.9122568973315242,0.2795031055900621,main_fold_median
fasting subsample,combined comparison sample,model0_paired_combined,Model 0 paired combined sample,xgboost,2013-2014,2370,244,combined_fasting_weight,0.5,fixed_0.50,0.8670491900949718,0.4142512479780652,0.8486478879755718,0.4034181042216634,0.0640393086006685,0.2190641188959017,0.0742958196247781,0.2502716148000906,0.0801830471691164,1.1170008469740706,0.9293937884027224,0.0889931294844987,0.0957539533779802,-0.0806716859373031,0.1967213114754098,0.9849482596425212,0.6,0.914410480349345,0.2962962962962963,main_fold_median
fasting subsample,combined comparison sample,model4_combined,Model 4 combined biomarkers,xgboost,2013-2014,2370,244,combined_fasting_weight,0.5,fixed_0.50,0.8659280122143551,0.4439184237678895,0.8551559150563669,0.4441544273952915,0.062677941344444,0.217144347697469,0.0720271435194156,0.2447215776826253,0.0039954514882803,1.0889461193840153,0.9106785232182226,0.0889931294844987,0.0977217835005137,-0.1031928498496403,0.25,0.9807149576669802,0.5980392156862745,0.9193121693121692,0.3526011560693641,main_fold_median
fasting subsample,combined comparison sample,model0_paired_combined,Model 0 paired combined sample,xgboost,2015-2016,2246,266,combined_fasting_weight,0.5,fixed_0.50,0.8589455254996887,0.3940074890411388,0.8367395762132606,0.399577018185713,0.065744202256425,0.2260106966882744,0.0845681024690114,0.2803782825049197,0.0293847133978575,1.1004014630029793,0.912775326525812,0.0905733473179241,0.0992285228202461,-0.1008282672763392,0.1654135338345864,0.9818181818181818,0.55,0.8975069252077562,0.2543352601156069,main_fold_median
fasting subsample,combined comparison sample,model4_combined,Model 4 combined biomarkers,xgboost,2015-2016,2246,266,combined_fasting_weight,0.5,fixed_0.50,0.8662194000654344,0.4276074952208379,0.8482342219184325,0.4321155124786319,0.0641492841228217,0.2208636061914383,0.0820316268991222,0.2725877367104338,0.1258605823652541,1.1434170462061777,0.9329156056431696,0.0905733473179241,0.0970863246043367,-0.0766279347247906,0.1804511278195488,0.9828282828282828,0.5853658536585366,0.899260628465804,0.2758620689655172,main_fold_median
fasting subsample,combined comparison sample,model0_paired_combined,Model 0 paired combined sample,xgboost,2017-2018,2279,287,combined_fasting_weight,0.5,fixed_0.50,0.8272792279845542,0.3305817415691557,0.8159563340469894,0.3793157977279818,0.0777507920759396,0.2606543215226026,0.0940166619638466,0.3059350825013514,-0.2660737058986587,0.8588814226538483,0.9677258666325124,0.0998769339312416,0.1032078787754148,-0.0365138352058593,0.1881533101045296,0.9658634538152612,0.4426229508196721,0.8919796012980992,0.2640586797066014,main_fold_median
fasting subsample,combined comparison sample,model4_combined,Model 4 combined biomarkers,xgboost,2017-2018,2279,287,combined_fasting_weight,0.5,fixed_0.50,0.8191724743038516,0.3287613038318556,0.8191896505884163,0.3986729380499271,0.0791925557915033,0.2663920999773099,0.092956530064028,0.3040530206296733,-0.3742472545287988,0.7831014805790433,0.9816948839557458,0.0998769339312416,0.1017392833186487,-0.0205458652183772,0.2334494773519163,0.9653614457831324,0.4926470588235294,0.897340177321512,0.3167848699763593,main_fold_median
MEC examination sample,core MEC target sample,model0_core,Model 0 core clinical,elastic_net,2005-2006,4448,533,combined_mec_weight,0.5,fixed_0.50,0.8474229053381095,0.3786393492735861,0.8403806018608374,0.4107594812875667,0.066040311259483,0.2288318031367081,0.084929334367036,0.2809971865809486,0.1059471704405738,0.9947416253587584,1.08905511537975,0.0895836535532119,0.0822581449626398,0.0933245826363382,0.1388367729831144,0.9849297573435504,0.556390977443609,0.8936268829663963,0.2222222222222222,main_fold_median
MEC examination sample,core MEC target sample,model0_core,Model 0 core clinical,elastic_net,2007-2008,5649,677,combined_mec_weight,0.5,fixed_0.50,0.8514446387537717,0.3834977291103685,0.8263237200702069,0.3848193697253642,0.0637631743193121,0.2209777548028648,0.0875244533756361,0.2890923557038873,0.0694536225810092,1.0249267128685786,1.0198980945330098,0.086286136260994,0.0846027036657055,0.0215434265906449,0.1299852289512555,0.9827031375703942,0.5057471264367817,0.8924200913242009,0.2068155111633372,main_fold_median
MEC examination sample,core MEC target sample,model0_core,Model 0 core clinical,elastic_net,2009-2010,5990,646,combined_mec_weight,0.5,fixed_0.50,0.8452409522165378,0.3504824106346944,0.8387480070818115,0.3891991339382807,0.0623007376253395,0.2168392376360465,0.0789518763561067,0.2638979836885712,-0.1685420313155057,0.9537351286056368,0.9347370564011256,0.0810749535580189,0.0867355723225196,-0.0736691077439757,0.1656346749226006,0.9812874251497006,0.5169082125603864,0.906795780736642,0.2508792497069168,main_fold_median
MEC examination sample,core MEC target sample,model0_core,Model 0 core clinical,elastic_net,2011-2012,5260,550,combined_mec_weight,0.5,fixed_0.50,0.839331193896127,0.3696651030488631,0.8302223508975103,0.3654333935485951,0.0653954196672101,0.2286227905357045,0.0786103693228771,0.2645395678386609,-0.046631888996513,0.9539106390038112,1.0248780477591943,0.0872691883059831,0.0851508025728422,0.0268918700597944,0.14,0.9842887473460722,0.5099337748344371,0.907418281464083,0.2196861626248217,main_fold_median
MEC examination sample,core MEC target sample,model0_core,Model 0 core clinical,elastic_net,2013-2014,5522,573,combined_mec_weight,0.5,fixed_0.50,0.8449994701804864,0.3701905674462588,0.8367082460997461,0.3934570855822979,0.0662003355307905,0.2282247694869489,0.076380814053402,0.2577100070688409,-0.0458306735658907,0.9919471897383998,0.976066968265729,0.088149862833457,0.0903112857000798,-0.0265972643931027,0.1343804537521815,0.9872701555869872,0.55,0.9078409513192122,0.2159887798036465,main_fold_median
MEC examination sample,core MEC target sample,model0_core,Model 0 core clinical,elastic_net,2015-2016,5404,597,combined_mec_weight,0.5,fixed_0.50,0.8610809778268647,0.3575206697037384,0.8439162040003778,0.381353377700618,0.065384458906536,0.2212795827163601,0.0805582170729755,0.2657405801490566,0.0233468793390478,1.051649985296686,0.9567470107101114,0.0873010721421241,0.0912478128124257,-0.0485499082779257,0.1373534338358459,0.9852298731017266,0.5359477124183006,0.901923443153685,0.2186666666666666,main_fold_median
MEC examination sample,core MEC target sample,model0_core,Model 0 core clinical,elastic_net,2017-2018,5209,646,combined_mec_weight,0.5,fixed_0.50,0.8515487672035789,0.370669452703239,0.8256480141452756,0.3832305033519471,0.0716127473051065,0.2402248919976249,0.0907609760427573,0.2961595638823042,0.0030521736358594,0.996529070884836,1.0062846662471463,0.0963747859305344,0.0957728853108297,0.0069308737665232,0.1547987616099071,0.9772079772079773,0.4901960784313725,0.8909090909090909,0.2352941176470588,main_fold_median
MEC examination sample,core MEC target sample,model0_core,Model 0 core clinical,xgboost,2005-2006,4448,533,combined_mec_weight,0.5,fixed_0.50,0.8516758730206834,0.412941864060968,0.8462650267528316,0.4427116216019975,0.0654982857348475,0.2266172171171943,0.0840212942734883,0.2772197391440661,0.3468511733231409,1.0914968823179605,1.1441431173980507,0.0895836535532119,0.0782975942353595,0.1469763704414948,0.1125703564727955,0.9910600255427842,0.631578947368421,0.8913393062255915,0.1910828025477707,main_fold_median
MEC examination sample,core MEC target sample,model0_core,Model 0 core clinical,xgboost,2007-2008,5649,677,combined_mec_weight,0.5,fixed_0.50,0.8613864692584591,0.4040370238704777,0.8356376208985977,0.410878461770061,0.0628536874721853,0.2166527592920997,0.0857966798745381,0.2826303378583638,0.2212083510897919,1.104812553275733,1.0312421764092656,0.086286136260994,0.0836720396380975,0.03362094497579,0.103397341211226,0.98994368463395,0.5833333333333334,0.8902152287936336,0.1756587202007528,main_fold_median
MEC examination sample,core MEC target sample,model0_core,Model 0 core clinical,xgboost,2009-2010,5990,646,combined_mec_weight,0.5,fixed_0.50,0.8498723289696879,0.35437512387999,0.8415095602139373,0.391852782884068,0.0616705880023424,0.2145921955924336,0.0783470027338026,0.261920615594314,-0.0438584459712324,1.0171474202076225,0.9466312870782138,0.0810749535580189,0.085645757397537,-0.0598320987867131,0.1253869969040247,0.9870883233532934,0.54,0.9032534246575342,0.2035175879396984,main_fold_median
MEC examination sample,core MEC target sample,model0_core,Model 0 core clinical,xgboost,2011-2012,5260,550,combined_mec_weight,0.5,fixed_0.50,0.8430492669243581,0.3708964902234725,0.8336618413433701,0.3709733088657413,0.0652789458834492,0.2273789916647718,0.0779052153726364,0.2622678235217375,-0.0319978850096642,0.946170515642207,1.046667313548781,0.0872691883059831,0.083378153856828,0.0498651371788247,0.1272727272727272,0.986411889596603,0.5223880597014925,0.9063597346859148,0.2046783625730994,main_fold_median
MEC examination sample,core MEC target sample,model0_core,Model 0 core clinical,xgboost,2013-2014,5522,573,combined_mec_weight,0.5,fixed_0.50,0.8466932265397424,0.3860683828891802,0.8387845729759428,0.3945070594122524,0.0657544679970972,0.2269813971824803,0.0760516245909768,0.2565709965882987,-0.1563997569718704,0.9440151005637388,0.9513141931188344,0.088149862833457,0.0926611454670535,-0.0548705628530021,0.1623036649214659,0.987472216609416,0.6,0.9105645612073784,0.2554945054945055,main_fold_median
MEC examination sample,core MEC target sample,model0_core,Model 0 core clinical,xgboost,2015-2016,5404,597,combined_mec_weight,0.5,fixed_0.50,0.8655147015741897,0.3762261325230315,0.8481356926787743,0.4064941646793297,0.0642874810614263,0.2185985771175248,0.0790631118935477,0.2622138393236486,0.0141481790484977,1.061405147115536,0.9410932316815042,0.0873010721421241,0.0927655934642505,-0.0667182735654643,0.1591289782244556,0.9831495735385896,0.5397727272727273,0.9039785768936496,0.2457956015523933,main_fold_median
MEC examination sample,core MEC target sample,model0_core,Model 0 core clinical,xgboost,2017-2018,5209,646,combined_mec_weight,0.5,fixed_0.50,0.8513899924474511,0.3663011677286718,0.8233299340705865,0.3700034779873097,0.0714107857530194,0.2402138715500304,0.0910972505967127,0.2973042913689048,0.000775584976356,1.0079333879078458,0.9914419427663058,0.0963747859305344,0.0972066863155204,-0.0095159371906889,0.1377708978328173,0.980276134122288,0.4972067039106145,0.8892644135188866,0.2157575757575757,main_fold_median
MEC examination sample,renal comparison sample,model1_renal,Model 1 renal,elastic_net,2005-2006,4448,533,combined_mec_weight,0.5,fixed_0.50,0.8520647107523535,0.4033235315482322,0.8474132539733885,0.4305791254478985,0.0645185977711126,0.2246981217250436,0.0830796444465838,0.2757605522742196,0.0968682150259723,1.0125363301634642,1.0559820247248126,0.0895836535532119,0.0848344493141891,0.0596741232724795,0.2007504690431519,0.9787994891443168,0.5631578947368421,0.8999530295913575,0.2959889349930844,main_fold_median
MEC examination sample,renal comparison sample,model1_renal,Model 1 renal,elastic_net,2007-2008,5649,677,combined_mec_weight,0.5,fixed_0.50,0.8552307926018757,0.4059340655055275,0.8322701664030536,0.4132783226682524,0.0627113308031534,0.2180707114428954,0.0857601725514906,0.2845606001640589,0.076392169611588,1.026515944215799,1.0224617342438933,0.086286136260994,0.0843905775356985,0.0242856004902964,0.1683899556868537,0.9810941271118262,0.5480769230769231,0.8965263738283403,0.2576271186440678,main_fold_median
MEC examination sample,renal comparison sample,model1_renal,Model 1 renal,elastic_net,2009-2010,5990,646,combined_mec_weight,0.5,fixed_0.50,0.8489547476461933,0.3518287682937038,0.8440573381101575,0.3970602161919735,0.0620188370193427,0.2154721480397461,0.0782782113862253,0.2614520624759567,-0.1760532850015135,0.938582136380677,0.9492706949257872,0.0810749535580189,0.0854076229166194,-0.0567873613933578,0.1857585139318885,0.9782934131736528,0.5084745762711864,0.9085853319429962,0.2721088435374149,main_fold_median
MEC examination sample,renal comparison sample,model1_renal,Model 1 renal,elastic_net,2011-2012,5260,550,combined_mec_weight,0.5,fixed_0.50,0.8445006566855623,0.3948627721959286,0.8378455896545068,0.3876128566103479,0.0641596854924454,0.2250580197862236,0.0771967942097757,0.2601738963018014,-0.0267213358427729,0.9601564411194164,1.0315826285635148,0.0872691883059831,0.0845973806553005,0.0340171474116326,0.1909090909090909,0.981104033970276,0.5412371134020618,0.9121594946703514,0.282258064516129,main_fold_median
MEC examination sample,renal comparison sample,model1_renal,Model 1 renal,elastic_net,2013-2014,5522,573,combined_mec_weight,0.5,fixed_0.50,0.8516791535858796,0.3881070942516777,0.8454483550716434,0.4100525347466693,0.0648825435021432,0.2241369750870108,0.074763666332473,0.2525154792974168,-0.0433313579056661,1.0091755372954163,0.9583826802194324,0.088149862833457,0.091977729411047,-0.0467148712502263,0.1902268760907504,0.984037179228127,0.5797872340425532,0.9130108736407948,0.2864651773981603,main_fold_median
MEC examination sample,renal comparison sample,model1_renal,Model 1 renal,elastic_net,2015-2016,5404,597,combined_mec_weight,0.5,fixed_0.50,0.8662169735647763,0.3694105870917214,0.8529405922895109,0.3989743977587847,0.0647225123888795,0.2189197300558615,0.0790370961900693,0.2608977034135482,0.0108504480541131,1.0354276245969531,0.9665555353144284,0.0873010721421241,0.0903218376518058,-0.0373317173751854,0.1675041876046901,0.9796130642812564,0.5050505050505051,0.9045332308874376,0.2515723270440252,main_fold_median
MEC examination sample,renal comparison sample,model1_renal,Model 1 renal,elastic_net,2017-2018,5209,646,combined_mec_weight,0.5,fixed_0.50,0.8537386706597312,0.3824639221632447,0.8322070307066733,0.4007434215473615,0.0713978510528836,0.2393833701802503,0.0896893535294365,0.2926495586447729,0.0016971981283588,0.9840004741257558,1.0201980693832784,0.0963747859305344,0.0944667401584029,0.02210611345502,0.1950464396284829,0.9743589743589745,0.5185185185185185,0.8952879581151832,0.2834645669291338,main_fold_median
MEC examination sample,renal comparison sample,model1_renal,Model 1 renal,xgboost,2005-2006,4448,533,combined_mec_weight,0.5,fixed_0.50,0.8545522947210279,0.4284410548830163,0.8520248526976871,0.4588867001486172,0.0639157817911742,0.2233000828698916,0.0817576292530205,0.2721391234262654,0.1420062552069501,1.0015878065308796,1.1064738969373635,0.0895836535532119,0.0809631874743478,0.1106024498349471,0.1951219512195122,0.9828863346104726,0.6081871345029239,0.8996960486322189,0.2954545454545454,main_fold_median
MEC examination sample,renal comparison sample,model1_renal,Model 1 renal,xgboost,2007-2008,5649,677,combined_mec_weight,0.5,fixed_0.50,0.8630897335726685,0.4246328299297535,0.840085275177627,0.4320465825535835,0.061970570259531,0.2147076599159705,0.0843823182474965,0.2792275428481051,0.2254947071665127,1.1037839752213274,1.0346561343319496,0.086286136260994,0.0833959548470726,0.0372272563598645,0.1432791728212703,0.987127916331456,0.6024844720496895,0.8943148688046647,0.2315035799522673,main_fold_median
MEC examination sample,renal comparison sample,model1_renal,Model 1 renal,xgboost,2009-2010,5990,646,combined_mec_weight,0.5,fixed_0.50,0.8517118675866013,0.3503896487174981,0.8448781133553327,0.3921693277551739,0.0615803188392538,0.2140174021109704,0.0779695321211198,0.2604796870456401,-0.0655482908954945,0.9911562778110752,0.9633822957772552,0.0810749535580189,0.084156574096691,-0.0406641032441674,0.153250773993808,0.9837200598802396,0.532258064516129,0.9057546519641626,0.2379807692307692,main_fold_median
MEC examination sample,renal comparison sample,model1_renal,Model 1 renal,xgboost,2011-2012,5260,550,combined_mec_weight,0.5,fixed_0.50,0.8464236377653902,0.3914387899443389,0.8402011194750049,0.3887418078757493,0.064540979951855,0.2249260093962835,0.0769147458219678,0.2587077303525472,-0.0233913023014305,0.9556868178578825,1.040150250412906,0.0872691883059831,0.0839005598194492,0.0430490944063928,0.1763636363636363,0.9800424628450106,0.5078534031413613,0.9106332609982244,0.2618083670715249,main_fold_median
MEC examination sample,renal comparison sample,model1_renal,Model 1 renal,xgboost,2013-2014,5522,573,combined_mec_weight,0.5,fixed_0.50,0.8516520808669221,0.389286207902344,0.8470930542140654,0.4114839327203008,0.0649827608885374,0.2243075248035977,0.0745160027061147,0.2515512753225911,-0.164223122336189,0.956884838000046,0.9321773491837112,0.088149862833457,0.09456340353115,-0.0772905924581066,0.2146596858638743,0.982218630026268,0.5829383886255924,0.9152701939371116,0.3137755102040817,main_fold_median
MEC examination sample,renal comparison sample,model1_renal,Model 1 renal,xgboost,2015-2016,5404,597,combined_mec_weight,0.5,fixed_0.50,0.8679895618106075,0.3840602870985434,0.8538744621101485,0.4185335682775012,0.0639543713133556,0.2175174821738994,0.0779730625688703,0.2590292364237241,0.0030167466500898,1.0473341650878103,0.9486745617716882,0.0873010721421241,0.0920242574851863,-0.0578778685947267,0.202680067001675,0.9812773039317662,0.5734597156398105,0.9083381475062584,0.2995049504950495,main_fold_median
MEC examination sample,renal comparison sample,model1_renal,Model 1 renal,xgboost,2017-2018,5209,646,combined_mec_weight,0.5,fixed_0.50,0.853293141100073,0.3742511082595893,0.8305633752168641,0.3917969169364438,0.0712808989995801,0.2394857779791949,0.0898226754492564,0.2929424481238765,0.027837428766819,1.0095120407750413,1.0090521622254085,0.0963747859305344,0.0955102119973513,0.009967763325807,0.1733746130030959,0.9758930528161296,0.5045045045045045,0.89292159614999,0.2580645161290322,main_fold_median
fasting subsample,combined comparison sample,model0_paired_combined,Model 0 paired combined sample,elastic_net,2005-2006,1836,216,combined_fasting_weight,0.5,fixed_0.50,0.830225902612651,0.3544536475460009,0.8269690214906263,0.3869835825344705,0.0718397008640176,0.2480434261685496,0.0861975745293495,0.2858711712471644,-0.0374520110084037,0.9169226161188448,1.0833907616693392,0.0951024285360095,0.0877822037078027,0.0881527337357299,0.1435185185185185,0.9796296296296296,0.484375,0.8955981941309256,0.2214285714285714,nested_multiple_imputation
fasting subsample,combined comparison sample,model4_combined,Model 4 combined biomarkers,elastic_net,2005-2006,1836,216,combined_fasting_weight,0.5,fixed_0.50,0.845420629119064,0.4079113804942021,0.8410208047553727,0.4314916795209199,0.0689167435174481,0.2381841719246565,0.0832815066050709,0.2764738600236324,0.0230035328281814,0.9803039408101968,1.041369711114787,0.0951024285360095,0.0913243659009462,0.0447033122771793,0.2314814814814814,0.974074074074074,0.5434782608695652,0.904816513761468,0.3246753246753247,nested_multiple_imputation
fasting subsample,combined comparison sample,model0_paired_combined,Model 0 paired combined sample,elastic_net,2007-2008,2337,288,combined_fasting_weight,0.5,fixed_0.50,0.8547133606527315,0.3902798756387979,0.8213508622092076,0.386062643623927,0.0654933956191298,0.2250478887090229,0.0900653675958754,0.2973048174203326,0.0853609644835705,1.0347236697885025,1.01964207165423,0.0895634391907447,0.0878381166103123,0.0213449119822239,0.1458333333333333,0.9795021961932652,0.5,0.8908122503328895,0.2258064516129032,nested_multiple_imputation
fasting subsample,combined comparison sample,model4_combined,Model 4 combined biomarkers,elastic_net,2007-2008,2337,288,combined_fasting_weight,0.5,fixed_0.50,0.8645470950689292,0.4122281152627753,0.8335841331814975,0.4185294851863733,0.0643266049324132,0.2203876250540953,0.0876522060543845,0.2897814087638314,0.0453302602329875,1.0211851026656191,1.0067783411433358,0.0895634391907447,0.0889604350139605,0.0074175764475432,0.2083333333333333,0.9751098096632504,0.5405405405405406,0.8975741239892183,0.3007518796992481,nested_multiple_imputation
fasting subsample,combined comparison sample,model0_paired_combined,Model 0 paired combined sample,elastic_net,2009-2010,2594,273,combined_fasting_weight,0.5,fixed_0.50,0.8388950285425559,0.3564907202123714,0.8395332945095979,0.399034408949386,0.062502542600401,0.2194161776973696,0.0765789713068165,0.2585322099943034,-0.1676307334190422,0.9693975315895428,0.9162007365482964,0.0815187617743325,0.0889747830605847,-0.0956706941416105,0.1831501831501831,0.984489444205084,0.5813953488372093,0.9110845295055822,0.2785515320334261,nested_multiple_imputation
fasting subsample,combined comparison sample,model4_combined,Model 4 combined biomarkers,elastic_net,2009-2010,2594,273,combined_fasting_weight,0.5,fixed_0.50,0.8443161852222028,0.3591323424251251,0.8473138236171412,0.4047173245060872,0.0619346166906948,0.217010389263427,0.0756305399497378,0.2545523404377457,-0.156316151119022,0.9584166274236774,0.938629057282558,0.0815187617743325,0.0868487515295328,-0.0691548680498916,0.1978021978021978,0.9797501077121932,0.5346534653465347,0.9121540312876052,0.2887700534759358,nested_multiple_imputation
fasting subsample,combined comparison sample,model0_paired_combined,Model 0 paired combined sample,elastic_net,2011-2012,2294,239,combined_fasting_weight,0.5,fixed_0.50,0.831473891793819,0.3765995251668688,0.8246322369157784,0.3536831650711171,0.0721383548295917,0.2494597239451877,0.0795379376358037,0.2679635086975975,-0.0436802548665809,0.9109750364633612,1.0839767260443762,0.0968836554313234,0.0893779848806063,0.0889129440686966,0.1673640167364016,0.9819951338199512,0.5194805194805194,0.9102390617952189,0.2531645569620253,nested_multiple_imputation
fasting subsample,combined comparison sample,model4_combined,Model 4 combined biomarkers,elastic_net,2011-2012,2294,239,combined_fasting_weight,0.5,fixed_0.50,0.8383430658409656,0.4004658431259484,0.8323142860051512,0.3706922029080229,0.0705188508536182,0.2450000380551137,0.0782395930041548,0.2644056406327094,-0.0195004149584615,0.9128215216945332,1.0997415876783776,0.0968836554313234,0.0880967461054653,0.1047577477188927,0.209205020920502,0.975669099756691,0.5,0.9138559708295352,0.2949852507374631,nested_multiple_imputation
fasting subsample,combined comparison sample,model0_paired_combined,Model 0 paired combined sample,elastic_net,2013-2014,2370,244,combined_fasting_weight,0.5,fixed_0.50,0.8674863129097505,0.4082182820226039,0.84563869654396,0.4113057936726905,0.064272835963133,0.219088790834411,0.0746355588612408,0.2514044626031728,0.1728778828919384,1.148092614043927,0.9554129538856322,0.0889931294844987,0.0931462454246267,-0.0501808621865169,0.1598360655737705,0.9854186265286924,0.5571428571428572,0.9108695652173912,0.2484076433121019,nested_multiple_imputation
fasting subsample,combined comparison sample,model4_combined,Model 4 combined biomarkers,elastic_net,2013-2014,2370,244,combined_fasting_weight,0.5,fixed_0.50,0.8715385162571891,0.4274279197019384,0.8563819533334361,0.4335434702664298,0.0626691576592747,0.2156363804070548,0.0724360444187857,0.2448682946556477,0.0890501330596547,1.120230308583534,0.931754395338692,0.0889931294844987,0.0955113599997022,-0.0778667169691149,0.221311475409836,0.9849482596425212,0.627906976744186,0.9168126094570928,0.3272727272727272,nested_multiple_imputation
fasting subsample,combined comparison sample,model0_paired_combined,Model 0 paired combined sample,elastic_net,2015-2016,2246,266,combined_fasting_weight,0.5,fixed_0.50,0.8572657725516403,0.3687250765994022,0.8293840662261713,0.3721941345023808,0.0671813585113954,0.2278776997066469,0.087200952025725,0.2862680849186063,0.0689306530634271,1.0773942084573394,0.9600846878893812,0.0905733473179241,0.0943389145357975,-0.0448829726023514,0.1353383458646616,0.9818181818181818,0.5,0.8942042318307267,0.2130177514792899,nested_multiple_imputation
fasting subsample,combined comparison sample,model4_combined,Model 4 combined biomarkers,elastic_net,2015-2016,2246,266,combined_fasting_weight,0.5,fixed_0.50,0.8662561280613933,0.40300282449119,0.8430413154097365,0.4079424274417849,0.0654710584938532,0.2223113344020046,0.0843348125481108,0.2777847447233144,0.107385818337642,1.0879932796979928,0.9753021934142612,0.0905733473179241,0.0928669574717679,-0.0275331394773621,0.1729323308270676,0.9772727272727272,0.5054945054945055,0.8979118329466357,0.257703081232493,nested_multiple_imputation
fasting subsample,combined comparison sample,model0_paired_combined,Model 0 paired combined sample,elastic_net,2017-2018,2279,287,combined_fasting_weight,0.5,fixed_0.50,0.8306884029210242,0.3372527450888974,0.8189605110336818,0.3821611332407476,0.0771098265513821,0.2580833270640242,0.0935003687097994,0.3039309230874234,-0.198760253081113,0.8858956257277604,0.986744977379129,0.0998769339312416,0.101218588612959,-0.0148352900615384,0.205574912891986,0.968875502008032,0.4876033057851239,0.8943466172381835,0.2892156862745098,nested_multiple_imputation
fasting subsample,combined comparison sample,model4_combined,Model 4 combined biomarkers,elastic_net,2017-2018,2279,287,combined_fasting_weight,0.5,fixed_0.50,0.8342993993938815,0.3642294387132742,0.8321544015784391,0.4183863472567101,0.0765201374294319,0.2568996805458332,0.0906304514828866,0.2960173838918492,-0.2146409192237389,0.8589871215090854,1.0104645900444629,0.0998769339312416,0.0988425867816375,0.0115586729832908,0.2334494773519163,0.9683734939759036,0.5153846153846153,0.8976268031642625,0.3213429256594724,nested_multiple_imputation
fasting subsample,combined comparison sample,model0_paired_combined,Model 0 paired combined sample,xgboost,2005-2006,1836,216,combined_fasting_weight,0.5,fixed_0.50,0.8386534988237614,0.3859267355888998,0.8331418609967993,0.4064615722044798,0.0709180137574052,0.244417361162064,0.0849415063858032,0.2816153974002564,0.1921354518804818,1.0130147394699711,1.1351446942759509,0.0951024285360095,0.0837800053293385,0.1391948748524556,0.1481481481481481,0.9858024691358024,0.5818181818181818,0.8966872543514879,0.2361623616236162,nested_multiple_imputation
fasting subsample,combined comparison sample,model4_combined,Model 4 combined biomarkers,xgboost,2005-2006,1836,216,combined_fasting_weight,0.5,fixed_0.50,0.8479665588555824,0.4460367380209213,0.8468192729766804,0.4728926143880377,0.0681249547461457,0.2362858089028347,0.0813492886193787,0.271022996716886,0.2063199204448094,1.0403603395512269,1.103152492258761,0.0951024285360095,0.0862096847021416,0.107951357197864,0.1712962962962963,0.9864197530864196,0.6271186440677966,0.899268429938098,0.2690909090909091,nested_multiple_imputation
fasting subsample,combined comparison sample,model0_paired_combined,Model 0 paired combined sample,xgboost,2007-2008,2337,288,combined_fasting_weight,0.5,fixed_0.50,0.8652230821015916,0.4046427314965533,0.8308321132259638,0.4033463067841523,0.064703672205142,0.221119629545892,0.0886766389012336,0.2914791760673106,0.195759776935215,1.0888872147794069,1.0327513465042326,0.0895634391907447,0.0867231395959043,0.0353413065996734,0.1423611111111111,0.9834065397755004,0.5466666666666666,0.8908045977011494,0.2258953168044076,nested_multiple_imputation
fasting subsample,combined comparison sample,model4_combined,Model 4 combined biomarkers,xgboost,2007-2008,2337,288,combined_fasting_weight,0.5,fixed_0.50,0.8722444939251642,0.4309499557216468,0.8418232471124126,0.4388901036298185,0.0632933565283144,0.2164657176733768,0.0859463580553044,0.2833567181999523,0.2432416582344024,1.1037643971500648,1.0483380855886486,0.0895634391907447,0.0854337359502247,0.0517318375277562,0.1493055555555555,0.984382625671059,0.5733333333333334,0.8916887709991158,0.2369146005509642,nested_multiple_imputation
fasting subsample,combined comparison sample,model0_paired_combined,Model 0 paired combined sample,xgboost,2009-2010,2594,273,combined_fasting_weight,0.5,fixed_0.50,0.8365712866296584,0.3778575901075901,0.8394859484906879,0.4143120662825747,0.0616279652441782,0.2185032683161127,0.0758611261844635,0.2573768883617512,-0.0740257688265134,1.005044236431221,0.9394274063096968,0.0815187617743325,0.0867749452771006,-0.0682238589908492,0.1538461538461538,0.989659629470056,0.6363636363636364,0.908623417721519,0.247787610619469,nested_multiple_imputation
fasting subsample,combined comparison sample,model4_combined,Model 4 combined biomarkers,xgboost,2009-2010,2594,273,combined_fasting_weight,0.5,fixed_0.50,0.8392953683536205,0.3600632800055922,0.8456014759332294,0.4104721871240263,0.0620456914163704,0.2182581781202844,0.0756633269104669,0.254998771945937,-0.1788518179287755,0.9318046090563084,0.9554046741117428,0.0815187617743325,0.0853238046486658,-0.049771645857414,0.2014652014652014,0.9797501077121932,0.5392156862745098,0.9125200642054576,0.2933333333333333,nested_multiple_imputation
fasting subsample,combined comparison sample,model0_paired_combined,Model 0 paired combined sample,xgboost,2011-2012,2294,239,combined_fasting_weight,0.5,fixed_0.50,0.8263237320790022,0.3820265207610299,0.8262122183876451,0.3702656535193975,0.0724735701250747,0.2514535225513696,0.0784272998571395,0.2651064975996813,0.02567756042937,0.9296720868938608,1.1195217643830115,0.0968836554313234,0.0865402161115802,0.1242895612889656,0.1548117154811715,0.9854014598540146,0.5522388059701493,0.9092950157162102,0.2418300653594771,nested_multiple_imputation
fasting subsample,combined comparison sample,model4_combined,Model 4 combined biomarkers,xgboost,2011-2012,2294,239,combined_fasting_weight,0.5,fixed_0.50,0.8325660042972394,0.4043683320199109,0.8325850817986541,0.3886891091319086,0.0712911989620028,0.2475817417140756,0.0773773047120944,0.261846949737694,0.0669758247571018,0.9459066338041292,1.1277782070885654,0.0968836554313234,0.0859066568429576,0.1323308136669241,0.1799163179916318,0.9805352798053528,0.5180722891566265,0.911352329262777,0.2670807453416149,nested_multiple_imputation
fasting subsample,combined comparison sample,model0_paired_combined,Model 0 paired combined sample,xgboost,2013-2014,2370,244,combined_fasting_weight,0.5,fixed_0.50,0.8670491900949718,0.4142512479780652,0.8486478879755718,0.4034181042216634,0.0640393085530193,0.2190641186800441,0.0742958188056945,0.250271614834202,0.0801830595347681,1.117000853618734,0.929393788402722,0.0889931294844987,0.0957539533779802,-0.0806716859373035,0.1967213114754098,0.9849482596425212,0.6,0.914410480349345,0.2962962962962963,nested_multiple_imputation
fasting subsample,combined comparison sample,model4_combined,Model 4 combined biomarkers,xgboost,2013-2014,2370,244,combined_fasting_weight,0.5,fixed_0.50,0.8661355480052895,0.4425239117700083,0.8548513332202397,0.4431321071518221,0.0628370758190198,0.2173529943765098,0.0722811075800968,0.2451300124791207,0.0140603674595288,1.0922802011342467,0.9133502025460902,0.0889931294844987,0.0974359333762866,-0.0999466618224387,0.2336065573770492,0.9811853245531514,0.5876288659793815,0.91772987241531,0.3343108504398827,nested_multiple_imputation
fasting subsample,combined comparison sample,model0_paired_combined,Model 0 paired combined sample,xgboost,2015-2016,2246,266,combined_fasting_weight,0.5,fixed_0.50,0.8589455254996887,0.3940074890411388,0.8367395762132606,0.399577018185713,0.0657442025229456,0.2260106974388545,0.0845681056380271,0.280378282597674,0.0293847162366266,1.1004014635119594,0.9127753265258118,0.0905733473179241,0.0992285228202461,-0.1008282672763392,0.1654135338345864,0.9818181818181818,0.55,0.8975069252077562,0.2543352601156069,nested_multiple_imputation
fasting subsample,combined comparison sample,model4_combined,Model 4 combined biomarkers,xgboost,2015-2016,2246,266,combined_fasting_weight,0.5,fixed_0.50,0.8676640530785366,0.4283877236811438,0.8491190096453254,0.4328194219713095,0.0639384944568146,0.2201634052035015,0.081941687952856,0.2722359111236104,0.1343224700651612,1.1519285964427557,0.9303218808658884,0.0905733473179241,0.0973569999596525,-0.0797118667520946,0.169172932330827,0.9808080808080808,0.5421686746987951,0.8978270920018493,0.2578796561604584,nested_multiple_imputation
fasting subsample,combined comparison sample,model0_paired_combined,Model 0 paired combined sample,xgboost,2017-2018,2279,287,combined_fasting_weight,0.5,fixed_0.50,0.8272792279845542,0.3305817415691557,0.8159563340469894,0.3793157977279818,0.0777507921969778,0.2606543212079176,0.0940166562795639,0.305935082229661,-0.2660737029183899,0.8588814231053581,0.9677258666325118,0.0998769339312416,0.1032078787754149,-0.0365138352058602,0.1881533101045296,0.9658634538152612,0.4426229508196721,0.8919796012980992,0.2640586797066014,nested_multiple_imputation
fasting subsample,combined comparison sample,model4_combined,Model 4 combined biomarkers,xgboost,2017-2018,2279,287,combined_fasting_weight,0.5,fixed_0.50,0.8202538390298266,0.3333199455898135,0.8206274575654534,0.4034495203070421,0.0788157605823546,0.2653755047235335,0.092491082321866,0.3027720112100481,-0.3586019858695003,0.7902735945800927,0.9846894455605713,0.0998769339312416,0.1014298816561225,-0.0171557227546506,0.2369337979094076,0.9633534136546184,0.4822695035460992,0.8975678203928905,0.3177570093457944,nested_multiple_imputation
MEC examination sample,core MEC target sample,model0_core,Model 0 core clinical,elastic_net,2005-2006,4448,533,combined_mec_weight,0.5,fixed_0.50,0.8474229053381095,0.3786393492735861,0.8403806018608374,0.4107594812875667,0.066040311259483,0.2288318031367081,0.084929334367036,0.2809971865809485,0.1059471704405748,0.9947416253587597,1.0890551153797492,0.0895836535532119,0.0822581449626399,0.0933245826363378,0.1388367729831144,0.9849297573435504,0.556390977443609,0.8936268829663963,0.2222222222222222,nested_multiple_imputation
MEC examination sample,core MEC target sample,model0_core,Model 0 core clinical,elastic_net,2007-2008,5649,677,combined_mec_weight,0.5,fixed_0.50,0.8514446387537717,0.3834977291103685,0.8263237200702069,0.3848193697253642,0.0637631743193121,0.2209777548028648,0.0875244533756361,0.2890923557038873,0.0694536225810107,1.024926712868579,1.0198980945330094,0.086286136260994,0.0846027036657056,0.021543426590644,0.1299852289512555,0.9827031375703942,0.5057471264367817,0.8924200913242009,0.2068155111633372,nested_multiple_imputation
MEC examination sample,core MEC target sample,model0_core,Model 0 core clinical,elastic_net,2009-2010,5990,646,combined_mec_weight,0.5,fixed_0.50,0.8452409522165378,0.3504824106346944,0.8387480070818115,0.3891991339382807,0.0623007376253395,0.2168392376360465,0.0789518763561067,0.2638979836885712,-0.1685420313155046,0.9537351286056378,0.9347370564011256,0.0810749535580189,0.0867355723225196,-0.0736691077439761,0.1656346749226006,0.9812874251497006,0.5169082125603864,0.906795780736642,0.2508792497069168,nested_multiple_imputation
MEC examination sample,core MEC target sample,model0_core,Model 0 core clinical,elastic_net,2011-2012,5260,550,combined_mec_weight,0.5,fixed_0.50,0.839331193896127,0.3696651030488631,0.8302223508975103,0.3654333935485951,0.0653954196672101,0.2286227905357045,0.0786103693228771,0.2645395678386608,-0.0466318889965126,0.953910639003812,1.024878047759194,0.0872691883059831,0.0851508025728422,0.0268918700597939,0.14,0.9842887473460722,0.5099337748344371,0.907418281464083,0.2196861626248217,nested_multiple_imputation
MEC examination sample,core MEC target sample,model0_core,Model 0 core clinical,elastic_net,2013-2014,5522,573,combined_mec_weight,0.5,fixed_0.50,0.8449994701804864,0.3701905674462588,0.8367082460997461,0.3934570855822979,0.0662003355307905,0.2282247694869489,0.076380814053402,0.257710007068841,-0.0458306735658895,0.9919471897384008,0.9760669682657288,0.088149862833457,0.0903112857000798,-0.0265972643931027,0.1343804537521815,0.9872701555869872,0.55,0.9078409513192122,0.2159887798036465,nested_multiple_imputation
MEC examination sample,core MEC target sample,model0_core,Model 0 core clinical,elastic_net,2015-2016,5404,597,combined_mec_weight,0.5,fixed_0.50,0.8610809778268647,0.3575206697037384,0.8439162040003778,0.381353377700618,0.065384458906536,0.2212795827163601,0.0805582170729755,0.2657405801490566,0.023346879339049,1.051649985296687,0.9567470107101108,0.0873010721421241,0.0912478128124257,-0.0485499082779261,0.1373534338358459,0.9852298731017266,0.5359477124183006,0.901923443153685,0.2186666666666666,nested_multiple_imputation
MEC examination sample,core MEC target sample,model0_core,Model 0 core clinical,elastic_net,2017-2018,5209,646,combined_mec_weight,0.5,fixed_0.50,0.8515487672035789,0.370669452703239,0.8256480141452756,0.3832305033519471,0.0716127473051065,0.2402248919976249,0.0907609760427573,0.2961595638823042,0.0030521736358603,0.9965290708848372,1.0062846662471456,0.0963747859305344,0.0957728853108297,0.0069308737665223,0.1547987616099071,0.9772079772079773,0.4901960784313725,0.8909090909090909,0.2352941176470588,nested_multiple_imputation
MEC examination sample,core MEC target sample,model0_core,Model 0 core clinical,xgboost,2005-2006,4448,533,combined_mec_weight,0.5,fixed_0.50,0.8516758730206834,0.412941864060968,0.8462650267528316,0.4427116216019975,0.0654982858382823,0.2266172172534252,0.0840212926268577,0.2772197393411175,0.3468511791392593,1.0914968830926814,1.1441431173980503,0.0895836535532119,0.0782975942353596,0.1469763704414943,0.1125703564727955,0.9910600255427842,0.631578947368421,0.8913393062255915,0.1910828025477707,nested_multiple_imputation
MEC examination sample,core MEC target sample,model0_core,Model 0 core clinical,xgboost,2007-2008,5649,677,combined_mec_weight,0.5,fixed_0.50,0.8613864692584591,0.4040370238704777,0.8356376208985977,0.410878461770061,0.0628536873608557,0.2166527591353217,0.0857966840267181,0.28263033794891,0.2212083505528824,1.1048125515694465,1.0312421764092652,0.086286136260994,0.0836720396380975,0.03362094497579,0.103397341211226,0.98994368463395,0.5833333333333334,0.8902152287936336,0.1756587202007528,nested_multiple_imputation
MEC examination sample,core MEC target sample,model0_core,Model 0 core clinical,xgboost,2009-2010,5990,646,combined_mec_weight,0.5,fixed_0.50,0.8498723289696879,0.35437512387999,0.8415095602139373,0.391852782884068,0.0616705881344128,0.2145921954707842,0.0783470049500465,0.2619206155146891,-0.0438584384975872,1.0171474218694927,0.9466312870782134,0.0810749535580189,0.085645757397537,-0.0598320987867135,0.1253869969040247,0.9870883233532934,0.54,0.9032534246575342,0.2035175879396984,nested_multiple_imputation
MEC examination sample,core MEC target sample,model0_core,Model 0 core clinical,xgboost,2011-2012,5260,550,combined_mec_weight,0.5,fixed_0.50,0.8430492669243581,0.3708964902234725,0.8336618413433701,0.3709733088657413,0.0652789459894023,0.2273789915016509,0.0779052153229713,0.2622678237162744,-0.0319978825679706,0.9461705154658572,1.0466673135487805,0.0872691883059831,0.0833781538568281,0.0498651371788243,0.1272727272727272,0.986411889596603,0.5223880597014925,0.9063597346859148,0.2046783625730994,nested_multiple_imputation
MEC examination sample,core MEC target sample,model0_core,Model 0 core clinical,xgboost,2013-2014,5522,573,combined_mec_weight,0.5,fixed_0.50,0.8466932265397424,0.3860683828891802,0.8387845729759428,0.3945070594122524,0.0657544679795072,0.2269813973067795,0.076051615178585,0.2565709966408252,-0.1563997518039331,0.9440151024503048,0.951314193118834,0.088149862833457,0.0926611454670536,-0.0548705628530026,0.1623036649214659,0.987472216609416,0.6,0.9105645612073784,0.2554945054945055,nested_multiple_imputation
MEC examination sample,core MEC target sample,model0_core,Model 0 core clinical,xgboost,2015-2016,5404,597,combined_mec_weight,0.5,fixed_0.50,0.8655147015741897,0.3762261325230315,0.8481356926787743,0.4064941646793297,0.0642874808080284,0.2185985770861127,0.0790631175041198,0.2622138389536705,0.014148183319893,1.0614051482404028,0.9410932316815036,0.0873010721421241,0.0927655934642505,-0.0667182735654652,0.1591289782244556,0.9831495735385896,0.5397727272727273,0.9039785768936496,0.2457956015523933,nested_multiple_imputation
MEC examination sample,core MEC target sample,model0_core,Model 0 core clinical,xgboost,2017-2018,5209,646,combined_mec_weight,0.5,fixed_0.50,0.8513899924474511,0.3663011677286718,0.8233299340705865,0.3700034779873097,0.0714107856516425,0.2402138718697412,0.0910972505807876,0.2973042914644325,0.0007755859606321,1.0079333868495517,0.9914419427663052,0.0963747859305344,0.0972066863155205,-0.0095159371906898,0.1377708978328173,0.980276134122288,0.4972067039106145,0.8892644135188866,0.2157575757575757,nested_multiple_imputation
MEC examination sample,renal comparison sample,model1_renal,Model 1 renal,elastic_net,2005-2006,4448,533,combined_mec_weight,0.5,fixed_0.50,0.8523892434450644,0.4057409240590031,0.8482557345467353,0.4351913497437996,0.064340830382467,0.2243002786128023,0.0827036722678285,0.2748846244246731,0.1005555555238049,1.0138038316484732,1.0570246552040834,0.0895836535532119,0.0847507701094405,0.0607524243919503,0.2045028142589118,0.9790549169859516,0.5706806282722513,0.9003993422598073,0.3011049723756906,nested_multiple_imputation
MEC examination sample,renal comparison sample,model1_renal,Model 1 renal,elastic_net,2007-2008,5649,677,combined_mec_weight,0.5,fixed_0.50,0.8559110113826961,0.4085225803197829,0.833166173704206,0.4164107932375904,0.0625923536262887,0.2176759342002935,0.0855646344507522,0.2839358159688515,0.0805447995713095,1.0296857567813693,1.021487176123679,0.086286136260994,0.0844710910502382,0.0232440589976796,0.172821270310192,0.9810941271118262,0.5545023696682464,0.897020963589555,0.2635135135135135,nested_multiple_imputation
MEC examination sample,renal comparison sample,model1_renal,Model 1 renal,elastic_net,2009-2010,5990,646,combined_mec_weight,0.5,fixed_0.50,0.8489943332516682,0.3516600461044369,0.8442178143712574,0.397335693894411,0.0620167495162418,0.2154543923976415,0.078257983302569,0.2613568824445075,-0.1729671469296611,0.9390873617840522,0.9509593430627632,0.0810749535580189,0.0852559619393402,-0.0548442419268817,0.1888544891640866,0.9781062874251496,0.5104602510460251,0.9088854112328292,0.2757062146892655,nested_multiple_imputation
MEC examination sample,renal comparison sample,model1_renal,Model 1 renal,elastic_net,2011-2012,5260,550,combined_mec_weight,0.5,fixed_0.50,0.8449700110906397,0.3960429328408129,0.8383420189152674,0.3888770329757844,0.0640639317046877,0.2247526131173811,0.0770774080279962,0.2598264097237556,-0.0229803720771239,0.9623354173787472,1.0315054106995325,0.0872691883059831,0.0846037135634607,0.03393537263435,0.1890909090909091,0.98067940552017,0.5333333333333333,0.9119447186574532,0.2791946308724832,nested_multiple_imputation
MEC examination sample,renal comparison sample,model1_renal,Model 1 renal,elastic_net,2013-2014,5522,573,combined_mec_weight,0.5,fixed_0.50,0.8521678974215197,0.3898544512165734,0.8461493975019897,0.4118904919282927,0.0647992451202377,0.2238428986217976,0.0746434638338682,0.2520786261150032,-0.0390736208491949,1.0118943191936474,0.9583064920055364,0.088149862833457,0.0919850419138637,-0.0468024243138183,0.1884816753926701,0.984037179228127,0.5775401069518716,0.9128397375820057,0.2842105263157895,nested_multiple_imputation
MEC examination sample,renal comparison sample,model1_renal,Model 1 renal,elastic_net,2015-2016,5404,597,combined_mec_weight,0.5,fixed_0.50,0.866290992162325,0.3694247427582289,0.8531684844024575,0.3995962682385067,0.064695302900158,0.2188642011698378,0.0789705791135986,0.2607455531407486,0.0111718048400119,1.0352091965821244,0.9670019290114642,0.0873010721421241,0.0902801426997868,-0.0368241505239606,0.1658291457286432,0.9794050343249427,0.5,0.9043411448328852,0.2490566037735849,nested_multiple_imputation
MEC examination sample,renal comparison sample,model1_renal,Model 1 renal,elastic_net,2017-2018,5209,646,combined_mec_weight,0.5,fixed_0.50,0.8537423067076619,0.3828010268712202,0.8326816383496546,0.4011509790604058,0.0713766883253849,0.2393611759764398,0.089564074343205,0.2923399656509198,-9.529508889041804e-05,0.983001425553332,1.0200707385194363,0.0963747859305344,0.0944785320186872,0.0219682736300703,0.1904024767801857,0.9745781284242824,0.5146443514644351,0.8947686116700201,0.2779661016949152,nested_multiple_imputation
MEC examination sample,renal comparison sample,model1_renal,Model 1 renal,xgboost,2005-2006,4448,533,combined_mec_weight,0.5,fixed_0.50,0.8541068784840559,0.4331584371730046,0.8524154224742956,0.466224357933626,0.0638655755512715,0.2232650705956093,0.0815679995365143,0.2713657786663528,0.1501774750460824,1.0062267640602962,1.106647122177065,0.0895836535532119,0.0809505141774348,0.1107727833475511,0.1951219512195122,0.9818646232439336,0.5942857142857143,0.8996021530540603,0.2937853107344633,nested_multiple_imputation
MEC examination sample,renal comparison sample,model1_renal,Model 1 renal,xgboost,2007-2008,5649,677,combined_mec_weight,0.5,fixed_0.50,0.8634219687276733,0.4272505066071286,0.8409016637928678,0.4351000253514432,0.0618203529377238,0.2143799438939174,0.0841619678190078,0.2786336138557875,0.2290024618756525,1.1072503757430088,1.0330685982838366,0.086286136260994,0.0835241109877263,0.03555189097067,0.1447562776957164,0.9881335478680612,0.6242038216560509,0.8945739257101238,0.2350119904076738,nested_multiple_imputation
MEC examination sample,renal comparison sample,model1_renal,Model 1 renal,xgboost,2009-2010,5990,646,combined_mec_weight,0.5,fixed_0.50,0.8516433309077998,0.3518961654040664,0.8451687955358632,0.3950255491167628,0.0615387688916242,0.2139441506927553,0.0778606870995712,0.2602091707684376,-0.0607917833005503,0.9932327545239676,0.964244199548411,0.0810749535580189,0.0840813495129025,-0.0396877053180926,0.1517027863777089,0.9831586826347304,0.5212765957446809,0.9055498104102032,0.2350119904076738,nested_multiple_imputation
MEC examination sample,renal comparison sample,model1_renal,Model 1 renal,xgboost,2011-2012,5260,550,combined_mec_weight,0.5,fixed_0.50,0.8470232307285511,0.3953772364688532,0.8403543717429067,0.3904803465758323,0.0643744165031386,0.2245091592131262,0.0768048973559363,0.2584794480459727,-0.0129566879655722,0.9611972361465918,1.0407386221867716,0.0872691883059831,0.0838531274284944,0.0436663699743284,0.1727272727272727,0.9798301486199577,0.5,0.9102564102564102,0.2567567567567567,nested_multiple_imputation
MEC examination sample,renal comparison sample,model1_renal,Model 1 renal,xgboost,2013-2014,5522,573,combined_mec_weight,0.5,fixed_0.50,0.8515484939613525,0.3885587029851663,0.8473868008662175,0.4100380398097726,0.0649745471659871,0.2243150068003205,0.0744853741356271,0.2513601964971237,-0.1580541817645613,0.9605554246835504,0.9324646670530116,0.088149862833457,0.0945342659599622,-0.0769502374558315,0.2181500872600349,0.9826227520711256,0.5924170616113744,0.9156467708529468,0.3188775510204081,nested_multiple_imputation
MEC examination sample,renal comparison sample,model1_renal,Model 1 renal,xgboost,2015-2016,5404,597,combined_mec_weight,0.5,fixed_0.50,0.867961502215769,0.3871107322550857,0.8544347840025311,0.4232179420070782,0.0637798597579376,0.2171615196703646,0.0776619420902762,0.2582874478589825,0.0056550470965394,1.0487639806397395,0.9490200391818608,0.0873010721421241,0.0919907573473215,-0.0574768716389746,0.2043551088777219,0.9816933638443937,0.580952380952381,0.9085483249903736,0.3023543990086741,nested_multiple_imputation
MEC examination sample,renal comparison sample,model1_renal,Model 1 renal,xgboost,2017-2018,5209,646,combined_mec_weight,0.5,fixed_0.50,0.852823716728029,0.3793415850323937,0.8302675511534763,0.3956705087095586,0.0712544781144689,0.2395987605983704,0.0897227451338297,0.2929549662666582,0.0235440724488473,1.0056446264320271,1.010478606682775,0.0963747859305344,0.0953753847861422,0.0115294662266109,0.1718266253869969,0.9765505150120536,0.5091743119266054,0.8928070526948507,0.2569444444444445,nested_multiple_imputation
fasting subsample,combined comparison sample,model0_paired_combined,Model 0 paired combined sample,elastic_net,2005-2006,1814,206,combined_fasting_weight_x_stabilized_uacr_ipw,0.5,fixed_0.50,0.8260699185578113,0.3422808571005925,0.8220094913780611,0.3713449495671823,0.0713223234694943,0.2471236317791553,0.0848890134658025,0.2829627002829326,-0.0844193846451264,0.8984169983716737,1.073898461741592,0.0931071971828085,0.0867001867493246,0.0783354043022073,0.1359223300970873,0.9800995024875622,0.4666666666666667,0.8985176738882554,0.2105263157894736,stabilized_ipw_complete_case
fasting subsample,combined comparison sample,model4_combined,Model 4 combined biomarkers,elastic_net,2005-2006,1814,206,combined_fasting_weight_x_stabilized_uacr_ipw,0.5,fixed_0.50,0.8412258264490753,0.3936749503757665,0.8360322175530117,0.4142586999784828,0.0686177727318638,0.2376313618837512,0.0822052324586297,0.2739846935011638,-0.0253516216502505,0.959363739464953,1.032553330748747,0.0931071971828085,0.0901718046033444,0.0352662276001352,0.2135922330097087,0.9751243781094528,0.5238095238095238,0.9063583815028902,0.3034482758620689,stabilized_ipw_complete_case
fasting subsample,combined comparison sample,model0_paired_combined,Model 0 paired combined sample,elastic_net,2007-2008,2295,273,combined_fasting_weight_x_stabilized_uacr_ipw,0.5,fixed_0.50,0.8527153556996501,0.3832729597176635,0.8182048745846965,0.3726536647035184,0.0649382559428848,0.2238512105378619,0.0880396964789135,0.2926314159137914,0.0902036270643839,1.0314214025368789,1.0270627956696707,0.0883276072912336,0.0860002014128472,0.0292527179094235,0.1318681318681318,0.9812067260138476,0.4864864864864865,0.8932913102206214,0.207492795389049,stabilized_ipw_complete_case
fasting subsample,combined comparison sample,model4_combined,Model 4 combined biomarkers,elastic_net,2007-2008,2295,273,combined_fasting_weight_x_stabilized_uacr_ipw,0.5,fixed_0.50,0.8624400692547067,0.4040890425530303,0.8302192367474267,0.4026489993850093,0.0639910052506853,0.2196982146403889,0.086066315696927,0.2859280798223821,0.0386081474947494,1.0130999205483344,1.011570599832811,0.0883276072912336,0.0873172938258903,0.0126117566948864,0.1904761904761904,0.9772502472799208,0.5306122448979592,0.8994082840236687,0.2803234501347709,stabilized_ipw_complete_case
fasting subsample,combined comparison sample,model0_paired_combined,Model 0 paired combined sample,elastic_net,2009-2010,2567,262,combined_fasting_weight_x_stabilized_uacr_ipw,0.5,fixed_0.50,0.8387422829804264,0.3491298403266413,0.8406351939858588,0.3903309901102746,0.0619091277391881,0.2176364859074606,0.0747930071373728,0.253230076964326,-0.1579770980766204,0.9708850067843178,0.9211797258478174,0.0804568920359537,0.0873411450321536,-0.0896148866593931,0.1717557251908397,0.9852494577006508,0.569620253164557,0.9127813504823152,0.2639296187683284,stabilized_ipw_complete_case
fasting subsample,combined comparison sample,model4_combined,Model 4 combined biomarkers,elastic_net,2009-2010,2567,262,combined_fasting_weight_x_stabilized_uacr_ipw,0.5,fixed_0.50,0.8436608606780215,0.3548425565316385,0.8460581874782667,0.3971241791485321,0.0613196107241467,0.2153333793105132,0.0739827388554474,0.2502656526884617,-0.1438768449829056,0.9592774200020306,0.946740059564888,0.0804568920359537,0.0849830861418612,-0.0596650865026249,0.1908396946564885,0.9813449023861172,0.5376344086021505,0.9143088116410673,0.2816901408450704,stabilized_ipw_complete_case
fasting subsample,combined comparison sample,model0_paired_combined,Model 0 paired combined sample,elastic_net,2011-2012,2273,229,combined_fasting_weight_x_stabilized_uacr_ipw,0.5,fixed_0.50,0.8284874687173882,0.3648644864361904,0.8207171484972525,0.3353588837016432,0.0716378133175558,0.2484593979299288,0.0782366236306565,0.2648137599318599,-0.0618265520401217,0.902705205040758,1.0832339008489702,0.0952607467713172,0.0879410685879179,0.0880087411859107,0.1572052401746725,0.9833659491193738,0.5142857142857142,0.9123921924648208,0.2408026755852842,stabilized_ipw_complete_case
fasting subsample,combined comparison sample,model4_combined,Model 4 combined biomarkers,elastic_net,2011-2012,2273,229,combined_fasting_weight_x_stabilized_uacr_ipw,0.5,fixed_0.50,0.8348049039686603,0.3885732640249265,0.827955289311992,0.3554281941188131,0.0702015674669575,0.244491545626203,0.0768904251729945,0.2611933195116043,-0.0453056041935263,0.901572457059889,1.0974899043380373,0.0952607467713172,0.0867987453868878,0.1023351714566898,0.1790393013100436,0.977495107632094,0.4712643678160919,0.9139981701738334,0.2594936708860759,stabilized_ipw_complete_case
fasting subsample,combined comparison sample,model0_paired_combined,Model 0 paired combined sample,elastic_net,2013-2014,2342,236,combined_fasting_weight_x_stabilized_uacr_ipw,0.5,fixed_0.50,0.8663864025647077,0.4029751323350885,0.8447434287829768,0.399088240886961,0.0633256410258489,0.2167702491094371,0.0737155604509376,0.2488365650308535,0.1651187555394996,1.1450872553631206,0.9512917644062032,0.0871787542078902,0.0916424986211325,-0.054836514593382,0.1398305084745762,0.9857549857549858,0.5238095238095238,0.9109258446687144,0.2207357859531772,stabilized_ipw_complete_case
fasting subsample,combined comparison sample,model4_combined,Model 4 combined biomarkers,elastic_net,2013-2014,2342,236,combined_fasting_weight_x_stabilized_uacr_ipw,0.5,fixed_0.50,0.8724512780823301,0.4271059778729996,0.8566142739871553,0.4255477909361624,0.0613647346058289,0.2122313396814467,0.0713087203493891,0.241832093990622,0.1047999116988417,1.133774667294443,0.9269455137794252,0.0871787542078902,0.0940494914878407,-0.083415887580708,0.2076271186440678,0.9848053181386516,0.6049382716049383,0.9172932330827068,0.3091482649842271,stabilized_ipw_complete_case
fasting subsample,combined comparison sample,model0_paired_combined,Model 0 paired combined sample,elastic_net,2015-2016,2222,261,combined_fasting_weight_x_stabilized_uacr_ipw,0.5,fixed_0.50,0.8634987779993684,0.3794784264045639,0.8310835233411682,0.3764777470604484,0.0665077199241988,0.2249520128262118,0.0862501418659105,0.2834951491377308,0.1397196903762714,1.1213236461395122,0.9613393228431174,0.0905833731040876,0.0942262226787847,-0.0434415824800913,0.1226053639846743,0.9847016828148905,0.5161290322580645,0.8939814814814815,0.198142414860681,stabilized_ipw_complete_case
fasting subsample,combined comparison sample,model4_combined,Model 4 combined biomarkers,elastic_net,2015-2016,2222,261,combined_fasting_weight_x_stabilized_uacr_ipw,0.5,fixed_0.50,0.8722442972236827,0.413947744659977,0.8435878949867239,0.4100443557038147,0.0647786962239742,0.2195087731535665,0.0836342755569831,0.2759099302568237,0.1715401095407056,1.1286591939164117,0.9752731335223234,0.0905833731040876,0.0928800045756764,-0.0275662942428698,0.160919540229885,0.9806221315655278,0.525,0.8977591036414566,0.2463343108504398,stabilized_ipw_complete_case
fasting subsample,combined comparison sample,model0_paired_combined,Model 0 paired combined sample,elastic_net,2017-2018,2250,277,combined_fasting_weight_x_stabilized_uacr_ipw,0.5,fixed_0.50,0.829779136071816,0.3387307812029224,0.8183052435313557,0.3803186362661482,0.0764389163459073,0.2568864200400768,0.0917564149563223,0.2999622650011224,-0.1979559062061905,0.88542470467012,0.989170313197406,0.0988990883470762,0.0999818605831322,-0.0120910876285513,0.1985559566787003,0.9706031424227064,0.4867256637168141,0.8961160505381376,0.282051282051282,stabilized_ipw_complete_case
fasting subsample,combined comparison sample,model4_combined,Model 4 combined biomarkers,elastic_net,2017-2018,2250,277,combined_fasting_weight_x_stabilized_uacr_ipw,0.5,fixed_0.50,0.8314808012637386,0.3625808280186983,0.8298217268869813,0.4132598773850263,0.0761391409981115,0.2565711288642575,0.0893755422085034,0.2932897855233605,-0.223688685432792,0.8510613511537,1.0159300210608373,0.0988990883470762,0.0973483274407085,0.0175239532481796,0.223826714801444,0.969589457678662,0.5081967213114754,0.8989661654135338,0.3107769423558897,stabilized_ipw_complete_case
fasting subsample,combined comparison sample,model0_paired_combined,Model 0 paired combined sample,xgboost,2005-2006,1814,206,combined_fasting_weight_x_stabilized_uacr_ipw,0.5,fixed_0.50,0.8343478887829694,0.3692893786733208,0.827688016229532,0.3850665219351166,0.0704746279038407,0.2437305498811265,0.0837578922510147,0.2790163754181244,0.1334908201686832,0.9867976861568244,1.1270728418155949,0.0931071971828085,0.0826097424482544,0.1311325744276414,0.1359223300970873,0.986318407960199,0.56,0.8990929705215419,0.21875,stabilized_ipw_complete_case
fasting subsample,combined comparison sample,model4_combined,Model 4 combined biomarkers,xgboost,2005-2006,1814,206,combined_fasting_weight_x_stabilized_uacr_ipw,0.5,fixed_0.50,0.8458039454649615,0.4277672514838482,0.8409560208665411,0.4464088233121908,0.0677985598608686,0.2349571689283544,0.08051398396492,0.2689418043371656,0.1830712936020566,1.0328174716854668,1.0957761508036732,0.0931071971828085,0.084969176518873,0.1003964228757752,0.174757281553398,0.9856965174129352,0.6101694915254238,0.9031339031339032,0.2716981132075471,stabilized_ipw_complete_case
fasting subsample,combined comparison sample,model0_paired_combined,Model 0 paired combined sample,xgboost,2007-2008,2295,273,combined_fasting_weight_x_stabilized_uacr_ipw,0.5,fixed_0.50,0.8621701220512104,0.3947027326953335,0.8262455480556372,0.3886518450723247,0.064456573033516,0.2207721652467782,0.086925558745861,0.287587777870808,0.1814541239936256,1.0735509054925698,1.0403867339908013,0.0883276072912336,0.084898821183945,0.0433464337216342,0.1391941391941392,0.9846686449060336,0.5507246376811594,0.894429469901168,0.2222222222222222,stabilized_ipw_complete_case
fasting subsample,combined comparison sample,model4_combined,Model 4 combined biomarkers,xgboost,2007-2008,2295,273,combined_fasting_weight_x_stabilized_uacr_ipw,0.5,fixed_0.50,0.870438062534727,0.4230567352912932,0.8374709695184472,0.4238497466667577,0.0629481360468093,0.2156596024239147,0.0843221396207809,0.279676047186737,0.2545540917267055,1.098591511215414,1.061553212033577,0.0883276072912336,0.0832060101085539,0.0653352133906781,0.1501831501831501,0.9856577645895154,0.5857142857142857,0.8957303370786517,0.239067055393586,stabilized_ipw_complete_case
fasting subsample,combined comparison sample,model0_paired_combined,Model 0 paired combined sample,xgboost,2009-2010,2567,262,combined_fasting_weight_x_stabilized_uacr_ipw,0.5,fixed_0.50,0.8340894017553921,0.3681868610240802,0.8385487903826729,0.4011400510249183,0.0611068878345265,0.2175081621142186,0.0741785168647766,0.2531757724909995,-0.0893988437954218,0.9938444508493663,0.9419988602447968,0.0804568920359537,0.0854108167551768,-0.0651531548516639,0.1526717557251908,0.9891540130151844,0.6153846153846154,0.9112709832134293,0.2446483180428134,stabilized_ipw_complete_case
fasting subsample,combined comparison sample,model4_combined,Model 4 combined biomarkers,xgboost,2009-2010,2567,262,combined_fasting_weight_x_stabilized_uacr_ipw,0.5,fixed_0.50,0.8387333364001627,0.3580836711265091,0.8443211736848204,0.4045791093969338,0.0614111186129639,0.2165396766224674,0.0740075409412384,0.250710168582183,-0.1707188327121888,0.9362819270575862,0.9565822431451656,0.0804568920359537,0.0841087032636294,-0.0483677493346106,0.1946564885496183,0.9813449023861172,0.5425531914893617,0.914678528103518,0.2865168539325842,stabilized_ipw_complete_case
fasting subsample,combined comparison sample,model0_paired_combined,Model 0 paired combined sample,xgboost,2011-2012,2273,229,combined_fasting_weight_x_stabilized_uacr_ipw,0.5,fixed_0.50,0.8242002018878238,0.3685583919022618,0.8208666968611935,0.3533892779530936,0.072111488487138,0.2505733540828128,0.0771069526672363,0.2622814563358136,0.023380495415028,0.9268395668512938,1.1250740043179164,0.0952607467713172,0.0846706495801311,0.1294859772268144,0.1266375545851528,0.987279843444227,0.5272727272727272,0.9098286744815148,0.204225352112676,stabilized_ipw_complete_case
fasting subsample,combined comparison sample,model4_combined,Model 4 combined biomarkers,xgboost,2011-2012,2273,229,combined_fasting_weight_x_stabilized_uacr_ipw,0.5,fixed_0.50,0.8272234033368857,0.3819864637920476,0.8268785410916176,0.3662765642071137,0.0713999102982756,0.2485484993774194,0.0762522593140602,0.259554611922843,0.0596473290835473,0.9344352614263268,1.143852936011705,0.0952607467713172,0.0832805894641183,0.1475569871537336,0.1659388646288209,0.9838551859099804,0.5352112676056338,0.913260672116258,0.2533333333333333,stabilized_ipw_complete_case
fasting subsample,combined comparison sample,model0_paired_combined,Model 0 paired combined sample,xgboost,2013-2014,2342,236,combined_fasting_weight_x_stabilized_uacr_ipw,0.5,fixed_0.50,0.8671279226401893,0.4077200821517167,0.847978737103031,0.3953510735371322,0.062736138433303,0.2159722895217517,0.0730679035186767,0.2472990320417859,0.1168383561790916,1.1345960390078598,0.9320333681217834,0.0871787542078902,0.0935360870003734,-0.077375515670333,0.1864406779661017,0.9848053181386516,0.5789473684210527,0.9152691968225948,0.2820512820512821,stabilized_ipw_complete_case
fasting subsample,combined comparison sample,model4_combined,Model 4 combined biomarkers,xgboost,2013-2014,2342,236,combined_fasting_weight_x_stabilized_uacr_ipw,0.5,fixed_0.50,0.8674094212122968,0.4448127054504349,0.8551092922561849,0.4343090255997184,0.0611819186676121,0.2130033079116478,0.0710551217198371,0.2416994490829668,0.07310755833026,1.1195247451580328,0.9212874566995082,0.0871787542078902,0.0946270933940706,-0.0901763411002951,0.2203389830508474,0.9838556505223172,0.6046511627906976,0.9184397163120568,0.3229813664596273,stabilized_ipw_complete_case
fasting subsample,combined comparison sample,model0_paired_combined,Model 0 paired combined sample,xgboost,2015-2016,2222,261,combined_fasting_weight_x_stabilized_uacr_ipw,0.5,fixed_0.50,0.8651155967626649,0.3998056968442486,0.8363646665533456,0.3958987966427473,0.0652145093471623,0.2231136313218402,0.0841942131519317,0.2788698884831252,0.108618827986622,1.1472892259080123,0.9177816705459644,0.0905833731040876,0.098698171919474,-0.0947588790591167,0.1379310344827586,0.98419173890872,0.5373134328358209,0.8955916473317865,0.2195121951219512,stabilized_ipw_complete_case
fasting subsample,combined comparison sample,model4_combined,Model 4 combined biomarkers,xgboost,2015-2016,2222,261,combined_fasting_weight_x_stabilized_uacr_ipw,0.5,fixed_0.50,0.8736923382560355,0.4327757152122118,0.8489667286023825,0.4315825454140116,0.0636329558454502,0.2180457182087001,0.0817475020885467,0.2713271930434454,0.1810367319655748,1.1784594779977682,0.9340762028360896,0.0905833731040876,0.0969764274360634,-0.075251923257142,0.1724137931034483,0.9826619071902092,0.569620253164557,0.8992067195520299,0.2647058823529412,stabilized_ipw_complete_case
fasting subsample,combined comparison sample,model0_paired_combined,Model 0 paired combined sample,xgboost,2017-2018,2250,277,combined_fasting_weight_x_stabilized_uacr_ipw,0.5,fixed_0.50,0.8235446302565259,0.3183626469511659,0.8133685622327412,0.367778040586089,0.077758258942004,0.2614185635529213,0.0929746329784393,0.3038285662094312,-0.2910982430423752,0.8427893909990376,0.970960508993576,0.0988990883470762,0.1018569626993249,-0.0327573930019773,0.187725631768953,0.9670552458185504,0.4444444444444444,0.8945147679324894,0.2639593908629442,stabilized_ipw_complete_case
fasting subsample,combined comparison sample,model4_combined,Model 4 combined biomarkers,xgboost,2017-2018,2250,277,combined_fasting_weight_x_stabilized_uacr_ipw,0.5,fixed_0.50,0.8180925539145566,0.3299316268079235,0.8195513072690711,0.3973079942162725,0.0788212424370074,0.2655840069428161,0.0916403159499168,0.3003454377864804,-0.3780269157240878,0.7791340122868238,0.9879376284854648,0.0988990883470762,0.1001066114858802,-0.0134766641407564,0.2527075812274368,0.9660415610745058,0.5109489051094891,0.9020350212967344,0.3381642512077294,stabilized_ipw_complete_case
MEC examination sample,core MEC target sample,model0_core,Model 0 core clinical,elastic_net,2005-2006,4305,495,combined_mec_weight_x_stabilized_uacr_ipw,0.5,fixed_0.50,0.847473599313109,0.3721619406194538,0.8382443861184019,0.4000755887702607,0.065354394440183,0.2266195218344227,0.0826743114812311,0.2753150285790945,0.1294781795942767,1.0037591764161842,1.095933520601697,0.0879688635233573,0.0802684304017456,0.1000142552292739,0.1373737373737373,0.9860892388451444,0.5619834710743802,0.8979445506692161,0.2207792207792207,stabilized_ipw_complete_case
MEC examination sample,core MEC target sample,model0_core,Model 0 core clinical,elastic_net,2007-2008,5467,626,combined_mec_weight_x_stabilized_uacr_ipw,0.5,fixed_0.50,0.847842924013072,0.369052955603023,0.8230031288917282,0.3655471202736781,0.063159069111537,0.2196500924433298,0.0852933400605222,0.2832814469544892,0.0365300828160807,1.0122167532375417,1.0114841570010047,0.0843132348585126,0.0833559619050255,0.0124635838601738,0.1150159744408945,0.9849204709770708,0.496551724137931,0.8959037955655769,0.1867704280155641,stabilized_ipw_complete_case
MEC examination sample,core MEC target sample,model0_core,Model 0 core clinical,elastic_net,2009-2010,5860,617,combined_mec_weight_x_stabilized_uacr_ipw,0.5,fixed_0.50,0.844819991105855,0.3487733206799684,0.8399081773305213,0.3855673396597194,0.0623791881842171,0.21712303357624,0.0773424433955854,0.2592809658955994,-0.1533965662393906,0.9545614237444602,0.9446934912134438,0.0811503304101516,0.085901227398016,-0.0620786486537028,0.1669367909238249,0.9822620637039864,0.5255102040816326,0.9092514124293786,0.2533825338253382,stabilized_ipw_complete_case
MEC examination sample,core MEC target sample,model0_core,Model 0 core clinical,elastic_net,2011-2012,5143,515,combined_mec_weight_x_stabilized_uacr_ipw,0.5,fixed_0.50,0.8358999281446127,0.3585450207618869,0.8272633442699986,0.3497784316084683,0.0642432903018462,0.2259119723756967,0.0764396243263979,0.2591166648785143,-0.0849204547227777,0.942271190235668,1.0119647947583528,0.0848010786111548,0.0837984473870995,0.0129887164729853,0.1300970873786407,0.98552290406223,0.5,0.9105609902176084,0.2064714946070878,stabilized_ipw_complete_case
MEC examination sample,core MEC target sample,model0_core,Model 0 core clinical,elastic_net,2013-2014,5403,543,combined_mec_weight_x_stabilized_uacr_ipw,0.5,fixed_0.50,0.8433472173122499,0.3629938536929357,0.8349127314341148,0.3806831224798425,0.0652358319248224,0.2258278053928473,0.0748413222555724,0.2536970110200021,-0.0542257737918802,0.9881433143930732,0.9745638644265696,0.0862652742378187,0.088516799551743,-0.0282323582468397,0.1215469613259668,0.9880658436213992,0.532258064516129,0.9096419776472816,0.1979010494752623,stabilized_ipw_complete_case
MEC examination sample,core MEC target sample,model0_core,Model 0 core clinical,elastic_net,2015-2016,5279,570,combined_mec_weight_x_stabilized_uacr_ipw,0.5,fixed_0.50,0.8632472221359218,0.3579118208886938,0.8427810873541892,0.3729427893133666,0.0644418491158426,0.2183427508562603,0.0793826742899715,0.2627347773696224,0.0606172749508691,1.0734995852193194,0.9574588400236672,0.0861160739590193,0.0899423247864009,-0.0476681367243725,0.1298245614035087,0.9872584412826504,0.5522388059701493,0.9035957240038872,0.2102272727272727,stabilized_ipw_complete_case
MEC examination sample,core MEC target sample,model0_core,Model 0 core clinical,elastic_net,2017-2018,5073,613,combined_mec_weight_x_stabilized_uacr_ipw,0.5,fixed_0.50,0.8492537379734151,0.3667186304819003,0.824211223198414,0.3797100643074748,0.0711319911462573,0.2394194350354858,0.0890148891362026,0.2922069079745649,0.0056567003482903,0.9915779696324484,1.014294415877692,0.0951700392307639,0.0938288111824131,0.0156744149195753,0.1500815660685155,0.980269058295964,0.5111111111111111,0.8935213570406704,0.23203026481715,stabilized_ipw_complete_case
MEC examination sample,core MEC target sample,model0_core,Model 0 core clinical,xgboost,2005-2006,4305,495,combined_mec_weight_x_stabilized_uacr_ipw,0.5,fixed_0.50,0.8499543504047257,0.4051092526015947,0.842734961160158,0.4273833706638311,0.0649205533124502,0.2251621213805679,0.0819953009486198,0.2723555224499503,0.3494446670899409,1.0904908896201082,1.1469857243739765,0.0879688635233573,0.0766956917195901,0.1494221365927197,0.107070707070707,0.9921259842519684,0.6385542168674698,0.8953102794883941,0.1833910034602076,stabilized_ipw_complete_case
MEC examination sample,core MEC target sample,model0_core,Model 0 core clinical,xgboost,2007-2008,5467,626,combined_mec_weight_x_stabilized_uacr_ipw,0.5,fixed_0.50,0.8583630263662233,0.3894724854108874,0.8322046840320927,0.3898801896339443,0.0622546334335485,0.215291758204446,0.0836438536643982,0.2771425304495628,0.1944746930731398,1.0902698380269609,1.0281997092931832,0.0843132348585126,0.0820008351456082,0.0303315520407672,0.0990415335463258,0.9898781243544722,0.5585585585585585,0.8946975354742345,0.1682496607869742,stabilized_ipw_complete_case
MEC examination sample,core MEC target sample,model0_core,Model 0 core clinical,xgboost,2009-2010,5860,617,combined_mec_weight_x_stabilized_uacr_ipw,0.5,fixed_0.50,0.8488121178467326,0.3496721694015693,0.8420392892460458,0.3829977912947737,0.0617991284962906,0.2150802605014185,0.0769267454743385,0.2579392178370342,-0.0424775055772173,1.0087780824184354,0.957700650906591,0.0811503304101516,0.0847345465760434,-0.0471284151166435,0.1247974068071312,0.9877932481403776,0.5460992907801419,0.905577898233957,0.2031662269129287,stabilized_ipw_complete_case
MEC examination sample,core MEC target sample,model0_core,Model 0 core clinical,xgboost,2011-2012,5143,515,combined_mec_weight_x_stabilized_uacr_ipw,0.5,fixed_0.50,0.8381976234949293,0.3460048964050994,0.8300626830353023,0.3473439399708486,0.0645907737925663,0.2258967903352118,0.0760959610342979,0.2575877268657776,-0.0755761667352002,0.9285217260273416,1.0385813918047937,0.0848010786111548,0.0816508742408641,0.0412919231861725,0.1145631067961165,0.9870354364736388,0.4957983193277311,0.9092356687898088,0.1861198738170347,stabilized_ipw_complete_case
MEC examination sample,core MEC target sample,model0_core,Model 0 core clinical,xgboost,2013-2014,5403,543,combined_mec_weight_x_stabilized_uacr_ipw,0.5,fixed_0.50,0.8442311413327247,0.371318085542719,0.8363034202608584,0.3808665883170721,0.0650176563960989,0.2252743404050266,0.0745700597763061,0.2529229494074543,-0.1864518960235197,0.9318454563073766,0.9444594319329198,0.0862652742378187,0.0913382526777981,-0.0627099300241913,0.151012891344383,0.9876543209876544,0.5774647887323944,0.9123740733700816,0.2394160583941605,stabilized_ipw_complete_case
MEC examination sample,core MEC target sample,model0_core,Model 0 core clinical,xgboost,2015-2016,5279,570,combined_mec_weight_x_stabilized_uacr_ipw,0.5,fixed_0.50,0.8677010664787347,0.3742374700173954,0.8466527329153206,0.3936311001087767,0.0634145000199038,0.2158241027303047,0.078062430024147,0.2596003132994015,0.05483486591937,1.0823478375056763,0.9450673307789016,0.0861160739590193,0.0911216282209698,-0.0619913915344101,0.1385964912280701,0.984922488851136,0.5266666666666666,0.9042698381750828,0.2194444444444444,stabilized_ipw_complete_case
MEC examination sample,core MEC target sample,model0_core,Model 0 core clinical,xgboost,2017-2018,5073,613,combined_mec_weight_x_stabilized_uacr_ipw,0.5,fixed_0.50,0.8491290319089161,0.3641223084231084,0.8218783604854462,0.3665858748853325,0.0708442995974081,0.2392607540236139,0.0893777906894683,0.2934422510407823,-0.0028194489434666,1.0004247945733742,0.997436104055728,0.0951700392307639,0.0954146725226688,-0.0028375887371936,0.130505709624796,0.9809417040358744,0.4848484848484848,0.8914017929910351,0.2056555269922878,stabilized_ipw_complete_case
MEC examination sample,renal comparison sample,model1_renal,Model 1 renal,elastic_net,2005-2006,4305,495,combined_mec_weight_x_stabilized_uacr_ipw,0.5,fixed_0.50,0.8512655407794797,0.3954796696235795,0.8450860309128025,0.4183499615210663,0.0638711437331469,0.2227926791023767,0.0809062271489697,0.2703170791169549,0.0929444450639667,1.0108111637957633,1.0553481661258568,0.0879688635233573,0.0833553005036126,0.0589165349246814,0.1939393939393939,0.9803149606299212,0.5614035087719298,0.9034833091436864,0.2882882882882883,stabilized_ipw_complete_case
MEC examination sample,renal comparison sample,model1_renal,Model 1 renal,elastic_net,2007-2008,5467,626,combined_mec_weight_x_stabilized_uacr_ipw,0.5,fixed_0.50,0.8525568336978863,0.3957173400129061,0.8303871417795151,0.3997300470688975,0.0619019794004137,0.2161541235649587,0.0832410854391711,0.2778600957166162,0.0486270967982415,1.0171446730243938,1.0137754756708857,0.0843132348585126,0.0831675621297869,0.014931836478814,0.1549520766773162,0.9826482131790952,0.5359116022099447,0.8999243284146803,0.2403965303593556,stabilized_ipw_complete_case
MEC examination sample,renal comparison sample,model1_renal,Model 1 renal,elastic_net,2009-2010,5860,617,combined_mec_weight_x_stabilized_uacr_ipw,0.5,fixed_0.50,0.8484202647273457,0.3507480636552095,0.8449775281142009,0.3944625844736711,0.0621089177489851,0.2158149690578662,0.0766404671520913,0.256903543829232,-0.1609176642584616,0.937507041948222,0.9619370088576736,0.0811503304101516,0.0843613767459887,-0.0423070676346961,0.1782820097244732,0.979019645241274,0.5,0.9101063829787234,0.2628434886499402,stabilized_ipw_complete_case
MEC examination sample,renal comparison sample,model1_renal,Model 1 renal,elastic_net,2011-2012,5143,515,combined_mec_weight_x_stabilized_uacr_ipw,0.5,fixed_0.50,0.842093240131445,0.3857747493848831,0.835846388802645,0.3773777581977521,0.062953000352066,0.2219701012477933,0.0749160080253811,0.254225033915156,-0.0579399015667028,0.9522274798318572,1.0193032517789062,0.0848010786111548,0.0831951418414083,0.0208725103076332,0.1766990291262136,0.9818496110630942,0.52,0.9146537842190016,0.263768115942029,stabilized_ipw_complete_case
MEC examination sample,renal comparison sample,model1_renal,Model 1 renal,elastic_net,2013-2014,5403,543,combined_mec_weight_x_stabilized_uacr_ipw,0.5,fixed_0.50,0.8509244102267703,0.3814675981928634,0.8457695776398456,0.4007495058461741,0.0638767556681998,0.2214297425772393,0.0730250345349848,0.2475021065453269,-0.0431621340394399,1.010956430336532,0.9560468099394418,0.0862652742378187,0.0902312243929593,-0.0492982232054339,0.1767955801104972,0.9851851851851852,0.5714285714285714,0.9146131805157592,0.270042194092827,stabilized_ipw_complete_case
MEC examination sample,renal comparison sample,model1_renal,Model 1 renal,elastic_net,2015-2016,5279,570,combined_mec_weight_x_stabilized_uacr_ipw,0.5,fixed_0.50,0.8685279982643753,0.3713499467869056,0.8519512840287169,0.392389152717533,0.063710144252195,0.2158577886127508,0.0778787617408013,0.2579922514981384,0.0509120512561911,1.0566145942653256,0.9696278819132834,0.0861160739590193,0.0888135289479237,-0.0337989111665919,0.156140350877193,0.9823741771076662,0.5174418604651163,0.905815547288036,0.2398921832884097,stabilized_ipw_complete_case
MEC examination sample,renal comparison sample,model1_renal,Model 1 renal,elastic_net,2017-2018,5073,613,combined_mec_weight_x_stabilized_uacr_ipw,0.5,fixed_0.50,0.8510336169356771,0.3783798769362359,0.830811125172825,0.3982206707802909,0.070943407916423,0.2387650260408496,0.0878515351795445,0.2885505398285512,0.004128618522296,0.9785927671719872,1.029196999941545,0.0951700392307639,0.0924701871810444,0.0317582662757343,0.1892332789559543,0.9771300448430492,0.5321100917431193,0.8976313079299691,0.2791817087845968,stabilized_ipw_complete_case
MEC examination sample,renal comparison sample,model1_renal,Model 1 renal,xgboost,2005-2006,4305,495,combined_mec_weight_x_stabilized_uacr_ipw,0.5,fixed_0.50,0.8547782407398354,0.4220218122520786,0.8494477584241366,0.4477104752105341,0.0634461543915197,0.2211119259991296,0.0798409208655357,0.2666624493753658,0.156162563631196,1.0105032020611846,1.105866737912302,0.0879688635233573,0.0795474359681243,0.109820741859349,0.1818181818181818,0.9847769028871391,0.6081081081081081,0.9025739716141448,0.2799377916018662,stabilized_ipw_complete_case
MEC examination sample,renal comparison sample,model1_renal,Model 1 renal,xgboost,2007-2008,5467,626,combined_mec_weight_x_stabilized_uacr_ipw,0.5,fixed_0.50,0.8598059848172263,0.4136357892038258,0.8369930565134207,0.4146597919229366,0.0611321305495191,0.2130101246229166,0.0820285230875015,0.2733378409089391,0.1976102981087138,1.0917963452109316,1.027938576052835,0.0843132348585126,0.0820216662967019,0.030054856297883,0.1309904153354632,0.9882255732286718,0.5899280575539568,0.8978978978978979,0.2143790849673202,stabilized_ipw_complete_case
MEC examination sample,renal comparison sample,model1_renal,Model 1 renal,xgboost,2009-2010,5860,617,combined_mec_weight_x_stabilized_uacr_ipw,0.5,fixed_0.50,0.8518003498761161,0.3473507898307344,0.8457509603759709,0.3881940478647441,0.0618177847113872,0.2144284266677322,0.076554074883461,0.2563056762848926,-0.0489111402790588,0.9907433792739292,0.9759683984191588,0.0811503304101516,0.0831485225767517,-0.0265021069065047,0.1507293354943274,0.984741560175472,0.5375722543352601,0.9078600316511342,0.2354430379746835,stabilized_ipw_complete_case
MEC examination sample,renal comparison sample,model1_renal,Model 1 renal,xgboost,2011-2012,5143,515,combined_mec_weight_x_stabilized_uacr_ipw,0.5,fixed_0.50,0.8434020011552386,0.3701056826841838,0.8378653363653908,0.3682894016358068,0.063719153069036,0.2227216134085294,0.0750196725130081,0.2536123950572161,-0.0563330757451588,0.9456273215652192,1.0298078239820196,0.0848010786111548,0.082346508383719,0.0320506233544137,0.1631067961165048,0.9803370786516854,0.48,0.913244766505636,0.2434782608695652,stabilized_ipw_complete_case
MEC examination sample,renal comparison sample,model1_renal,Model 1 renal,xgboost,2013-2014,5403,543,combined_mec_weight_x_stabilized_uacr_ipw,0.5,fixed_0.50,0.849341008307307,0.3751869644343385,0.8443641103759787,0.3909137989226112,0.0642565041042046,0.2225277234062872,0.0732860416173935,0.2484036433955879,-0.1799916115386213,0.9512527462722262,0.9277137519570536,0.0862652742378187,0.0929869521237971,-0.082415509890815,0.1988950276243093,0.983127572016461,0.5684210526315789,0.9165547669288318,0.2946793997271487,stabilized_ipw_complete_case
MEC examination sample,renal comparison sample,model1_renal,Model 1 renal,xgboost,2015-2016,5279,570,combined_mec_weight_x_stabilized_uacr_ipw,0.5,fixed_0.50,0.8710403321946489,0.3870515879119583,0.8542972955855344,0.4133561846104741,0.0627439976990491,0.2138783181446764,0.0764896348118782,0.2550078315274436,0.0596239166663977,1.0799175755111745,0.9508402755505144,0.0861160739590193,0.0905683911098109,-0.0552929538105573,0.1771929824561403,0.983860692291357,0.5706214689265536,0.9080752646021168,0.2704149933065596,stabilized_ipw_complete_case
MEC examination sample,renal comparison sample,model1_renal,Model 1 renal,xgboost,2017-2018,5073,613,combined_mec_weight_x_stabilized_uacr_ipw,0.5,fixed_0.50,0.8503567847133294,0.3702999791412644,0.8288879216380516,0.3879006315991715,0.0707762330667878,0.2389152204093382,0.0881394818425178,0.2891942922732121,0.0216235717947865,0.997244934536844,1.0192669081371326,0.0951700392307639,0.0933710674515097,0.0210698652316141,0.1566068515497553,0.9786995515695068,0.5026178010471204,0.8941007783695207,0.2388059701492537,stabilized_ipw_complete_case
